7188	Brood Lord	Venomancer	Stalking	707668	SpendCircle
7204	Black Widow	Venomancer	Stalking	805933	SpendCircle
33166	Radiance	Monk	Zealot	706318	SpendCircle
7252	Spindlebind	Venomancer	Class	800887	SpendSquare
33934	Forbidden Resilience	Cultist	Heretic	300287	SpendCircle
7332	Savage Frenzy	Primalist	Primal	806549	SpendSquare
7348	Raise: Decaying Colossus	Necromancer	Class	500989	SpendSquare
7364	Bloodied Blade	KnightOfXoroth	Class	800997	SpendCircle
34446	Valorous Strikes	Guardian	Vanguard	524932	SpendCircle
29576	Empowering Pheromones	Venomancer	Class	705996	SpendCircle
7428	Throatpunch	Ranger	Brigand	500617	SpendSquare
34958	Thunder Ward	Stormbringer	Maelstrom	800098	SpendSquare
7460	One Shot	WitchHunter	Boltslinger	680331	SpendCircle
29896	Starburst	Starcaller	Moon Guard	801996	SpendSquare
7492	Blessed by the Earth	Primalist	Mountain King	300695	SpendCircle
7508	Mountain Thane	Primalist	Mountain King	680404,681479	SpendCircle
7524	Primal Guardian	Primalist	Mountain King	300728	SpendCircle
10983	Touch of the Void	Cultist	Godblade	680508	SpendCircle
7556	Teachings of Mythrax	Cultist	Godblade	561035	SpendCircle
30280	Unearthed Pools	Chronomancer	Class	574309	SpendCircle
7588	Strategist	WitchHunter	Class	681156	SpendCircle
30408	High Voltage	Stormbringer	Lightning	570191	SpendCircle
30472	Withered	Venomancer	Stalking	706038	SpendCircle
11175	Excruciating Discord	Chronomancer	Infinite	582356	SpendCircle
30600	Animate: Frost Wyrm	Necromancer	Class	805428	SpendSquare
7668	Lingering Essence	SonOfArugal	Fleshweaver	680695	SpendCircle
7684	Celestial Surge	Starcaller	Warden	680773	SpendCircle
7700	Moontouched Weapons	Starcaller	Warden	680777	SpendCircle
30856	Flux Emitter	Chronomancer	Artificer	804435	SpendSquare
7732	The Antidote	Venomancer	Vizier	681315	SpendCircle
7748	Enchanted Well	Starcaller	Class	680820	SpendCircle
31048	Reclaimed Life	Necromancer	Class	707670	SpendCircle
31112	Blazewrought Titan	Tinker	Mechanics	681001	SpendCircle
7796	Primal Convergence	Primalist	Class	800181	SpendSquare
33807	Lunar Revelation	Starcaller	Moon Priest	681521	SpendCircle
31304	Moonlit Impaler	Starcaller	Warden	561222,706235	SpendCircle
7844	Focus	Primalist	Class	680936,681477	SpendCircle
11623	Unholy Erosion	Necromancer	Death	807700	SpendCircle
34319	Barbed Spear	Barbarian	Headhunting	560881	SpendSquare
34447	King's Guard	Guardian	Vanguard	803134	SpendCircle
7908	No Mercy	Ranger	Class	520581	SpendCircle
7940	Twisted Seal	Cultist	Class	525065	SpendSquare
8004	Eye of Elune	Starcaller	Sentinel	704783	SpendCircle
19979	Sands of Life	Chronomancer	Time	560383,560283	SpendCircle
8100	Arch Lich	Necromancer	Rime	707588	SpendCircle
12263	Hunt	WitchHunter	Inquisition	802006	SpendSquare
12295	Light's Ward	Monk	Oathkeeper	300529	SpendCircle
33680	Appetite for Blood	SonOfArugal	Eternal	560479	SpendCircle
33808	Rampaging Waters	Starcaller	Moon Priest	560956	SpendCircle
33936	Depths of Madness	Cultist	Corruption	706911	SpendCircle
34064	Boiling Blood	KnightOfXoroth	Class	300395	SpendCircle
34192	Windrunner's Reach	Ranger	Farstrider	573043,573069	SpendCircle
34320	Ogre's Endurance	Barbarian	Class	705206	SpendCircle
34448	Knight's Conviction	Guardian	Vanguard	705369,707815	SpendCircle
29577	Noxious Empowerment	Venomancer	Stalking	804964	SpendSquare
29641	Starlit Finesse	Starcaller	Moon Guard	574350	SpendCircle
34960	Hydro Powered	Stormbringer	Maelstrom	300616	SpendCircle
29833	Forked Lightning	Stormbringer	Lightning	801851	SpendSquare
29961	Invoke	Pyromancer	Draconic	573283	SpendCircle
4437	Frigidness	Necromancer	Rime	704669	SpendCircle
30153	Solar Invocation: Revelation	SunCleric	Class	503651	SpendSquare
4533	Voodoo Power	WitchDoctor	Voodoo	706482	SpendCircle
30473	Death Spray	Venomancer	Stalking	706271	SpendCircle
30601	Flames of Focus	Pyromancer	Incineration	680977	SpendCircle
30665	Starsweep	Starcaller	Moon Guard	805550	SpendSquare
30793	Venomtip Poison	Venomancer	Fortitude	803195	SpendSquare
30857	Hands of Time	Chronomancer	Artificer	524856	SpendCircle
31113	Rocket Boots	Tinker	Class	500241	SpendSquare
33681	Packleader	SonOfArugal	Eternal	504290	SpendCircle
33937	Servant of C'Thun	Cultist	Corruption	300296	SpendCircle
31369	Harvesting Grounds	Reaper	Harvest	705413	SpendSquare
34321	Payback	Barbarian	Headhunting	705232	SpendCircle
9672	Decimation	Reaper	Domination	704193	SpendCircle
2427	Battle Engineer	Tinker	Mechanics	806629	SpendCircle
9832	Hellfire Carver	DemonHunter	Tyrant	707444	SpendCircle
9896	Day Cycles	SunCleric	Piety	300361	SpendCircle
19980	Correct the Mistake	Chronomancer	Time	572352	SpendSquare
5045	Outmaneuver	Ranger	Brigand	557325	SpendSquare
33682	Eternal Hunt	SonOfArugal	Eternal	804201	SpendCircle
33810	Star-Charged	Starcaller	Class	500608	SpendCircle
29258	Molten Fervor	Primalist	Geomancy	680476	SpendCircle
29322	Outrage	Barbarian	Class	801759	SpendSquare
29514	Storm of Steel	Barbarian	Brutality	800637	SpendSquare
5349	Built Different	Guardian	Gladiator	300545	SpendCircle
29642	Infused Aegis	Starcaller	Class	704777	SpendSquare
29706	Martyr	Monk	Class	300530	SpendCircle
29834	Amped Flow	Stormbringer	Maelstrom	806411	SpendCircle
29962	Draconic Aspect	Pyromancer	Draconic	92128	SpendSquare
30026	Hoarfrost	Runemaster	Riftblade	801104	SpendSquare
30154	Nysoni's Blessing	SunCleric	Class	520639	SpendCircle
30282	Magic Sensitivity	Chronomancer	Artificer	520171	SpendCircle
30346	Ancient Power	Primalist	Life	300740,301354	SpendCircle
30410	Skyfall	Stormbringer	Wind	804830	SpendSquare
11176	Pure Chaos	Chronomancer	Infinite	807569	SpendCircle
30602	Burning Crescendo	Pyromancer	Flameweaving	805378	SpendCircle
30666	Offering of Executus	Pyromancer	Flameweaving	806779	SpendCircle
30794	Glory To Shadra!	Venomancer	Stalking	706033	SpendCircle
11336	Aerial Assault	Ranger	Farstrider	705068	SpendCircle
30922	Bronze Timeways	Chronomancer	Time	807309	SpendCircle
33683	Thick Pelt	SonOfArugal	Eternal	704626	SpendCircle
11528	Bloodsores	SonOfArugal	Sanguine	805591	SpendCircle
5781	Lich Commander	Necromancer	Class	704713	SpendCircle
31370	Crimson Wraith	Reaper	Harvest	504560,504880	SpendCircle
34195	Falcon's Aid	Ranger	Farstrider	705075	SpendCircle
5861	Infinite Keeper	Chronomancer	Infinite	806312	SpendCircle
34963	Crimson Curse	SonOfArugal	Class	706656	SpendCircle
11880	Rapid Incantations	Cultist	Class	301181	SpendCircle
5989	Mana Capacitors	Tinker	Invention	506818,506825	SpendCircle
6021	Ingredient: Bloodthistle	WitchDoctor	Brewing	801664	SpendSquare
6053	Voodoo Unleashed	WitchDoctor	Voodoo	705901	SpendCircle
6069	Residual Energy	WitchDoctor	Shadowhunting	706543	SpendCircle
6101	Reinforced Exoskeleton	Venomancer	Fortitude	706002,707873	SpendCircle
6117	Genesis	Venomancer	Class	705962	SpendCircle
12264	Potent Mixes	WitchDoctor	Class	503748	SpendCircle
6149	Torn to Shreds	Primalist	Primal	500294	SpendCircle
12360	Untamed	Primalist	Class	681478	SpendCircle
6213	Expediting Time	Chronomancer	Class	706055	SpendCircle
33684	Coated In Darkness	SonOfArugal	Eternal	704625	SpendCircle
29195	Atherann's Wickedness	SonOfArugal	Sanguine	704642,707865	SpendCircle
29259	Glory	Monk	Class	801481	SpendSquare
29323	Solar Eclipse	SunCleric	Seraphim	704929	SpendCircle
34196	Razorquills	Ranger	Farstrider	705072	SpendCircle
6341	Lethality	Venomancer	Stalking	503852	SpendCircle
29515	Seraphic Bulwark	SunCleric	Seraphim	560095	SpendSquare
34580	Runic Affinity	Runemaster	Class	705621	SpendCircle
6389	Ley Walker	Runemaster	Arcane	500250	SpendCircle
29707	Mark of Aggramar	Monk	Class	804928	SpendCircle
34964	Predator	SonOfArugal	Class	300590	SpendCircle
6437	Falcon Guide	Ranger	Farstrider	520586	SpendCircle
6469	Conductor In Charge	Stormbringer	Maelstrom	300961	SpendCircle
6485	Sigilist	Runemaster	Class	705586	SpendCircle
6501	Sageweaving	Pyromancer	Flameweaving	503915	SpendCircle
6565	Valkyrie's Watch	SunCleric	Class	805816	SpendCircle
6613	Dark Penance	WitchHunter	Black Knight	805533,807907	SpendCircle
6629	Dark Mending	SonOfArugal	Class	561278	SpendCircle
6645	Mixologist	WitchDoctor	Brewing	561069	SpendCircle
6661	Touched by Fire	Pyromancer	Flameweaving	704848,704853	SpendCircle
30795	Solar Concord	SunCleric	Piety	301266	SpendSquare
30859	Pulse Driver	Chronomancer	Artificer	706121	SpendCircle
6709	Chasing Death	Reaper	Soul	707455	SpendCircle
6741	Sustaining Swings	Barbarian	Brutality	520539	SpendCircle
9417	Three Sevens	WitchHunter	Class	300572	SpendCircle
31179	Ravage	Ranger	Brigand	803851	SpendSquare
13576	Axe Twirling	Barbarian	Headhunting	800401	SpendSquare
31371	Slaughter	Reaper	Harvest	500373	SpendSquare
6837	Trial of Valor	SunCleric	Valkyrie	805581	SpendCircle
34325	Headhunting	Barbarian	Headhunting	500060	SpendCircle
9641	Fulmination	Stormbringer	Lightning	707055,707792	SpendCircle
6885	Hulking Hordes	Necromancer	Class	300748,301326	SpendCircle
6901	Refreshing Chill	Necromancer	Rime	300940	SpendCircle
34965	Saturating Sutures	SonOfArugal	Class	504098	SpendCircle
6949	Ashen Priest	Pyromancer	Flameweaving	707432	SpendCircle
6965	Touch of Death	Necromancer	Death	707113	SpendCircle
9897	Shadra's Gift	Venomancer	Venom	570336	SpendCircle
7013	Junkyard Loiter	Tinker	Mechanics	706680	SpendCircle
7029	Magic Elimination	Stormbringer	Class	705668	SpendCircle
7045	Flames of Fate	Pyromancer	Draconic	707325	SpendCircle
7061	Shadow Order	WitchHunter	Black Knight	680503,681486	SpendCircle
7077	Escape Artist	WitchHunter	Boltslinger	705490	SpendCircle
7093	Renegade	WitchHunter	Class	524812	SpendCircle
7109	Fury of the Wild	Primalist	Primal	801234	SpendCircle
7141	Summoning Ritual	Necromancer	Animation	805038	SpendSquare
7157	Hexfire	WitchDoctor	Voodoo	807042	SpendSquare
7189	Venomous Bite	Venomancer	Stalking	630900	SpendCircle
7221	Mycelial Ring	Venomancer	Venom	805238	SpendSquare
7237	Chitinous Spikes	Venomancer	Class	504406	SpendCircle
7285	Infected Blood	SonOfArugal	Class	805035	SpendCircle
33814	Lunar Swiftness	Starcaller	Moon Priest	503779	SpendCircle
33942	Terror	Cultist	Corruption	300304	SpendCircle
7333	Ancient of Lore	Primalist	Life	805105	SpendSquare
29452	Enchanted Stream	Starcaller	Moon Priest	504003	SpendCircle
29580	Nerubian Sting	Venomancer	Stalking	800882	SpendSquare
29644	Fan of Knives	Starcaller	Warden	680703	SpendSquare
7429	Viper's Bite	Ranger	Brigand	803104	SpendSquare
29772	Champion of Kel'thuzad	Necromancer	Rime	704676	SpendCircle
7461	Bane of Witches	WitchHunter	Boltslinger	500055	SpendCircle
29964	Agonizing Burns	Pyromancer	Draconic	803452	SpendCircle
7525	Legacy of the Bronzebeards	Primalist	Mountain King	680424	SpendCircle
7557	Who Needs Sanity?	Cultist	Godblade	681106	SpendCircle
7589	Undying	WitchHunter	Black Knight	680504	SpendCircle
7605	Lightbringer	WitchHunter	Inquisition	680538	SpendCircle
11145	Lifebringer's Blessing	Pyromancer	Draconic	707479	SpendCircle
11177	Spirit Hunting	WitchDoctor	Shadowhunting	707504	SpendCircle
7653	Together In Conquest	SunCleric	Seraphim	681253	SpendCircle
7669	Arterial Bind	SonOfArugal	Fleshweaver	681077	SpendSquare
3843	Ysera's Blessing	Pyromancer	Class	704820	SpendCircle
7701	Dance In The Starlight	Starcaller	Moon Guard	503637	SpendCircle
7717	Chosen of the Moon	Starcaller	Moon Guard	680755	SpendSquare
30924	Highlander	Ranger	Farstrider	707534	SpendCircle
7749	Avatar of Vengeance	Starcaller	Warden	680822	SpendSquare
7781	Bwonsamdi's Gift	WitchDoctor	Shadowhunting	707650	SpendCircle
7797	Terrasurge	Primalist	Geomancy	681119	SpendSquare
33815	Elune's Grace	Starcaller	Moon Priest	504001	SpendCircle
31308	Scars of Suffering	DemonHunter	Slayer	570158	SpendCircle
34071	Dismemberment	KnightOfXoroth	Class	705018	SpendCircle
34199	Dragonhawk Tamer	Ranger	Farstrider	573056	SpendCircle
34455	Mace Training	Guardian	Gladiator	705336,707819,712475	SpendCircle
34583	Follow The Edict	WitchHunter	Class	503698	SpendCircle
7925	Destroyer's Maw	Pyromancer	Draconic	802107	SpendSquare
7941	Twilight Domination	Cultist	Godblade	520405	SpendCircle
8005	Lethal Pursuit	WitchHunter	Houndmaster	572530	SpendCircle
4011	Houndmaster	WitchHunter	Houndmaster	92093	SpendCircle
4019	Footman's Calling	Guardian	Vanguard	92105	SpendCircle
4027	Eternal Curse	SonOfArugal	Eternal	92114	SpendCircle
4035	Tundra Warriors	Necromancer	Rime	92122	SpendCircle
4043	Moon Guard	Starcaller	Moon Guard	92132	SpendCircle
4051	Build: Mechsuit	Tinker	Mechanics	92141	SpendCircle
4059	Earthshaping	Primalist	Geomancy	92149	SpendCircle
12201	Widowmaker	Venomancer	Stalking	804961	SpendSquare
4134	Bounty Hunter	WitchHunter	Boltslinger	805773	SpendCircle
33688	Liquify	SonOfArugal	Class	806310	SpendSquare
33816	Moonwell Acuity	Starcaller	Moon Priest	680809	SpendCircle
29453	Dark Chants	Cultist	Heretic	712471	SpendCircle
29645	Enchanted Water	Starcaller	Moon Priest	704755,707893	SpendCircle
29773	Glacier Lord	Necromancer	Rime	560852	SpendCircle
29837	Superconductor	Stormbringer	Lightning	705646	SpendCircle
29901	Fiery Judgement	WitchHunter	Inquisition	802140	SpendSquare
4438	Lich Form	Necromancer	Rime	500981	SpendSquare
30477	Wilt	Venomancer	Venom	804982	SpendSquare
30605	Freeze Dry	Necromancer	Rime	704680	SpendCircle
30669	Astral Blade	Starcaller	Warden	805563	SpendSquare
9226	Unphased	DemonHunter	Infernal	803645	SpendCircle
30797	Spears of Glory	SunCleric	Piety	804629	SpendCircle
9290	Divine Fury	Monk	Zealot	504107	SpendCircle
30925	Plumes of War	Ranger	Farstrider	705071	SpendCircle
9418	Enraging Wounds	SonOfArugal	Eternal	300978	SpendCircle
9450	Stand Your Ground!	Guardian	Inspiration	806142	SpendCircle
33817	Flow of Waters	Starcaller	Moon Priest	560539	SpendCircle
31309	Earth's Embrace	Primalist	Geomancy	806143	SpendSquare
31373	Harvest Time	Reaper	Harvest	803995	SpendSquare
34201	Forest Fighter	Ranger	Farstrider	706282	SpendCircle
34329	Skullseeker	Barbarian	Headhunting	560517	SpendCircle
13801	Lo'sho Amplification	Starcaller	Sentinel	500205	SpendCircle
34969	Blood Veil	SonOfArugal	Class	504263	SpendSquare
9802	Branded	Runemaster	Runic	707717	SpendCircle
9834	Cosmic Duality	Starcaller	Class	504628	SpendCircle
4934	Blade of the Depths	Cultist	Heretic	300753	SpendCircle
9930	Wicked Storms	Stormbringer	Lightning	705650	SpendCircle
33690	Darkfallen's Embrace	SonOfArugal	Sanguine	560261,561348	SpendCircle
5254	Dark Magician	Cultist	Corruption	563123	SpendCircle
34074	Ragefist	KnightOfXoroth	Class	300384,301356	SpendCircle
5302	Sublime Extraction	Venomancer	Vizier	681320	SpendCircle
5318	Strong Arm	Barbarian	Headhunting	705176	SpendCircle
29518	Deluge	Stormbringer	Maelstrom	806400	SpendSquare
29582	Deadly Kiss	Venomancer	Stalking	504704	SpendCircle
29646	Arrows In The Night	Starcaller	Sentinel	520481	SpendSquare
29774	Bone Tithe	Necromancer	Class	802121	SpendSquare
5430	Assault	Ranger	Brigand	803108	SpendSquare
29966	Aspect of Eternity	Pyromancer	Draconic	520770	SpendCircle
10922	Overcorrection	Chronomancer	Time	707657	SpendCircle
30158	Speed Rune	Runemaster	Class	801103	SpendSquare
30350	Serrations	Ranger	Archery	705050,707850	SpendCircle
30606	Spore	Venomancer	Venom	804983	SpendSquare
30734	Volcanic Etching	Runemaster	Runic	705615	SpendCircle
30926	Cunning	Ranger	Farstrider	520615,520878	SpendCircle
31118	Death Draught	WitchDoctor	Class	602220	SpendSquare
31182	Ripple	Chronomancer	Time	806296	SpendSquare
5766	Depravity	Necromancer	Animation	638403	SpendCircle
33947	Void Rage	Cultist	Godblade	681102	SpendCircle
34075	Suffusion of Essence	KnightOfXoroth	Class	706566	SpendCircle
34203	Demonic Evasion	DemonHunter	Class	705108	SpendCircle
34587	Trickster	WitchHunter	Class	705526	SpendCircle
11882	Heated	Pyromancer	Class	504754	SpendCircle
11914	Oppressive Ruin	DemonHunter	Infernal	561201	SpendCircle
5974	Frozen Bomb Launcher	Tinker	Class	707265	SpendCircle
5990	Flamethrowing	Tinker	Demolition	707237	SpendCircle
6022	Splash On 'Em	WitchDoctor	Brewing	802219	SpendCircle
6054	Spiritual Traditions	WitchDoctor	Class	705911	SpendCircle
6086	Adrenal Venom	Venomancer	Class	805775	SpendSquare
6102	Shadra's Gift	Venomancer	Fortitude	503812	SpendCircle
6118	Tranquil Essence	Venomancer	Class	504799,505204	SpendCircle
12330	Well of Eternity	Reaper	Domination	706793	SpendCircle
6182	The Vast Infinite	Chronomancer	Time	706083	SpendSquare
6214	Ahead of the Game	Chronomancer	Class	560948	SpendCircle
6230	Keeper of the Grove	Primalist	Life	706137	SpendCircle
6246	Ring of Life	Primalist	Life	804705	SpendCircle
33692	The Cup Runneth Over	SonOfArugal	Sanguine	807544	SpendCircle
6278	Dismay	Cultist	Class	704885	SpendCircle
29263	Empire Commander	Cultist	Class	704887,707781,712470	SpendCircle
1578	Fists of Power	Runemaster	Runic	805796	SpendSquare
6326	Inquisitor's Trap	WitchHunter	Class	681445	SpendSquare
6342	Shadra's Seance	Venomancer	Stalking	300678	SpendCircle
6358	Spiritual	Monk	Class	560833	SpendCircle
6374	Thick Skull	Barbarian	Class	801549	SpendSquare
29647	Way of the Goddess	Starcaller	Class	801976	SpendCircle
29839	Wind Gate	Stormbringer	Wind	504401	SpendSquare
12906	Blood-Cursed Armor	SonOfArugal	Fleshweaver	685028	SpendCircle
12938	Heightened Senses	Ranger	Class	561320	SpendCircle
30031	Melting Runes	Runemaster	Riftblade	803013	SpendCircle
6518	Bringer of Destruction	KnightOfXoroth	War	681449	SpendCircle
30287	Parry Dance	Monk	Oathkeeper	804912	SpendCircle
6566	Crusader's Brand	Monk	Crusader	300513	SpendSquare
30479	Mycosis	Venomancer	Venom	804986	SpendSquare
6614	Pyro Tonic	WitchHunter	Inquisition	802277	SpendSquare
6630	Blood Rush	SonOfArugal	Class	560254	SpendCircle
6646	Serpent's Embrace	Venomancer	Venom	560194,561349	SpendCircle
6662	Nature's Blessing	Primalist	Life	807466	SpendCircle
30863	Virulent Resonance	Venomancer	Stalking	804969	SpendCircle
6710	Dark Soldier	Reaper	Domination	560490,561338	SpendCircle
6726	Dark Passage	Reaper	Class	704558	SpendCircle
6742	Pure Power	Barbarian	Brutality	705173,707761	SpendCircle
6758	Goddess Watch Over	Starcaller	Moon Priest	500582	SpendCircle
31183	Shatter Echo	Chronomancer	Artificer	804503	SpendSquare
6790	War Tales	Barbarian	Class	706352	SpendCircle
33949	Netherborne	Cultist	Godblade	801539	SpendCircle
9547	Timewalking	Chronomancer	Class	572527	SpendCircle
34205	Felwracked	DemonHunter	Class	704374	SpendCircle
13706	Blood Mark	SonOfArugal	Eternal	707624	SpendCircle
34461	Soulfused Constitution	Reaper	Class	561100	SpendCircle
6886	Putrid Summoner	Necromancer	Class	560595	SpendCircle
1734	Magic Etchings	Runemaster	Runic	300582	SpendCircle
6950	Kael's Command	Pyromancer	Flameweaving	800816	SpendSquare
6966	Master Builder	Tinker	Invention	807966	SpendCircle
6982	Saronite Cube	Cultist	Heretic	807307	SpendCircle
6998	Maniacal	Tinker	Class	706375	SpendCircle
7014	Augmechtation	Tinker	Mechanics	503568	SpendCircle
9995	Enhanced Procedures	Tinker	Class	506819	SpendCircle
7078	Twilight Frenzy	WitchHunter	Boltslinger	805751	SpendSquare
1774	Spellblade	Runemaster	Riftblade	705540,707878	SpendCircle
1778	Devastating Flames	Runemaster	Runic	806993	SpendCircle
32655	Full Cycle	Starcaller	Moon Priest	704343	SpendCircle
7174	Pyroclasm	Pyromancer	Incineration	520019	SpendSquare
7190	Contagion	Venomancer	Stalking	503851	SpendSquare
1802	Time Means Nothing	Chronomancer	Infinite	572357	SpendCircle
7222	Lethargy	Venomancer	Venom	573307	SpendCircle
7254	Aspect of the Cosmos	Starcaller	Class	801123	SpendSquare
33822	Lunar Prophecy	Starcaller	Moon Priest	704764	SpendCircle
7318	Fang Over Fang	SonOfArugal	Accursed	504116	SpendCircle
29328	Knuckleduster	Ranger	Brigand	806957	SpendCircle
7350	Corpse Wagon	Necromancer	Animation	503738	SpendCircle
34334	Combat Training	Monk	Zealot	706320	SpendCircle
29520	Game of Bones	Necromancer	Class	301198	SpendCircle
29584	Rotpriest	Venomancer	Venom	706209	SpendCircle
7414	Unleash the Hounds	WitchHunter	Houndmaster	807918	SpendSquare
7430	Anguish	WitchHunter	Houndmaster	504742	SpendCircle
34974	Grim Omen	SonOfArugal	Eternal	800154	SpendCircle
7478	Veins of Fire	Pyromancer	Flameweaving	706859	SpendCircle
29968	Illidari Magi	DemonHunter	Infernal	560639	SpendCircle
7510	Thane's Guidance	Primalist	Mountain King	680410	SpendCircle
30096	Sunstrider Array	Pyromancer	Flameweaving	804230	SpendSquare
30224	Eternal Presence	SonOfArugal	Eternal	560001	SpendCircle
7574	Shadow Brand	WitchHunter	Black Knight	680516	SpendCircle
7590	Calm Under Pressure	WitchHunter	Black Knight	705519	SpendCircle
7606	Eldritch Bastion	Cultist	Dreadnought	560091,561336	SpendCircle
1906	Guise	Ranger	Class	520753	SpendSquare
7638	Odyn's Vanguard	SunCleric	Valkyrie	806699	SpendCircle
30608	Divine Charge	Monk	Crusader	527023	SpendSquare
7670	Blood Craving	SonOfArugal	Sanguine	800780	SpendSquare
7686	Fury of the Stars	Starcaller	Warden	704603,704605	SpendCircle
7702	Blade of the Moon	Starcaller	Moon Guard	802680	SpendCircle
30864	Crimson Feast	SonOfArugal	Accursed	804602	SpendCircle
7734	Lifemender	Venomancer	Vizier	706477	SpendCircle
7750	Sanguine Essence	SonOfArugal	Fleshweaver	505188	SpendSquare
11435	Tempest's Call	Stormbringer	Wind	560567	SpendSquare
31120	Timemage	Chronomancer	Artificer	806753	SpendCircle
33695	Blood Lord	SonOfArugal	Sanguine	704636,707866	SpendCircle
7814	Sanctify	Monk	Class	705274	SpendCircle
31312	Serendipity	Monk	Crusader	300929	SpendCircle
7846	Rally Behind Me!	Barbarian	Ancestry	712429	SpendCircle
11627	Cursed Ground	SonOfArugal	Sanguine	561195	SpendCircle
34335	Blessing of Eonar	Monk	Zealot	705290	SpendCircle
7894	Abyssal Covenant	Cultist	Heretic	500751	SpendSquare
7910	Radiance	SunCleric	Class	800054	SpendSquare
7926	Soul of the Dragon	Pyromancer	Draconic	704816	SpendCircle
8006	Wild Carnage	Primalist	Primal	503717	SpendCircle
4135	Contract Killing	WitchHunter	Boltslinger	705506	SpendCircle
29137	Kiss of the Clouds	Stormbringer	Wind	500039	SpendSquare
29201	Function Over Form	Tinker	Class	572538	SpendCircle
29265	Void Shield	Cultist	Class	500715	SpendSquare
29329	Warden of Hellfire	KnightOfXoroth	Defiance	704986	SpendCircle
4295	Weaver Form	Venomancer	Venom	706940	SpendSquare
34464	Lamenting	Reaper	Soul	705397	SpendCircle
34592	Night Walker	WitchHunter	Class	789256	SpendCircle
29649	Starshatter	Starcaller	Class	801135	SpendSquare
34976	Piercing Icicles	Necromancer	Rime	524687	SpendCircle
4423	Sen'jin's Apprentice	WitchDoctor	Shadowhunting	681199	SpendCircle
30033	Runic Power	Runemaster	Riftblade	300944	SpendCircle
30097	Song of Battle	Guardian	Inspiration	803956	SpendSquare
30481	Serpent Lord's Ring	Venomancer	Venom	503923	SpendSquare
30545	Doomer	Reaper	Harvest	704556	SpendCircle
4615	Blood and Ice	Necromancer	Rime	561164	SpendCircle
4631	Survivalist	Ranger	Farstrider	707418	SpendCircle
4647	Holy Giant	SunCleric	Valkyrie	681337	SpendCircle
9324	Black Widow	Venomancer	Stalking	504322	SpendCircle
31185	Ice Barrage	Necromancer	Rime	801760	SpendSquare
33825	Moonlight Ripple	Starcaller	Class	503583	SpendCircle
31313	Finesse	Monk	Class	705271,707851	SpendCircle
9580	Dawn Knight	WitchHunter	Black Knight	680497	SpendCircle
34337	Tenacious Defender	Monk	Class	707385	SpendCircle
34465	Death Dealer	Reaper	Soul	705401	SpendCircle
34593	Purified Bola	WitchHunter	Class	707230	SpendCircle
2428	Turbo Upgrade!	Tinker	Mechanics	707115	SpendCircle
4871	Concussive Spanner	Tinker	Class	704107	SpendCircle
34977	Improved Mandates	Necromancer	Class	560613	SpendCircle
9964	Burning Passion	Pyromancer	Flameweaving	504733	SpendCircle
29138	Body of Lightning	Stormbringer	Class	500041	SpendSquare
29266	Sunderer of Realities	Cultist	Corruption	301068	SpendCircle
5303	Voodoo Hunger	WitchDoctor	Shadowhunting	705942	SpendCircle
34338	Martial Paladin	Monk	Zealot	705250,705251	SpendCircle
34466	Mark of Death	Reaper	Soul	560917	SpendCircle
5351	Scarlet Secrets	Monk	Crusader	520812	SpendCircle
5367	Black Hole	Chronomancer	Infinite	707557	SpendCircle
29714	Blessed Strikes	Monk	Class	704180	SpendCircle
34978	Curse of the Lich	Necromancer	Rime	300240	SpendCircle
29842	Whirling Vengeance	DemonHunter	Slayer	704602	SpendCircle
5431	Wingman	Ranger	Farstrider	705098	SpendCircle
29970	Make Room! I'm Here.	Guardian	Class	300543	SpendCircle
30034	Waveforged	Runemaster	Riftblade	705565	SpendCircle
30098	Powerful Voice	Guardian	Inspiration	705356	SpendCircle
30162	Maiming Spear	Barbarian	Class	804139	SpendSquare
30290	Veinburst	SonOfArugal	Accursed	504260	SpendSquare
30418	Final Embrace	SonOfArugal	Accursed	524865	SpendSquare
30482	Playing With Poison	Venomancer	Class	707563	SpendCircle
30546	Redshade	Reaper	Harvest	524735	SpendCircle
30610	Argent Knight	Monk	Crusader	300512	SpendCircle
30674	The Chosen King	SunCleric	Seraphim	707079	SpendCircle
30738	Smoke Grenade	WitchHunter	Class	805756	SpendSquare
30802	Heavy Expert	Guardian	Vanguard	803128	SpendCircle
30930	Horn of Alacrity	Ranger	Farstrider	806360	SpendSquare
11436	Surge of Might	Stormbringer	Wind	520083	SpendSquare
11468	Washed Away	Stormbringer	Maelstrom	807657	SpendCircle
11532	Juju Spirits	WitchDoctor	Voodoo	807296	SpendCircle
31314	Divine Force	Monk	Class	806153	SpendSquare
34211	Focused Hatred	DemonHunter	Class	704606	SpendCircle
11660	Astral Blessing	Starcaller	Warden	801145	SpendCircle
34595	Vengeful Intent	WitchHunter	Class	705534	SpendCircle
11788	Mycelial Healing	Venomancer	Vizier	520153	SpendSquare
11916	Purify Blood	SonOfArugal	Fleshweaver	680679	SpendSquare
5991	Machine Synergy	Tinker	Demolition	707277	SpendCircle
6007	Beware Da Voodoo	WitchDoctor	Voodoo	707168,707857	SpendCircle
6023	Disciple of Sseratus	WitchDoctor	Brewing	300660	SpendCircle
6055	Soul Marionette	WitchDoctor	Voodoo	704497	SpendSquare
6103	Wicked Barbs	Venomancer	Fortitude	504402	SpendCircle
6119	Locust Swarm	Venomancer	Fortitude	560247	SpendSquare
6151	Rexxar's Might	Primalist	Primal	806559	SpendCircle
6183	Time Wizard	Chronomancer	Time	706779,707829	SpendCircle
6199	Entropy Reversal	Chronomancer	Class	520780	SpendCircle
6215	Timekeeper	Chronomancer	Class	680845	SpendCircle
29139	Eye of the Storm	Stormbringer	Class	806307	SpendSquare
33828	Moonwalk	Starcaller	Class	300256	SpendCircle
6295	Creeping Crypt	Necromancer	Death	300960	SpendCircle
29331	Briar Veil	Ranger	Class	800084	SpendSquare
34212	Felheart	DemonHunter	Class	301287	SpendCircle
34340	Libram of Tenacity	Monk	Class	801461	SpendSquare
6375	Tyr's Guard	Monk	Class	560649	SpendCircle
29651	Improved Eclipse of Fury	Starcaller	Moon Guard	704793	SpendCircle
29715	Libram of Zeal	Monk	Zealot	801466	SpendSquare
29779	Frozen Power	Necromancer	Rime	301303	SpendCircle
29907	Purifier's Edge	WitchHunter	Inquisition	802019	SpendSquare
29971	Unstoppable	Guardian	Class	704513	SpendCircle
6487	Leyfrost	Runemaster	Riftblade	712308	SpendCircle
30163	Berserker Axe	Barbarian	Headhunting	804138	SpendSquare
6535	Impartial	SunCleric	Valkyrie	704942,707772	SpendCircle
30291	Dark Pact	SonOfArugal	Accursed	560256	SpendCircle
30355	Death and Ice	Necromancer	Rime	560012	SpendCircle
30419	Leeching Tome	SonOfArugal	Accursed	807489	SpendCircle
30483	Limb Decayer	Venomancer	Venom	681057	SpendCircle
6615	Rapid Reload	WitchHunter	Boltslinger	705512,707863,712479	SpendCircle
30611	Liberty	Monk	Class	705266	SpendCircle
30739	Silver Bolts	WitchHunter	Boltslinger	804026	SpendCircle
6679	Imp Gang Boss	KnightOfXoroth	Defiance	706754	SpendCircle
9325	Vulnerability	Venomancer	Stalking	574354	SpendCircle
31123	Doomsayer	Cultist	Class	704880	SpendCircle
33701	Terrorizer	SonOfArugal	Accursed	806210	SpendCircle
31251	Blood Scent	SonOfArugal	Accursed	804223	SpendCircle
6807	Pyromaniac	Pyromancer	Incineration	500166	SpendCircle
34085	Impcaller	KnightOfXoroth	Defiance	706755	SpendCircle
34213	Demonic Embrace	DemonHunter	Class	520257	SpendCircle
34341	Courage	Monk	Class	707754,712466	SpendCircle
6871	Knockout Artist	Barbarian	Class	705196	SpendCircle
6887	Unrelenting Army	Necromancer	Animation	705747,707880	SpendCircle
6903	Life For Power	Necromancer	Class	705746	SpendCircle
6919	A Thousand Cuts	DemonHunter	Slayer	704610	SpendCircle
34981	Study of Death	Necromancer	Class	704721	SpendCircle
6951	Scepter of Fire	Pyromancer	Flameweaving	706860	SpendCircle
6967	Stim Shots	Tinker	Invention	808009	SpendCircle
6983	Voodoo Fire	WitchDoctor	Shadowhunting	802262,803846	SpendCircle
9901	Valkyr's Grip	SunCleric	Valkyrie	707072	SpendCircle
7015	Engine Augmentation	Tinker	Mechanics	503569	SpendCircle
7031	Darkspear Traditionalist	WitchDoctor	Shadowhunting	503707	SpendCircle
7047	Gazlowe's Wisdom	Tinker	Demolition	803074	SpendCircle
7063	Refined Combatant	WitchHunter	Inquisition	572770	SpendCircle
7095	Witching Shroud	WitchHunter	Class	805770	SpendSquare
7143	Bone King	Necromancer	Animation	707175	SpendCircle
7159	Paradox	Chronomancer	Infinite	680946	SpendCircle
7175	Flames of the Firelord	Pyromancer	Incineration	538441	SpendCircle
7191	Bile Eruption	Venomancer	Stalking	500230	SpendCircle
7223	Shadra's Gift	Venomancer	Vizier	706937,707868	SpendCircle
7271	Dominion	Reaper	Class	803999	SpendCircle
7287	Hemostasis	SonOfArugal	Class	681304	SpendSquare
7303	Crimson Expedition	SonOfArugal	Accursed	523727	SpendCircle
33958	Ancestral Trauma	Barbarian	Brutality	560446	SpendCircle
7335	Power Hammer	Primalist	Life	303014	SpendCircle
29396	Felhoof Charge	DemonHunter	Slayer	800204	SpendSquare
34342	Holy Constitution	Monk	Class	706323	SpendCircle
7383	Moonwell Tides	Starcaller	Class	560951	SpendCircle
29588	Reinforced Shell	Venomancer	Class	705966	SpendCircle
7415	Repulse	WitchHunter	Houndmaster	680236	SpendSquare
7447	Vampyr's Kiss	SonOfArugal	Fleshweaver	504275	SpendSquare
7463	Blood Parasites	SonOfArugal	Sanguine	802315	SpendCircle
7479	Ignis Ultimatus	Pyromancer	Class	680369	SpendSquare
29972	Shrug It Off	Guardian	Class	802198	SpendSquare
30036	Darkward	Cultist	Heretic	706181	SpendCircle
7527	Everythings A Nail	Primalist	Mountain King	680405	SpendCircle
7543	Tectonic Resonance	Primalist	Geomancy	707173	SpendCircle
7559	Eye of N'zoth	Cultist	Godblade	802728	SpendCircle
7575	March of the Black King	WitchHunter	Black Knight	681095	SpendSquare
7591	Secret of Raven Hill	WitchHunter	Black Knight	680513	SpendCircle
30420	One Man's Curse...	SonOfArugal	Accursed	680661	SpendCircle
30548	Lord of Death	Reaper	Soul	805194	SpendCircle
11213	Abyssal Conditioning	DemonHunter	Tyrant	807431	SpendCircle
30676	Hematoma	SonOfArugal	Sanguine	504758,504896	SpendCircle
7687	Lethal Pursuit	Starcaller	Warden	680770	SpendCircle
7703	Celestial Divination	Starcaller	Moon Guard	560319	SpendCircle
30868	Predictable Weather	Stormbringer	Class	807233	SpendCircle
30932	Woodland Arrow	Ranger	Farstrider	806368	SpendSquare
7751	Universal Donor	SonOfArugal	Fleshweaver	806428	SpendCircle
11437	Scavenger	Ranger	Farstrider	520834	SpendCircle
7783	Ghost	Reaper	Class	705426	SpendCircle
31188	Aspect of Time	Pyromancer	Draconic	504750	SpendCircle
31316	Voice of an Angel	Guardian	Inspiration	704420	SpendSquare
7847	Frozen Warlord	Barbarian	Class	560939	SpendCircle
7863	Infernal Armor	DemonHunter	Class	300467	SpendCircle
11661	Mucking Around	SonOfArugal	Class	681444	SpendCircle
7911	Luck	Chronomancer	Class	706085,707828	SpendCircle
7927	Hellscape	Pyromancer	Class	706886	SpendCircle
4004	Puppeteer's Threads	WitchDoctor	Voodoo	92084	SpendCircle
4012	Flames of Sin	WitchHunter	Inquisition	92094	SpendCircle
4020	Glory	Guardian	Gladiator	92106	SpendCircle
4028	Skirmisher	Ranger	Archery	92115	SpendCircle
4036	Summoning Adept	Necromancer	Animation	92123	SpendCircle
4044	Huntress Training	Starcaller	Sentinel	92133	SpendCircle
4052	Rot Lich	Venomancer	Venom	92142	SpendCircle
4060	Grove Training	Primalist	Life	92150	SpendCircle
12269	Mortal's End	Reaper	Harvest	705437	SpendCircle
12525	Krag'wa's Blessing	WitchDoctor	Class	807855	SpendCircle
33832	Constellation Barrier	Starcaller	Class	300259	SpendCircle
34472	Fatesealer	Reaper	Domination	705442	SpendCircle
12749	Jinx of Decay	WitchDoctor	Class	681465	SpendCircle
29653	Arrow of the Goddess	Starcaller	Sentinel	563725	SpendSquare
29717	Staffguard	Monk	Oathkeeper	705295	SpendCircle
34984	Explosive Inventor	Tinker	Demolition	300636	SpendCircle
29845	Demonic Will	DemonHunter	Tyrant	800209	SpendSquare
30229	Shieldgore	KnightOfXoroth	Defiance	301302	SpendSquare
30293	Clotting	SonOfArugal	Accursed	704115	SpendCircle
13133	Spirit Link Idol	WitchDoctor	Brewing	706369	SpendSquare
30421	Hemoburst	SonOfArugal	Accursed	572855	SpendSquare
4552	Dusk Knight	WitchHunter	Black Knight	681200	SpendCircle
30549	Death's Presence	Reaper	Soul	520371	SpendCircle
30613	Justice	Monk	Oathkeeper	712437	SpendCircle
9198	Mind Over Matter	Chronomancer	Class	520923	SpendCircle
9230	Felcaked Blades	DemonHunter	Slayer	574145	SpendCircle
9262	Render	KnightOfXoroth	War	704951	SpendCircle
30869	Kinetic Shield	Tinker	Class	806224	SpendSquare
31125	Mawborn	Reaper	Class	805203	SpendCircle
33705	Uncanny Speed	SonOfArugal	Eternal	807491	SpendCircle
31253	Upheave!	Monk	Zealot	520442	SpendCircle
31381	Valkyr's Calling	SunCleric	Valkyrie	520024	SpendSquare
34217	Demonic Fortitude	DemonHunter	Tyrant	805245	SpendCircle
34345	Sturdy	Monk	Class	681009,681537	SpendCircle
34473	Essence Binder	Reaper	Domination	560919	SpendCircle
34601	Elemental Strikes	Runemaster	Runic	806704	SpendCircle
31701	Demon Heart	KnightOfXoroth	Class	805669	SpendSquare
34985	Buster Scope	Tinker	Demolition	707253	SpendCircle
4936	Lethal Cunning	Ranger	Class	704320	SpendCircle
9934	Grave Mastery	Necromancer	Animation	504439	SpendCircle
5112	Moonlit Slumber	Starcaller	Moon Priest	805546	SpendSquare
5176	Ancient Curse	Cultist	Corruption	500712	SpendSquare
5192	Bloody Fighter	Barbarian	Headhunting	570235	SpendCircle
33706	Dark Mark	SonOfArugal	Eternal	705731	SpendCircle
33834	Pouch of Stardust	Starcaller	Class	504694	SpendCircle
29270	Unrelenting Void	Cultist	Corruption	704527	SpendCircle
34090	Heart of Xoroth	KnightOfXoroth	Class	704956	SpendCircle
29398	Vengeance	DemonHunter	Tyrant	520817	SpendCircle
34346	Force of Golganneth	Monk	Zealot	500694	SpendSquare
34474	Harnessed Life	Reaper	Domination	705406	SpendCircle
34602	Cold Elements	Runemaster	Arcane	520138	SpendCircle
29654	Void Tolerance	Cultist	Dreadnought	680570	SpendCircle
5384	Blood Runs Cold	SonOfArugal	Class	560257	SpendCircle
29782	War Cry	Barbarian	Ancestry	500995	SpendSquare
29974	Moonlit Lancer	Starcaller	Class	560662	SpendCircle
5464	Sinister Litany	Reaper	Class	805185	SpendSquare
30166	Legacy of the Amani	Barbarian	Headhunting	706804	SpendCircle
30294	Cruel Intent	SonOfArugal	Accursed	704653	SpendCircle
5544	Magma Fissure	Primalist	Geomancy	802793	SpendSquare
30422	Bandage Gun	Tinker	Invention	705780	SpendCircle
30550	Spectral Warden	Reaper	Domination	805716	SpendSquare
5608	To The Bone	Barbarian	Headhunting	560880	SpendCircle
30678	Ley Power	Runemaster	Runic	801096	SpendSquare
30870	Defiance	Barbarian	Class	806228	SpendSquare
30934	Binder of Storms	Stormbringer	Maelstrom	707542	SpendCircle
11438	Permafrost	Necromancer	Rime	704681	SpendCircle
31126	Frigid Blast	Runemaster	Arcane	500118	SpendSquare
33707	Dark Hunt	SonOfArugal	Accursed	705733	SpendCircle
31254	Heaven's Finest	Monk	Zealot	806516	SpendCircle
31318	Battle Wary	Guardian	Vanguard	705332	SpendCircle
34091	Harbinger of Pestilence	KnightOfXoroth	Class	704182	SpendCircle
34219	Bulwark of Azzinoth	DemonHunter	Tyrant	705122	SpendCircle
34347	Judgement of the Gods	Monk	Class	524767	SpendCircle
34603	Phase Rush	Runemaster	Arcane	805724	SpendCircle
34987	Rocket Bombardment	Tinker	Class	706695	SpendCircle
11982	It's Always Sunny	SunCleric	Valkyrie	707414	SpendCircle
6072	Spiritual Devotee	WitchDoctor	Shadowhunting	503727	SpendCircle
6104	Empowered Exoskeleton	Venomancer	Fortitude	804993	SpendCircle
6120	Agitation	Venomancer	Fortitude	705969	SpendCircle
6184	Rapid Acceleration	Chronomancer	Time	570149	SpendCircle
6200	Hourglass of Eternity	Chronomancer	Infinite	806337	SpendCircle
12430	Bloody Claws	Primalist	Primal	504874	SpendCircle
33708	Gore Barrage	SonOfArugal	Accursed	807345	SpendCircle
6280	Grasp of Zek'voz	Cultist	Class	573028	SpendSquare
6312	Cunning Nature	Cultist	Corruption	706915,707784	SpendCircle
6328	Puncturing Fangs	SonOfArugal	Accursed	804604	SpendCircle
34348	Deep Secrets	Monk	Class	705263	SpendCircle
34476	Blood Fueled	Reaper	Harvest	705416	SpendCircle
29591	Fang Blessing	Venomancer	Vizier	503970,504898	SpendCircle
6392	Sacrificial Circle	KnightOfXoroth	Defiance	805677	SpendSquare
6408	Twisted Magic	SonOfArugal	Sanguine	704634	SpendCircle
29783	Jawbreaker	Barbarian	Class	802792	SpendSquare
6456	Valiant Effort	Guardian	Class	706637	SpendCircle
6472	Turbulence	Runemaster	Riftblade	705575	SpendSquare
6488	Hoarfrost Hands	Necromancer	Rime	803291	SpendCircle
6504	Mechanical Extender	Tinker	Mechanics	681003	SpendCircle
30167	Berserker	Barbarian	Headhunting	561397	SpendCircle
30295	Residual Power	Stormbringer	Class	804605	SpendCircle
30487	Summoner	Necromancer	Animation	706953	SpendCircle
30551	Crimson Death	Reaper	Harvest	705414	SpendCircle
30615	Tome of Light	Monk	Oathkeeper	805422	SpendSquare
9231	Hulking Demon	DemonHunter	Tyrant	805246	SpendCircle
30807	Nimbus	Stormbringer	Wind	704212	SpendSquare
6696	Desynchronization	Chronomancer	Class	561310	SpendSquare
6712	Shieldbound	Guardian	Vanguard	706515	SpendCircle
6744	Beheader	Barbarian	Brutality	705222	SpendCircle
33709	Barely Human	SonOfArugal	Accursed	504254,504894	SpendCircle
33837	Celestial Prowess	Starcaller	Sentinel	561206,561344	SpendCircle
31319	With Honor	Guardian	Vanguard	504383	SpendCircle
31383	Blessed One	SunCleric	Seraphim	680670	SpendCircle
34221	Unholy Endurance	DemonHunter	Tyrant	300466	SpendCircle
34349	Final Prayer	Monk	Class	705268	SpendCircle
34477	The Time Has Come	Reaper	Harvest	572879	SpendCircle
34605	Glyph Seeker	Runemaster	Arcane	705627	SpendCircle
6904	Swarmer	Necromancer	Death	704528	SpendCircle
6920	Tyr's Blessing	Monk	Crusader	705285	SpendCircle
34989	Mega Scope	Tinker	Demolition	707252	SpendCircle
9807	Flame Bonding	Pyromancer	Flameweaving	706858	SpendCircle
6968	Azzinoth's Battery	DemonHunter	Slayer	705137	SpendCircle
9871	Earthwarder	Pyromancer	Draconic	706239	SpendCircle
9935	Dread	Cultist	Corruption	301315	SpendCircle
9967	Sixfold Shot	WitchHunter	Houndmaster	500567	SpendCircle
7048	Assassin	Ranger	Brigand	803871	SpendCircle
7064	Noctis Protection	WitchHunter	Black Knight	681100	SpendCircle
7096	Duskwood Renegade	WitchHunter	Inquisition	504677,504891	SpendCircle
7112	Crypt Keeper	Necromancer	Animation	560596	SpendCircle
7128	Splash Potion	WitchDoctor	Brewing	802710	SpendSquare
7160	Pendo's Charm	Venomancer	Fortitude	504400	SpendCircle
7176	Stoke	Pyromancer	Incineration	704856	SpendCircle
7192	Virulent Opening	Venomancer	Stalking	574353	SpendCircle
7256	Omnipresent Moon	Starcaller	Sentinel	520482	SpendCircle
7272	Damned	Reaper	Class	706786	SpendCircle
7288	Night Stalker	SonOfArugal	Class	807774	SpendCircle
33838	Moon Runner	Starcaller	Sentinel	301236	SpendCircle
10543	Fleeting Soul	Reaper	Soul	712683	SpendCircle
34094	Spiked Chains	KnightOfXoroth	Class	704987	SpendCircle
34222	Pure Hatred	DemonHunter	Tyrant	803478	SpendCircle
34350	Sacred Defense	Monk	Class	705306	SpendCircle
7384	Wrath of the Moon	Starcaller	Warden	680775	SpendCircle
29592	Mending Mist	Venomancer	Vizier	800899	SpendSquare
7416	Defender of Darkshire	WitchHunter	Houndmaster	705531	SpendCircle
29720	Fury of Aggramar	Monk	Zealot	801480	SpendCircle
7448	Dissipation	SonOfArugal	Fleshweaver	680730,681491	SpendCircle
7512	Dreadnought	Cultist	Dreadnought	680750	SpendCircle
30104	Journey To The Core	Primalist	Geomancy	560510	SpendCircle
30360	Valanar's Vengeance	SonOfArugal	Sanguine	560315	SpendSquare
7608	Abyssal Ward	Cultist	Class	804670	SpendSquare
11151	Blessing of Lei Shen	Stormbringer	Maelstrom	561228	SpendCircle
30552	Felbane	DemonHunter	Class	525001	SpendSquare
11215	Cycle of Decay	Venomancer	Venom	500219	SpendCircle
30680	Rapid Incineration	Pyromancer	Incineration	504394	SpendCircle
7704	Moonflares	Starcaller	Moon Guard	560501	SpendCircle
7720	Warband	Barbarian	Class	560883	SpendSquare
11375	Dark Barrier	WitchHunter	Black Knight	705520	SpendCircle
7752	Heart Rupturer	SonOfArugal	Fleshweaver	680685	SpendCircle
7768	Electrical Charge	Stormbringer	Lightning	704149	SpendCircle
7784	Life Tap	Reaper	Domination	706788	SpendCircle
31192	Moonstone	Starcaller	Warden	805503	SpendCircle
31256	Transcending Strikes	Monk	Zealot	804897	SpendCircle
31320	Resilient	Guardian	Vanguard	707137	SpendCircle
7848	Mak'Gora	Barbarian	Class	561360	SpendCircle
7880	Vitality For Later	SonOfArugal	Fleshweaver	681026	SpendCircle
7912	Continuum Restoration	Chronomancer	Time	801271	SpendSquare
8008	Elemental Berserker	Primalist	Primal	706338	SpendCircle
12303	Arbalist	WitchHunter	Boltslinger	520851	SpendCircle
12431	Knight's Calling	Guardian	Class	504151	SpendSquare
12463	Powerful Grip	Barbarian	Class	804728	SpendCircle
4201	Primordial Strength	Runemaster	Runic	301149	SpendCircle
4217	Knight of the Apocalypse	KnightOfXoroth	War	520296	SpendCircle
29209	Bunker Operative	Tinker	Class	801706	SpendCircle
2125	Erasion	Chronomancer	Infinite	704489	SpendCircle
29337	Knockout	Ranger	Class	801435	SpendSquare
34224	Infernal Whipcrack	DemonHunter	Tyrant	805243	SpendSquare
4297	Bloodbound	Barbarian	Class	801767	SpendCircle
34480	Crow's Harvest	Reaper	Harvest	504011	SpendSquare
34992	Explosives Expert	Tinker	Demolition	706379	SpendCircle
29849	Infernal Doom	DemonHunter	Infernal	804219	SpendCircle
29977	Spirit Shock	WitchDoctor	Shadowhunting	807743	SpendSquare
12975	Dark Matter	Cultist	Heretic	806382	SpendCircle
30105	Wildheart	Primalist	Class	803980	SpendSquare
4505	Reclamation	WitchDoctor	Shadowhunting	806288	SpendSquare
2277	Incredibly Strong	Barbarian	Brutality	804749	SpendCircle
30553	Magic Fiend	DemonHunter	Class	704613	SpendCircle
30617	Crown's Call	Necromancer	Rime	805429,807924	SpendCircle
30681	Solar Empowerment	SunCleric	Valkyrie	707081	SpendCircle
2309	Legacy of Deathwing	Pyromancer	Draconic	707217	SpendCircle
2317	Vow of the Valkyr	SunCleric	Valkyrie	807749	SpendSquare
30873	Vial of Moonwell Water	Starcaller	Class	804652	SpendSquare
31129	Primordial Power	Runemaster	Arcane	705556	SpendCircle
31193	Lunar Amplification	Starcaller	Sentinel	680813	SpendCircle
33841	Astral Finesse	Starcaller	Warden	707636	SpendCircle
33969	Embodied Presences	Cultist	Class	803283	SpendCircle
34097	Hellfire Sieger	KnightOfXoroth	Defiance	560828	SpendCircle
34353	Testament of Hope	Monk	Class	1397742	SpendSquare
34481	Dark Fate	Reaper	Harvest	504037	SpendCircle
34609	Master of Runes	Runemaster	Class	804531	SpendCircle
2429	Beacon Charging	Tinker	Invention	524834	SpendSquare
4969	Bloodleaper	SonOfArugal	Class	806423	SpendCircle
5113	Cursed Effigy	WitchDoctor	Class	706542	SpendSquare
5193	Embraced By Earth!	Primalist	Geomancy	561037	SpendCircle
33714	Screech of the Darkwing	SonOfArugal	Eternal	300260	SpendCircle
34098	Hellbringer	KnightOfXoroth	Hellfire	300963	SpendCircle
34226	Burning Legionnaire	DemonHunter	Tyrant	520885	SpendCircle
34610	Warding Rune	Runemaster	Class	804232	SpendSquare
34994	Aftermath	Tinker	Demolition	707260	SpendCircle
29914	Maximum Power	Ranger	Archery	560688	SpendCircle
29978	Berserking	WitchDoctor	Shadowhunting	705925	SpendCircle
30042	Spiked Weapons	Barbarian	Brutality	705186	SpendCircle
11120	Bombastic	Tinker	Demolition	707271	SpendCircle
30554	Hateforged Barrier	DemonHunter	Class	705129	SpendSquare
30682	Sun's Gift	SunCleric	Valkyrie	680656	SpendCircle
30874	Curse of Argus	DemonHunter	Infernal	704370	SpendCircle
11472	Time Is A Circle	Chronomancer	Artificer	806206	SpendCircle
33715	Shadow Howl	SonOfArugal	Class	806177	SpendSquare
33843	Al Dente	Pyromancer	Class	300921	SpendCircle
34099	Shadowflame Forge	KnightOfXoroth	Hellfire	704989,707838	SpendCircle
34227	Gul'dan's Gift	DemonHunter	Class	804609	SpendCircle
34355	Oath Flow	Monk	Zealot	705283	SpendCircle
5961	Cogmaster	Tinker	Mechanics	504525	SpendCircle
6009	Mojo: Jungle Thistle	WitchDoctor	Brewing	500472	SpendSquare
12048	Blessing of Hir'eek	WitchDoctor	Class	572870	SpendCircle
12112	Clanlord's Totem	Barbarian	Ancestry	804737	SpendSquare
6073	Dark Loa's Incantation	WitchDoctor	Shadowhunting	525377	SpendCircle
6089	Slimy	Venomancer	Fortitude	705998	SpendCircle
12208	Environmentalist	Primalist	Class	300729	SpendCircle
6137	Fungal Growth	Venomancer	Venom	804987	SpendCircle
12304	Night Feast	SonOfArugal	Sanguine	563736	SpendCircle
6201	Wild At Heart	Primalist	Primal	524677	SpendCircle
33716	Shadow Strength	SonOfArugal	Eternal	801960	SpendCircle
33844	Vigil of the Watchers	Starcaller	Warden	680709	SpendCircle
29275	Vision of Doom	Cultist	Class	520388	SpendSquare
6313	Protected by the Stars	Starcaller	Class	300258	SpendCircle
34228	Grommash's Folly	DemonHunter	Tyrant	805236	SpendCircle
34356	Holy Crusader	Monk	Class	524747	SpendCircle
29531	Runic Brand	Runemaster	Runic	712299	SpendSquare
34612	Blade Rift	Runemaster	Class	520237	SpendCircle
6393	Hellstriker	KnightOfXoroth	Class	704991	SpendCircle
29787	Glacial Tap	Necromancer	Class	805369	SpendSquare
6457	Brimming Hatred	WitchHunter	Class	705496	SpendCircle
6473	Frost Spectre	Runemaster	Riftblade	560039,561350	SpendCircle
30107	Wraithblade	Reaper	Class	805258	SpendSquare
6521	Purgatory	Reaper	Soul	504046	SpendCircle
30235	A Gift from Hell	KnightOfXoroth	Defiance	300390	SpendCircle
6553	Toxic Stride	Venomancer	Class	504347	SpendSquare
6569	Holy Conquest	SunCleric	Class	504248	SpendCircle
13168	Plugging the Hole	Barbarian	Class	561314	SpendCircle
6633	Atherann's Anguish	SonOfArugal	Sanguine	680680	SpendSquare
9233	Felblade	DemonHunter	Tyrant	574146	SpendCircle
9265	Air Flow	Stormbringer	Wind	707548	SpendCircle
6697	Improved Reverse Wound	Chronomancer	Class	706053	SpendCircle
6713	Fury of the North	Barbarian	Ancestry	560938	SpendCircle
31067	Touch of Moonlight	Starcaller	Class	574328	SpendSquare
31131	Thaumaturgy	Runemaster	Arcane	804550	SpendSquare
33717	Cursed Strikes	SonOfArugal	Eternal	300982,301363	SpendCircle
31259	Murderous Might	KnightOfXoroth	War	520290	SpendCircle
13616	Spirit of Battle	Guardian	Inspiration	504159	SpendCircle
6825	Wizardry	Runemaster	Arcane	705632	SpendCircle
6841	Aeon of Oblivion	Chronomancer	Time	806293	SpendSquare
34357	Scarlet Judicator	Monk	Class	525024	SpendCircle
6283	Empire's Blessing	Cultist	Class	704895	SpendCircle
7625	Void Augmentation	Cultist	Dreadnought	680575	SpendCircle
6921	Legacy of the Silver Hand	Monk	Crusader	806522	SpendCircle
34997	Duobombers	Tinker	Demolition	707258	SpendCircle
7629	Eldritch Force	Cultist	Dreadnought	681474	SpendCircle
6969	Self-Sustaining Technology	Tinker	Invention	705817	SpendCircle
6985	Ignite	Pyromancer	Incineration	800791	SpendSquare
9905	Pooled Vitality	SonOfArugal	Fleshweaver	681078	SpendCircle
7621	Blessing of Y'Shaarj	Cultist	Dreadnought	801968	SpendCircle
7033	Spirit Warden	WitchDoctor	Class	503774	SpendCircle
30699	Chains of Xoroth	KnightOfXoroth	Defiance	706756	SpendSquare
7622	Dreadful	Cultist	Dreadnought	680579	SpendCircle
29916	Eldritch Entities	Cultist	Dreadnought	681425	SpendCircle
7097	Dusk Blade	WitchHunter	Inquisition	802020	SpendSquare
8293	Requiem	Reaper	Domination	805717	SpendSquare
7129	Plentiful Potions	WitchDoctor	Brewing	803463	SpendCircle
7145	Runic Animation	Necromancer	Animation	707445	SpendCircle
6545	Void Strikes	Cultist	Dreadnought	680609	SpendCircle
7177	Regenerative Properties	Venomancer	Fortitude	803210	SpendCircle
7624	Shadowy Symbiosis	Cultist	Dreadnought	680574	SpendCircle
7209	Slipstream	Chronomancer	Infinite	707555	SpendSquare
7225	Fungal Allies	Venomancer	Venom	681054	SpendCircle
7241	Hallucinogenic Venom	Venomancer	Class	560188	SpendCircle
6483	Decoder	Runemaster	Class	706523	SpendCircle
4225	Favor	Guardian	Gladiator	704322	SpendCircle
29148	Hunting with Precision	Ranger	Archery	524867	SpendCircle
7305	Blood Prince's Command	SonOfArugal	Sanguine	704641	SpendCircle
7321	Rock Barrier	Primalist	Class	503630	SpendSquare
7337	Spite	Barbarian	Headhunting	707584	SpendSquare
34230	Felbreak	DemonHunter	Infernal	800203	SpendSquare
29468	No Survivors	Barbarian	Headhunting	805864	SpendCircle
7385	Cauterizing Wounds	Pyromancer	Flameweaving	570001	SpendCircle
29596	Serpent Lord's Amulet	Venomancer	Vizier	800914	SpendSquare
29660	Hunting Shot	Ranger	Archery	801191	SpendSquare
7433	Infuse	SonOfArugal	Fleshweaver	681403	SpendSquare
7449	Black Heart	SonOfArugal	Fleshweaver	680731	SpendCircle
29852	You Cheat, Gul'dan!	DemonHunter	Slayer	705127	SpendCircle
7481	Volcanic Shell	Pyromancer	Class	805477	SpendSquare
30952	Dominion of Blood	SonOfArugal	Sanguine	680716	SpendCircle
7513	Earthbreaker	Primalist	Mountain King	560147	SpendCircle
7885	Xorothian Finesse	KnightOfXoroth	Class	300385	SpendCircle
7545	Geomolding	Primalist	Geomancy	560169	SpendCircle
11025	Final Vows	SunCleric	Class	707528	SpendCircle
7577	Witchblight	WitchHunter	Black Knight	680494	SpendSquare
34109	Infernal Pummeling	KnightOfXoroth	Hellfire	680900	SpendCircle
11121	Annihilan Rituals	DemonHunter	Tyrant	520831	SpendCircle
11153	Primal Awakening	Primalist	Life	807560	SpendSquare
11185	Brilliance	Pyromancer	Flameweaving	570207	SpendCircle
30620	Harrowing Winds	Necromancer	Rime	705745	SpendCircle
30684	Champion of the Sun	SunCleric	Valkyrie	800612	SpendSquare
30748	Dead and Gone	WitchHunter	Boltslinger	705524	SpendCircle
7705	Coalesced Resilience	Starcaller	Moon Guard	680786	SpendCircle
7721	Flow of Mana	Starcaller	Class	704604,680758	SpendCircle
30940	Flow of Wrath	Stormbringer	Maelstrom	801855	SpendCircle
7618	Void-Enhanced Shield	Cultist	Dreadnought	680555	SpendCircle
7769	Stormy Days	Stormbringer	Lightning	705655	SpendCircle
7785	Lich Essence	Necromancer	Class	802988	SpendCircle
7801	Gaze of Therazane	Primalist	Geomancy	680453,680458	SpendCircle
7817	Obliteration	Pyromancer	Class	706894	SpendCircle
7833	Expert Elementalist	Runemaster	Arcane	807505	SpendCircle
7849	Cryomagi	Runemaster	Arcane	805726	SpendCircle
7865	Reckoning	DemonHunter	Class	802058	SpendSquare
34359	Iron Penance	Monk	Zealot	523712	SpendCircle
30520	Crushing Dissonance	Cultist	Dreadnought	804056	SpendSquare
34615	Shroudwalker	Runemaster	Class	705563	SpendCircle
7929	Conqueror's Will	KnightOfXoroth	War	520372	SpendCircle
7945	From the Shadows	Reaper	Class	561099	SpendCircle
7615	Wavering Hope	Cultist	Dreadnought	560502	SpendCircle
11857	Aurat Scripts	Stormbringer	Wind	712431	SpendCircle
3997	Timerend	Chronomancer	Infinite	707430	SpendSquare
8009	A Quick Demise	Ranger	Archery	560810	SpendCircle
4013	Electrocutioner	Stormbringer	Lightning	92096	SpendCircle
4021	Tempo	Guardian	Inspiration	92107	SpendCircle
4029	Ravager	Ranger	Brigand	92116	SpendCircle
4037	Infernus	Pyromancer	Incineration	92124	SpendCircle
4045	Moon Priest	Starcaller	Moon Priest	92134	SpendCircle
4053	Brood Marks	Venomancer	Stalking	92143	SpendCircle
12145	Spirit Volley	WitchDoctor	Shadowhunting	503712	SpendCircle
31108	Glyphic Destruction	Runemaster	Arcane	800758	SpendCircle
9301	Deep Secrets	Cultist	Dreadnought	582307	SpendCircle
29273	Eldritch Strength	Cultist	Dreadnought	680600	SpendCircle
7611	Everpresent	Cultist	Dreadnought	300272	SpendCircle
4810	Voidforged Edge	Cultist	Godblade	704871,707749,707785	SpendCircle
29835	Stormfury	Stormbringer	Maelstrom	532751	SpendSquare
33893	Entropic Retaliation	Cultist	Dreadnought	802043	SpendCircle
7339	Natural Efficiency	Primalist	Class	706167	SpendCircle
33888	Bouncing Thoughts	Cultist	Dreadnought	680607	SpendCircle
4186	Double The Pace	Ranger	Class	705031	SpendCircle
4202	Elemental Carvings	Runemaster	Runic	705618	SpendCircle
33720	Runic Reservoir	Necromancer	Rime	704670,803850	SpendCircle
33848	Moonveil Screen	Starcaller	Moon Guard	680779	SpendCircle
29277	Enchanted Bolts	WitchHunter	Boltslinger	520548	SpendCircle
29341	Stormcloak	Stormbringer	Class	804833	SpendSquare
29405	Pit Lord's Strength	DemonHunter	Slayer	802076,802110	SpendCircle
9759	Y'Shaarj's Enforcer	Cultist	Dreadnought	803236	SpendCircle
29533	Fist of the Ancients	Runemaster	Runic	712326	SpendSquare
34616	Elements of Fury	Runemaster	Class	707413	SpendCircle
29661	Supremacy	Guardian	Gladiator	504140	SpendCircle
12817	Burning Swings	KnightOfXoroth	War	707632	SpendCircle
35000	Hacking the Enemy	Tinker	Mechanics	705796	SpendCircle
4394	Essence of Decay	Venomancer	Stalking	707382	SpendCircle
4410	Might	Guardian	Gladiator	300538,301355	SpendCircle
29981	Serpent's Guile	WitchDoctor	Shadowhunting	705928	SpendCircle
30045	Instinctual Combatant	Ranger	Brigand	707319	SpendCircle
30109	Mysterious Omen	Reaper	Class	561108	SpendCircle
30173	Wind Walker	Runemaster	Class	807376	SpendCircle
30237	Bulwark of Xoroth	KnightOfXoroth	Defiance	300388	SpendCircle
4506	Loa Spirits	WitchDoctor	Shadowhunting	705843	SpendCircle
7614	Bulwark of Y'shaarj	Cultist	Dreadnought	680558	SpendCircle
9299	Strength of the Sha	Cultist	Dreadnought	804286	SpendCircle
4554	Freedom	Ranger	Farstrider	520628	SpendSquare
30557	Tyrant's Gaze	DemonHunter	Tyrant	805240	SpendSquare
9170	Relentless	Barbarian	Brutality	300505	SpendCircle
7620	Bulwark of Horror	Cultist	Dreadnought	300278	SpendCircle
9234	Storm Bond	Stormbringer	Wind	500580	SpendCircle
30813	Herald of Dawn	SunCleric	Piety	804630	SpendCircle
9298	Void Strength	Cultist	Godblade	805121	SpendCircle
6771	Boon of Y'shaarj	Cultist	Dreadnought	560080,561335	SpendCircle
31297	Wrath of Sargeras	DemonHunter	Infernal	806103,807902	SpendCircle
7612	Adaptive Combatant	Cultist	Dreadnought	300268,301348	SpendCircle
31133	Falconstrike	Ranger	Farstrider	573060	SpendSquare
7404	Twilight Shieldtoss	Cultist	Dreadnought	524876	SpendSquare
33849	Wrath of Elune	Starcaller	Warden	704786	SpendCircle
11304	Scorched	Pyromancer	Incineration	704801	SpendCircle
34105	Inferno Blast	KnightOfXoroth	Hellfire	805697,807899	SpendCircle
4794	Light Arrows	Ranger	Archery	681292	SpendCircle
34361	Whirling Tempest	Monk	Crusader	300504	SpendCircle
34489	Spectre Strength	Reaper	Class	804671,807886	SpendCircle
34617	Runic Breakout	Runemaster	Class	705583	SpendCircle
29510	Horusath Blast	SunCleric	Class	500154	SpendSquare
31245	Plague of Undeath	Necromancer	Death	801945	SpendSquare
7558	Voidborne	Cultist	Godblade	681104	SpendSquare
4906	Cursed Blood	SonOfArugal	Fleshweaver	681792	SpendCircle
30840	Empowered Holy Form	SunCleric	Blessings	800602	SpendCircle
6664	Eldritch Obelisk	Cultist	Godblade	560321	SpendSquare
9906	Blood-Cursed Weapons	SonOfArugal	Fleshweaver	684331	SpendCircle
13897	Glory to N'Zoth	Cultist	Godblade	681326	SpendCircle
9970	Life Scent	SonOfArugal	Class	706617	SpendCircle
30526	Instilling Fear	Cultist	Godblade	527268	SpendCircle
30515	Oblivion's Embrace	Cultist	Godblade	680500	SpendCircle
29272	End Times	Cultist	Godblade	805115	SpendSquare
7609	Seething Void	Cultist	Godblade	524804	SpendCircle
29340	Surprise Launch!	Tinker	Demolition	707244	SpendCircle
30512	Abyssal Cleave	Cultist	Godblade	707604,707748	SpendCircle
33889	God Blade	Cultist	Godblade	680377	SpendCircle
7555	Empire's Grasp	Cultist	Godblade	500704	SpendSquare
34087	Pestilent Retaliation	KnightOfXoroth	Defiance	704971	SpendCircle
6376	Reckoning	Monk	Oathkeeper	805421	SpendSquare
7554	Voidseeker	Cultist	Godblade	560320	SpendCircle
5575	From Death Comes Life	Venomancer	Venom	504355	SpendCircle
4845	Residual Energy	Cultist	Godblade	681389	SpendCircle
5210	Felguard	DemonHunter	Class	704360	SpendCircle
12562	Warrior of the Old Gods	Cultist	Godblade	802047	SpendCircle
29150	Vault	WitchHunter	Class	500085	SpendSquare
29214	Banner of Swiftness	Guardian	Inspiration	500259	SpendSquare
30881	Netherstrike	Cultist	Godblade	806222	SpendSquare
5290	Chomp	Necromancer	Animation	707283	SpendCircle
34234	Nether Spirit	DemonHunter	Infernal	300477	SpendCircle
29470	Corrupt Mind	Cultist	Class	560109	SpendSquare
33976	Shadow Strikes	Cultist	Godblade	707640	SpendCircle
29598	Alkahest	Venomancer	Vizier	504342	SpendSquare
29662	Astral Projection	Starcaller	Class	300994	SpendCircle
11297	Shadow of the Void	Cultist	Godblade	574318	SpendCircle
29911	Flowing Rivers	Runemaster	Runic	524697	SpendCircle
29854	Combustion	Pyromancer	Incineration	520884	SpendCircle
29918	Twilight Incarnate	Cultist	Dreadnought	681087	SpendCircle
33894	Hand of N'Zoth	Cultist	Godblade	704869	SpendCircle
30046	Corrosive Shot	Ranger	Archery	572372	SpendCircle
6627	Bloodwell Eruption	SonOfArugal	Sanguine	560072	SpendCircle
1375	Psychic Suppression	Cultist	Corruption	800432	SpendSquare
30238	Long March	Necromancer	Animation	704717	SpendCircle
30302	Felforged	DemonHunter	Infernal	300490	SpendCircle
1387	Guile of the Cutthroat	Ranger	Brigand	560531	SpendCircle
11122	Maker of Realities	Chronomancer	Class	707656	SpendCircle
11154	Sen'jin's Wisdom	WitchDoctor	Class	504774	SpendCircle
30558	Burning Hatred	DemonHunter	Tyrant	805239	SpendSquare
30622	Raise: Skeletal Mage	Necromancer	Rime	500331	SpendSquare
31189	Rift	Cultist	Godblade	806250	SpendSquare
33965	Lost in the Void	Cultist	Class	704881	SpendCircle
30814	Sunwell	SunCleric	Piety	560123	SpendSquare
30878	Conjuration Mastery	Stormbringer	Class	300595	SpendCircle
29920	Split Mind	Cultist	Class	572064	SpendCircle
31006	Slayer's Mark	WitchHunter	Class	804068	SpendSquare
5722	Lifestealer	Reaper	Domination	301366	SpendCircle
5738	Voltaic Bursts	Stormbringer	Lightning	705639	SpendCircle
33723	Chilling Presence	Necromancer	Rime	300958	SpendCircle
33851	Starcovered Night	Starcaller	Moon Guard	503639	SpendCircle
33979	Solar Prayer	SunCleric	Class	806479	SpendSquare
34107	Hellfire Embers	KnightOfXoroth	Hellfire	807669	SpendCircle
33951	Black Prayer	Cultist	Class	805110	SpendCircle
11210	Felstrider	DemonHunter	Class	707513	SpendCircle
29479	Ungodly Blessing	Cultist	Class	301241	SpendCircle
34619	Phaser	Runemaster	Riftblade	706518	SpendCircle
6279	Void-Enchanted Armor	Cultist	Class	804633	SpendCircle
33968	Eldritch Command	Cultist	Class	302015	SpendCircle
7465	Eyes of Eternity	Cultist	Class	706188	SpendCircle
6274	Dark Infusion	Cultist	Class	500721	SpendSquare
11890	Hellborn	KnightOfXoroth	War	707631,707840	SpendCircle
33967	Improved Sermon of Dread	Cultist	Class	706177	SpendCircle
5978	Over-Repaired	Tinker	Invention	807498,807897	SpendCircle
11986	Arsonist	Pyromancer	Incineration	301286	SpendCircle
6010	Mojo High	WitchDoctor	Shadowhunting	706488	SpendCircle
6026	Master of Concoctions	WitchDoctor	Brewing	801690	SpendCircle
6042	Vol'jin's Vigil	WitchDoctor	Class	504465	SpendSquare
6058	Dark Magic	WitchDoctor	Voodoo	705922	SpendCircle
6074	Village Wisdom	WitchDoctor	Shadowhunting	680882	SpendCircle
6090	Avatar of Shadra	Venomancer	Class	503856	SpendCircle
6106	Alacrity	Venomancer	Fortitude	705980	SpendCircle
6122	Enchanted Chitin	Venomancer	Fortitude	706955,707872	SpendCircle
6138	Envenom	Venomancer	Venom	805900	SpendCircle
6276	Eternal Grasp	Cultist	Class	704878,704879	SpendCircle
6170	Archaeology	Chronomancer	Artificer	560130	SpendCircle
33952	Void Hunger	Cultist	Class	524879	SpendCircle
6202	Throat Clamp	Primalist	Primal	500764	SpendSquare
12012	Devourer	Cultist	Class	301010	SpendCircle
6234	Earthmother's Empowerment	Primalist	Life	300738	SpendCircle
6281	Devourer	Cultist	Class	300265	SpendCircle
6860	Demonfire Command	KnightOfXoroth	Defiance	707028	SpendCircle
33852	Maiev's Guard	Starcaller	Warden	707635	SpendCircle
6298	Bountiful Boons	Primalist	Class	706203,706204	SpendCircle
6314	Star Citizen	Starcaller	Class	704776	SpendCircle
29407	Taskmaster's Army	DemonHunter	Tyrant	800220	SpendCircle
6346	Hunting Tactics	Ranger	Farstrider	300897	SpendCircle
34492	Ghastly Advance	Reaper	Class	805192,807885	SpendCircle
29599	Venom Weaving	Venomancer	Vizier	504736	SpendCircle
29663	Lunar Cascade	Starcaller	Moon Priest	704725	SpendCircle
6410	Fearmonger	SonOfArugal	Sanguine	501132	SpendCircle
29791	Overkill	Barbarian	Brutality	560444	SpendCircle
31380	Fanaticism	SunCleric	Valkyrie	805628	SpendCircle
6458	Vampiric Aura	Necromancer	Class	300241	SpendCircle
6474	Unbound Energy	Runemaster	Riftblade	705570,707877	SpendCircle
6660	Mu'sha's Resilience	Starcaller	Class	704774	SpendCircle
30111	Deathwail	Reaper	Soul	300791	SpendCircle
6522	Destabilize Time	Chronomancer	Infinite	680971	SpendSquare
30239	Astral Reconstitution	Starcaller	Moon Guard	801155	SpendSquare
6554	Dragonscales	Pyromancer	Class	524818	SpendCircle
6277	Embrace the Void	Cultist	Class	582591	SpendSquare
6586	Dream	Primalist	Geomancy	680452	SpendCircle
30495	Animate: Tomb King	Necromancer	Animation	805044	SpendSquare
6618	Flames of the Sinned	WitchHunter	Inquisition	560207	SpendCircle
9171	Body Builder	Barbarian	Brutality	706481	SpendCircle
12444	Disdain	Cultist	Class	707747	SpendCircle
6666	Twisted Sanity	Cultist	Heretic	706187	SpendCircle
6682	Outlaw	Ranger	Class	706277	SpendCircle
6698	Temporal Focus	Chronomancer	Class	806165	SpendSquare
1679	Runic Tempest	Runemaster	Runic	560036	SpendSquare
6730	Well of Souls	Reaper	Domination	706792	SpendCircle
34232	Malice of Gul'dan	DemonHunter	Infernal	800214	SpendCircle
6762	Blood Knight	Reaper	Harvest	704552	SpendCircle
33725	Bone Legion	Necromancer	Rime	707006,707881	SpendCircle
33853	Star Pupil	Starcaller	Warden	706575	SpendCircle
33981	Pendant of the Sun	SunCleric	Valkyrie	680630	SpendSquare
19106	Cunning	Venomancer	Fortitude	805093	SpendCircle
6842	Infestation	Venomancer	Venom	706030	SpendCircle
6858	Darkrider	WitchHunter	Houndmaster	705453	SpendCircle
1719	Seasoned Fighter	Guardian	Vanguard	704421	SpendCircle
34621	Swift Etching	Runemaster	Riftblade	705600	SpendCircle
6906	Knight of Pestilence	KnightOfXoroth	War	704981	SpendCircle
9747	The Redeemer	SunCleric	Blessings	300339	SpendCircle
6938	Surefooted	Ranger	Class	560814	SpendCircle
6382	Hallucination	Cultist	Class	560301	SpendSquare
9843	Emerald Will	Primalist	Class	500302	SpendCircle
6986	Residual Power	Pyromancer	Incineration	300751	SpendCircle
7002	Boom Hour	Tinker	Demolition	802963	SpendCircle
7018	Flame Jets	Tinker	Mechanics	504523	SpendCircle
7034	Mechaplating	Tinker	Class	705831	SpendCircle
7050	Blow the Horns!	Ranger	Farstrider	573042,573074	SpendCircle
7066	Torchlight	WitchHunter	Inquisition	503662	SpendSquare
1771	Stone Savant	Runemaster	Runic	520917	SpendCircle
30323	Wicked Thoughts	Cultist	Class	706190	SpendCircle
1779	Granite Shield	Runemaster	Runic	806996	SpendCircle
7130	Spice: Earthroot	WitchDoctor	Brewing	504424	SpendSquare
7146	Skeletal Artillery	Necromancer	Animation	302518,302921	SpendCircle
29249	Spectral Scythe	Reaper	Domination	500484	SpendSquare
9221	Eternal Magic	Runemaster	Runic	806698	SpendCircle
29455	Shroud of Pride	Cultist	Class	805126	SpendCircle
1803	Sporadic Incantations	Chronomancer	Artificer	570061	SpendCircle
7226	Entropy Overload	Chronomancer	Class	706084	SpendCircle
7242	Shadra's Lair	Venomancer	Class	804978	SpendSquare
7258	Survival Kit	Ranger	Class	504329	SpendCircle
6272	Mass Nightmare	Cultist	Class	805114	SpendSquare
29268	Shadow Words	Cultist	Class	706928	SpendCircle
29216	Banner of Conquest	Guardian	Inspiration	500261	SpendSquare
7322	Protector of the Grove	Primalist	Class	504198	SpendCircle
7338	Brutal Form	Barbarian	Headhunting	705235	SpendCircle
7354	Coagulation	SonOfArugal	Class	706258	SpendCircle
34366	Titanfall	Monk	Crusader	300607	SpendCircle
7386	Fueling the Fire	Pyromancer	Flameweaving	806747	SpendCircle
34622	Elements, Heed My Call!	Runemaster	Riftblade	706670	SpendCircle
7418	Trapper	WitchHunter	Houndmaster	681180	SpendCircle
7434	Blood Redistribution	SonOfArugal	Fleshweaver	706256	SpendCircle
7450	Crimson Tide	SonOfArugal	Fleshweaver	504282	SpendSquare
30288	Cloudsurfer	Stormbringer	Maelstrom	806414	SpendCircle
7482	Just A Sip	WitchHunter	Class	705533	SpendCircle
29984	Kennel Master	WitchHunter	Houndmaster	706365,707891	SpendCircle
7514	Unyielding Form	Primalist	Mountain King	706161,707808	SpendCircle
30112	Anima Ambusher	Reaper	Soul	705424	SpendCircle
30176	Chainwhip	KnightOfXoroth	Class	800081	SpendSquare
30240	Mooncharged Blades	Starcaller	Moon Guard	536216	SpendCircle
30304	Embrace the Fire	Pyromancer	Incineration	503636	SpendCircle
7594	Wide Swings	WitchHunter	Black Knight	681098	SpendCircle
7610	Voidwarding	Cultist	Dreadnought	560002	SpendCircle
7626	Embodiment of Y'shaarj	Cultist	Dreadnought	681088	SpendCircle
30560	Eye of the Tyrant	DemonHunter	Tyrant	560549	SpendCircle
11219	Thane's Grip	Barbarian	Ancestry	803798	SpendCircle
7674	Cardiac Arrest	SonOfArugal	Sanguine	806944	SpendCircle
7690	Warden's Precision	Starcaller	Warden	680212	SpendCircle
7706	Starbound	Starcaller	Moon Guard	704787	SpendCircle
7722	Green Salve	Venomancer	Class	800902	SpendSquare
7738	Good Venom	Venomancer	Vizier	680797	SpendCircle
7754	Darkfallen Lament	SonOfArugal	Fleshweaver	680828	SpendSquare
31072	Blessed Magic	SunCleric	Valkyrie	560111	SpendCircle
7786	Lord of the Arena	Guardian	Class	802290	SpendCircle
9283	Spiritual Healing	Venomancer	Vizier	706211	SpendCircle
31264	Invigoration	Stormbringer	Wind	705700	SpendCircle
7834	Arcane Glyph	Runemaster	Arcane	805727	SpendCircle
31392	Oblivion	DemonHunter	Slayer	572889	SpendCircle
33886	Horrific Revelations	Cultist	Heretic	524877	SpendCircle
30523	Blessing of Yogg-Saron	Cultist	Heretic	807128	SpendCircle
34495	Withering Touch	Reaper	Class	573071	SpendSquare
7914	Fate Twister	Chronomancer	Artificer	706133	SpendCircle
4496	Power of Yogg-Saron	Cultist	Heretic	806264	SpendCircle
7946	Dreadknight	Reaper	Domination	300560,301352	SpendCircle
29915	Void Barrier	Cultist	Heretic	300291	SpendCircle
33926	Hand of Yogg-Saron	Cultist	Heretic	704476	SpendSquare
31299	Scars of the Past	DemonHunter	Slayer	520805	SpendCircle
8010	Trueshot Lodge Training	Ranger	Brigand	803113,803855	SpendCircle
11955	Gutpiercer	Ranger	Farstrider	573059	SpendCircle
12453	Visions of the Empire	Cultist	Heretic	806384	SpendCircle
29372	Heartseeking Bolt	WitchHunter	Boltslinger	805754	SpendSquare
6156	Anomaly Spikes	Chronomancer	Infinite	503825,504886	SpendCircle
6310	Dark Reservoir	Cultist	Heretic	300284	SpendCircle
30935	Ancient Rituals	Cultist	Heretic	807877	SpendCircle
4196	Void Power	Cultist	Heretic	574147	SpendCircle
12179	Brimstone Flames	KnightOfXoroth	Hellfire	807671	SpendCircle
7639	By The Light	SunCleric	Valkyrie	680620	SpendCircle
29344	Dark Veil	Cultist	Heretic	520345	SpendSquare
30936	Forbidden Strength	Cultist	Heretic	301258	SpendCircle
34966	Transfusion	SonOfArugal	Class	705734	SpendSquare
4123	Overwhelming Presence	Guardian	Gladiator	712367	SpendCircle
4536	Persistent Prayers	Cultist	Heretic	302072,302919	SpendCircle
33975	Dark Rites	Cultist	Heretic	300290	SpendCircle
33925	Protection From Light	Cultist	Heretic	704434	SpendCircle
9296	Void-Touched	Cultist	Heretic	300286	SpendCircle
34392	Grace of Aman'thul	Monk	Oathkeeper	301059	SpendCircle
7878	Fine Tuned	Tinker	Mechanics	705792	SpendCircle
12563	Skull Smash	Barbarian	Class	560532	SpendSquare
29281	Killing Spree	Barbarian	Brutality	850021	SpendSquare
4267	Beyond the Veil	Reaper	Soul	804053	SpendCircle
29409	Illidari Barrier	DemonHunter	Class	300468	SpendCircle
34368	Improved Benediction	Monk	Class	705287	SpendCircle
30387	Unified Rage	Barbarian	Ancestry	705212	SpendCircle
29601	Endbringer	Reaper	Soul	800922	SpendSquare
2174	Putrifier	Necromancer	Animation	302923	SpendCircle
29729	Strength of Da Loa	WitchDoctor	Shadowhunting	300871	SpendCircle
29793	Headhunter's Spear	Barbarian	Class	804137	SpendSquare
29857	Echo of Nozdormu	Pyromancer	Draconic	520937	SpendSquare
29921	Build: Spider Bomb Factory	Tinker	Demolition	802052	SpendSquare
33966	Forbidden Ritual	Cultist	Heretic	800105	SpendSquare
30049	Dirty Blades	Ranger	Brigand	680276	SpendSquare
30113	Tormented Souls	Reaper	Class	500483	SpendSquare
4475	Windsage	Runemaster	Riftblade	705568	SpendCircle
30241	Vengeful Inspiration	Starcaller	Moon Guard	680784	SpendCircle
33887	Lead the Covenant	Cultist	Heretic	704884	SpendCircle
30369	Moonwell	Starcaller	Class	804739	SpendSquare
30433	Light Nets	Guardian	Class	704150	SpendCircle
30497	Forbidden Technique	Necromancer	Animation	561215	SpendCircle
30561	Dark Lord	DemonHunter	Tyrant	300470	SpendCircle
30625	Pulverizing Blade	Starcaller	Warden	805437	SpendCircle
30689	Primal Fury	Primalist	Class	504193	SpendCircle
9236	Hunter's Sight	Starcaller	Sentinel	561022	SpendCircle
9268	Executioner	Reaper	Harvest	500542	SpendCircle
4651	Solar Discernment	SunCleric	Seraphim	807654	SpendCircle
30945	Drown	Stormbringer	Maelstrom	806407	SpendSquare
30766	Circle of Valor	SunCleric	Class	520647	SpendSquare
29267	Eldritch Eye	Cultist	Heretic	802049	SpendSquare
31137	Jungle Secrets	WitchDoctor	Brewing	707212	SpendCircle
31201	Widow's Kiss	Venomancer	Stalking	807600	SpendCircle
33857	Starburst Invigoration	Starcaller	Moon Guard	704792	SpendCircle
9295	Shadow Training	Cultist	Heretic	805607	SpendCircle
31324	Malevolent Power	Cultist	Heretic	301183	SpendCircle
30522	Shadow Pennant	Cultist	Heretic	706926,525307	SpendCircle
34369	Divine Strikes	Monk	Crusader	705255	SpendCircle
34497	Soul Protector	Reaper	Class	300553	SpendCircle
33935	Blade of Yogg-Saron	Cultist	Heretic	524887,525078	SpendCircle
11811	Moonblessed Aspects	Starcaller	Class	706232	SpendCircle
31191	Malevolence	Cultist	Heretic	500714	SpendSquare
31344	Stranglethorn Style	WitchDoctor	Voodoo	705877	SpendCircle
4393	Blessing of C'Thun	Cultist	Corruption	301255	SpendCircle
19684	Shockingly Powerful	Stormbringer	Maelstrom	572310	SpendCircle
29476	Apocalyptic Skies	Cultist	Corruption	301200	SpendCircle
9908	Spirit Beast Communion	Primalist	Primal	573365	SpendSquare
33953	Horrorbolt Volley	Cultist	Corruption	704892	SpendCircle
4987	Cutting Edge Technology	Tinker	Class	707398	SpendCircle
33959	Abyssal Destruction	Cultist	Corruption	300308	SpendCircle
31356	Occultism	Cultist	Corruption	300305	SpendCircle
33957	Misery	Cultist	Corruption	300298	SpendCircle
34390	Lightkeeper	Monk	Oathkeeper	560835	SpendCircle
33746	Everlasting Hunt	SonOfArugal	Accursed	804686	SpendCircle
1710	Fury of Xoroth	KnightOfXoroth	Hellfire	802615	SpendCircle
4392	Dark Revelation	Cultist	Corruption	300313	SpendCircle
34588	Brand of the Unworthy	WitchHunter	Class	501380	SpendSquare
33945	Inner Turmoil	Cultist	Corruption	706722	SpendCircle
29693	Painmail	Reaper	Domination	801325	SpendCircle
9321	Ghastly Screech	Reaper	Class	806146	SpendSquare
33938	Worrysome Idol	Cultist	Corruption	706917	SpendCircle
5195	Mechanosoldier	Tinker	Class	705827	SpendCircle
34404	Master of Arms	Guardian	Class	705315	SpendCircle
5227	Transcendent Guardian	Monk	Oathkeeper	804571	SpendCircle
29445	Sargeras Embrace	DemonHunter	Infernal	800355	SpendSquare
33858	Nebula	Starcaller	Moon Guard	300992	SpendCircle
33986	Radiant Fury	SunCleric	Piety	300325	SpendCircle
5291	Sage	Venomancer	Vizier	680768	SpendCircle
29410	Storm Rider	Stormbringer	Class	705677	SpendCircle
2312	Whispers of C'Thun	Cultist	Corruption	807512	SpendCircle
30671	Dark Revelation	Cultist	Corruption	706245	SpendCircle
33939	Mind Rot	Cultist	Corruption	300300	SpendCircle
31262	Spirit Culling	Reaper	Domination	301986	SpendCircle
29471	Eldritch Devastation	Cultist	Corruption	802727	SpendSquare
13052	Call of C'Thun	Cultist	Corruption	301317	SpendCircle
29858	Dragon Leap	Pyromancer	Class	806611	SpendSquare
29922	Chaotic Intuition	DemonHunter	Infernal	300483	SpendCircle
29986	Vampiric Tonic	WitchHunter	Class	802276	SpendSquare
30050	Woodland Stalker	Ranger	Class	705034	SpendCircle
3830	Gift of the Sun	SunCleric	Valkyrie	680618	SpendCircle
30178	Brimstone's Blood	KnightOfXoroth	Class	300387	SpendCircle
6557	Moment of Clarity	Cultist	Corruption	706179,707783	SpendCircle
11060	Honorbound	Guardian	Vanguard	803571	SpendCircle
6327	Feeding Darkness	Cultist	Corruption	300302,301347	SpendCircle
5563	Crimson Terror	SonOfArugal	Sanguine	560073	SpendCircle
30498	Call: Hellfire Abyssal	KnightOfXoroth	Defiance	805074	SpendSquare
7373	Guarding Rune	Runemaster	Runic	500464	SpendSquare
30626	Shadowsong's Mandate	Starcaller	Warden	805439	SpendSquare
11252	Storm Synergy	Stormbringer	Maelstrom	578300	SpendCircle
30754	Cold Brew	Barbarian	Ancestry	705211	SpendCircle
30818	Sunbeams	SunCleric	Blessings	807874	SpendCircle
29402	Blighted Strikes	DemonHunter	Slayer	570077	SpendCircle
30946	Unstable	Stormbringer	Maelstrom	705723	SpendCircle
31190	Darkwither	Cultist	Corruption	800446	SpendSquare
11444	Dark Intent	SonOfArugal	Accursed	707622	SpendCircle
6394	Chain Warden	KnightOfXoroth	Class	704185	SpendCircle
33731	Frigid Power	Necromancer	Rime	560620	SpendCircle
31266	Windrunner	Stormbringer	Wind	707719	SpendCircle
30695	Xorothian Sigil	KnightOfXoroth	Class	801061	SpendSquare
7860	Warlock Training	DemonHunter	Class	560641	SpendCircle
34243	Azzinoth's Assault	DemonHunter	Slayer	801904	SpendSquare
34371	Focused	Monk	Crusader	300524	SpendCircle
34499	Soul Furnace	Reaper	Class	805184	SpendCircle
29623	Brute Strength	KnightOfXoroth	Class	680723	SpendCircle
34069	Rage of Xoroth	KnightOfXoroth	Class	300376	SpendCircle
6347	Sly	Ranger	Class	560339	SpendCircle
29620	Mounted Champion	KnightOfXoroth	Class	706295	SpendCircle
12620	Mounted Reaver	KnightOfXoroth	Class	707835	SpendCircle
11892	Eldritch Screams	Cultist	Class	525049	SpendCircle
34096	Hellbreaker	KnightOfXoroth	Class	680216	SpendCircle
11956	Battle Screech	Ranger	Farstrider	705070	SpendSquare
5995	Medical Degree	Tinker	Class	505327	SpendCircle
6011	Shadow Enchantments	WitchDoctor	Shadowhunting	300662,301361	SpendCircle
6027	Unstable Concoction	WitchDoctor	Brewing	802487	SpendCircle
7366	Warpath	KnightOfXoroth	Class	805793	SpendCircle
6059	Voodoo Mind	WitchDoctor	Voodoo	504462	SpendCircle
7652	Adjudicator	SunCleric	Seraphim	704903	SpendCircle
3924	To The Skies!	Ranger	Farstrider	301365	SpendCircle
12212	Command: Bonefreeze	Necromancer	Rime	504489	SpendSquare
34112	Burning Rage	KnightOfXoroth	Class	520295	SpendSquare
6139	Serpent Lord's Ritual	Venomancer	Vizier	706018	SpendCircle
6155	Volcanic Blast	Primalist	Geomancy	680451,681480	SpendCircle
6171	Temporal Convergence	Chronomancer	Artificer	807588	SpendCircle
6187	Time Beacon	Chronomancer	Time	574310,574362	SpendCircle
30016	Juggernaut	KnightOfXoroth	Class	520294	SpendSquare
6363	Reflective Shield	Guardian	Class	300927	SpendSquare
6235	Primordial Earth	Primalist	Life	806536	SpendCircle
6251	Primal Rage	Primalist	Primal	300690	SpendCircle
33732	Foul Invocation	Necromancer	Class	804371	SpendSquare
33860	Bonds of Justice	Starcaller	Warden	680705	SpendSquare
33988	Solar Invocation: Conquest	SunCleric	Class	800764	SpendSquare
6315	Galaxy	Starcaller	Class	800508	SpendCircle
6331	Surprise Strategy	Venomancer	Class	706035	SpendCircle
34372	Righteous Tempest	Monk	Crusader	805409	SpendSquare
34500	Between Shadows	Reaper	Class	560412	SpendCircle
34628	Bloody Sacrifice	SonOfArugal	Class	705742	SpendCircle
29667	Rylak's Bite	Primalist	Primal	706342	SpendSquare
6411	Houndfeeder	WitchHunter	Houndmaster	705477	SpendCircle
12852	Interrogator	WitchHunter	Inquisition	806188	SpendCircle
34076	Fiend of Forges	KnightOfXoroth	Defiance	300386	SpendCircle
6459	Icecrown Scriptures	Necromancer	Class	300234,301325	SpendCircle
6475	Glyph of Disappearance	Runemaster	Riftblade	560037	SpendCircle
30051	Dirty Fighter	Ranger	Class	705044	SpendCircle
7365	Hell Blender	KnightOfXoroth	Class	704975	SpendCircle
30179	Brimstone Splinters	KnightOfXoroth	Hellfire	805703	SpendCircle
6539	Valkyr's Grip	SunCleric	Valkyrie	807507,807873	SpendCircle
6555	Cobalt-Plated Armor	Necromancer	Class	300945	SpendCircle
34114	Omen of Rage	KnightOfXoroth	Class	706590	SpendCircle
6587	Heavy Earth	Primalist	Geomancy	706160	SpendCircle
30499	Unbreakable	Venomancer	Fortitude	705991	SpendCircle
30563	Illidari Training	DemonHunter	Tyrant	805249	SpendCircle
30701	Black Shield	KnightOfXoroth	Class	805679	SpendSquare
6651	Primal Power	Primalist	Life	706216	SpendCircle
31194	Dawnsear	SunCleric	Piety	500146	SpendSquare
30819	Everlasting Invigoration	Stormbringer	Wind	706628,707800	SpendCircle
6699	Carbon Dating	Chronomancer	Time	706102	SpendCircle
30947	Kinetic Energy	Stormbringer	Maelstrom	806409	SpendCircle
7360	Demonfire Plating	KnightOfXoroth	Class	704966,302549	SpendCircle
29387	Annihilan Strike	DemonHunter	Slayer	801903	SpendSquare
31139	Mind Melt	Chronomancer	Infinite	572771	SpendCircle
33733	Winds of Northrend	Necromancer	Class	301333	SpendCircle
31267	Gale	Stormbringer	Wind	804036	SpendSquare
30668	Chains of Malice	KnightOfXoroth	Class	803185	SpendSquare
34117	Darkrider	KnightOfXoroth	Class	704980	SpendCircle
13684	Coated In Blood	SonOfArugal	Eternal	707626	SpendCircle
34373	Retribution	Monk	Crusader	707391	SpendCircle
6875	Fel Communion	DemonHunter	Class	705105	SpendCircle
6891	Necrotic Chains	Necromancer	Rime	801733	SpendCircle
30428	Legion's Presence	KnightOfXoroth	Defiance	804879	SpendSquare
7367	A Curse from Hell	KnightOfXoroth	Defiance	302548	SpendCircle
12765	Demonic Bulwark	KnightOfXoroth	Defiance	573066	SpendCircle
6955	Horn of War	Ranger	Farstrider	800086	SpendSquare
6971	Nanobot Cleanser	Tinker	Invention	502537	SpendSquare
6987	Pyromantic Accelerants	Pyromancer	Incineration	706889	SpendCircle
9909	Empowered Boons	Primalist	Primal	706340	SpendCircle
7840	The BIG Guns!	Tinker	Demolition	560593	SpendCircle
7035	Rocket Pack	Tinker	Demolition	705820	SpendCircle
7051	Blazing Chariot	SunCleric	Blessings	300350	SpendCircle
30177	Curse of Xoroth	KnightOfXoroth	Defiance	804169	SpendSquare
7083	As The Prophecy Foretold	Cultist	Heretic	504642	SpendCircle
7099	Suffuse	KnightOfXoroth	Class	801063	SpendSquare
32547	Infinite Sands	Chronomancer	Class	500115	SpendCircle
7131	Potent Mixes	WitchDoctor	Brewing	503748,504888	SpendCircle
7147	Venomancy Expert	Venomancer	Class	706027	SpendCircle
30700	Demonic Grit	KnightOfXoroth	Defiance	805678,807898	SpendCircle
30124	Black Skull Shield	KnightOfXoroth	Defiance	804354	SpendCircle
7195	Serpent Lord	Venomancer	Stalking	805104	SpendCircle
7887	Hellfire Bellows	KnightOfXoroth	Defiance	807587	SpendSquare
6548	Judgement of the Valkyrie	SunCleric	Valkyrie	300315	SpendCircle
29624	Brimstone Striker	KnightOfXoroth	Defiance	807144	SpendCircle
7259	Callous Soul	Reaper	Harvest	705418	SpendCircle
9258	Demon King	KnightOfXoroth	Defiance	560546	SpendCircle
29156	Heartless	WitchHunter	Boltslinger	680326,680327	SpendCircle
29220	Unscuffable	Guardian	Vanguard	503837	SpendCircle
29284	Ale of The God-King	Barbarian	Ancestry	805780	SpendSquare
29348	Blind Stupor	Barbarian	Ancestry	805811	SpendCircle
7355	Frenzied Spirits	WitchDoctor	Shadowhunting	560748	SpendSquare
7371	Phylactery	Necromancer	Class	500933	SpendSquare
7387	Spirit of Fire	Pyromancer	Flameweaving	500167,500644	SpendCircle
29604	Ravenous Thirst	Reaper	Harvest	705409	SpendCircle
12843	Shade	Reaper	Soul	573038	SpendSquare
7435	Raging Hunger	SonOfArugal	Fleshweaver	681336	SpendCircle
7451	Plagueland Survivalist	WitchHunter	Class	681169	SpendCircle
29860	Searing Flames	Pyromancer	Draconic	503863	SpendCircle
7483	Spiritual Abdicator	Monk	Oathkeeper	803219	SpendCircle
29988	Smite Evil	WitchHunter	Inquisition	802004	SpendSquare
7515	Stonebound	Primalist	Mountain King	680415	SpendCircle
7531	Rockslide	Primalist	Geomancy	560154	SpendCircle
30180	Lethal Wounds	Ranger	Archery	705055	SpendCircle
7563	Twilight's Call	Cultist	Godblade	301180	SpendCircle
7579	Black Guard	WitchHunter	Black Knight	680523	SpendCircle
7595	Dark Chivalry	WitchHunter	Black Knight	680525	SpendCircle
30436	Bells of Light	Monk	Oathkeeper	801204,803842	SpendCircle
7627	Twilight Guardian	Cultist	Dreadnought	704889	SpendCircle
34086	Brimstone Knight	KnightOfXoroth	Defiance	704972	SpendCircle
30628	Verdant Warrior	Primalist	Life	301299,573132	SpendCircle
11253	Hydromatic	Stormbringer	Maelstrom	300619	SpendCircle
7691	Gorge	SonOfArugal	Fleshweaver	804805	SpendSquare
7707	Starlight Duelist	Starcaller	Moon Guard	805505	SpendCircle
11349	Quick-Witted	Ranger	Brigand	704311	SpendCircle
7739	Tyrande's Vigilance	Starcaller	Sentinel	680801	SpendCircle
6551	Flexible Thinking	Tinker	Class	705825,705826	SpendCircle
34079	Stoke the Flames	KnightOfXoroth	Defiance	704973	SpendCircle
7787	Skirmish	Ranger	Archery	802039	SpendSquare
7803	Dark Iron Legacy	Pyromancer	Incineration	680970	SpendCircle
33863	Timed Attacks	Pyromancer	Draconic	704812,707803	SpendCircle
31332	Infinity Stone	Chronomancer	Artificer	300873	SpendCircle
11605	Frigid Elements	Runemaster	Arcane	707654	SpendCircle
6681	Infernal Bulwark	KnightOfXoroth	Defiance	706564	SpendCircle
34375	Binding Scripture	Monk	Class	801457	SpendCircle
7899	Mind Games	Cultist	Class	582589	SpendCircle
7915	Infinite Shield	Chronomancer	Class	520457	SpendSquare
7931	Wild Magic	Pyromancer	Draconic	705559	SpendCircle
11797	Battle Drums	Guardian	Inspiration	803683	SpendSquare
6391	Demon's Breath	KnightOfXoroth	Defiance	706563	SpendCircle
11861	End of Time	Chronomancer	Infinite	704490	SpendCircle
9260	Hellfire Resolve	KnightOfXoroth	Defiance	573035	SpendCircle
4006	Shadowhunter	WitchDoctor	Shadowhunting	92086	SpendCircle
4014	Air Elemental	Stormbringer	Wind	92097	SpendSquare
4022	Zealotry	Monk	Zealot	92108	SpendCircle
4030	Dream Flowers	Ranger	Farstrider	92117	SpendCircle
4038	Spirit of the Phoenix	Pyromancer	Flameweaving	92126	SpendCircle
4046	Sunrise and Sunset	SunCleric	Piety	92135	SpendCircle
4054	Exposed Flesh	Venomancer	Fortitude	92144	SpendCircle
4062	Fists of Power	Runemaster	Runic	92153	SpendCircle
5392	Soul Furnace	KnightOfXoroth	Defiance	706758	SpendCircle
34077	Hellfire Reprimand	KnightOfXoroth	Defiance	706565	SpendCircle
34132	Implosion	KnightOfXoroth	Defiance	524897	SpendSquare
12277	Giant Tosser	Barbarian	Brutality	807863	SpendCircle
6619	Hellish Rebuke	KnightOfXoroth	Defiance	300391	SpendCircle
9485	Demonfire Retaliation	KnightOfXoroth	Defiance	573034	SpendCircle
9270	Bountiful Harvest	Reaper	Harvest	706576	SpendCircle
4156	Elven Tactics	Ranger	Class	560701	SpendCircle
34108	Doom	KnightOfXoroth	Hellfire	802602	SpendSquare
6620	Hellsmelted Armor	KnightOfXoroth	Defiance	706569,707836	SpendCircle
30236	Call: Hellfire Imp	KnightOfXoroth	Defiance	804883	SpendSquare
4220	Shield Training	Guardian	Gladiator	524885	SpendCircle
33864	Ascender	Pyromancer	Draconic	807319	SpendCircle
6851	Lightning Rod	Stormbringer	Lightning	300609	SpendCircle
29349	Earthshaker	Primalist	Primal	300698	SpendCircle
29413	Heat Wave	SunCleric	Blessings	534267	SpendCircle
29477	Yawning Decay	Cultist	Corruption	706909	SpendCircle
4316	Aeon Rend	Chronomancer	Infinite	583248	SpendCircle
30710	Ascended Warlock	KnightOfXoroth	Hellfire	802610	SpendCircle
4348	Pious	Monk	Class	706431	SpendCircle
4364	Scarlet Champion	Monk	Crusader	805415	SpendCircle
12853	Artificer's Wand	Chronomancer	Artificer	804478	SpendSquare
29861	Rot Fetishist	Necromancer	Death	805675	SpendCircle
34100	Hellstorm	KnightOfXoroth	Hellfire	802342	SpendSquare
11106	Evil Duo	KnightOfXoroth	Hellfire	704961	SpendCircle
30053	Woodland Adept	Ranger	Class	570015	SpendSquare
30713	Punisher	KnightOfXoroth	Hellfire	704988	SpendCircle
29221	Uncovered Engravings	Runemaster	Runic	567233	SpendCircle
29363	Spirit Charge	Primalist	Life	800144	SpendSquare
30309	Enveloped in Light	SunCleric	Class	680652,681467	SpendCircle
12607	Partners in Flames	KnightOfXoroth	Hellfire	500578	SpendCircle
30437	Paragon	Monk	Oathkeeper	706357	SpendCircle
4706	Impish Pestilence	KnightOfXoroth	Hellfire	300398	SpendCircle
4572	Eye of Kimbul	WitchDoctor	Shadowhunting	503714	SpendCircle
6859	Infernal Pursuit	KnightOfXoroth	Hellfire	704992,707745	SpendCircle
29299	Bramblepatch	Primalist	Class	806415	SpendSquare
4620	Mutation	Necromancer	Death	500342	SpendSquare
30821	Dark Harvester	Necromancer	Death	807960	SpendCircle
9302	Void Reaver	Cultist	Dreadnought	800463	SpendCircle
30949	Elemental Cascade	Primalist	Life	504196	SpendCircle
6643	Ghostly Weapon	Reaper	Soul	803997	SpendSquare
29230	Seismic Wave	Primalist	Life	805462	SpendSquare
9430	Spirit Render	Reaper	Soul	570338	SpendCircle
33737	Adrenaline	SonOfArugal	Class	300986	SpendCircle
9257	Hellfire Rituals	KnightOfXoroth	Hellfire	500551	SpendCircle
31333	Threads of Eternity	Chronomancer	Artificer	806209	SpendCircle
34063	Grotesque	KnightOfXoroth	Hellfire	707515	SpendCircle
9590	Lifeblood	Venomancer	Class	804963	SpendSquare
34377	Judicator	Monk	Class	706359	SpendCircle
34505	Harvester's Scythe	Reaper	Class	805188	SpendCircle
34633	Eternal Resolve	SonOfArugal	Eternal	801962	SpendSquare
7861	Cursed Flames	DemonHunter	Infernal	300478	SpendCircle
9750	Damnation	WitchHunter	Boltslinger	520062	SpendSquare
9782	Grappling Arrows	Ranger	Class	561106	SpendCircle
34647	Elemental Secrets	Runemaster	Class	707149	SpendCircle
29619	Seething Strikes	KnightOfXoroth	Hellfire	300375	SpendCircle
9878	Imp Guards	KnightOfXoroth	Defiance	804340	SpendCircle
34066	Hellfire Form	KnightOfXoroth	Hellfire	805696	SpendSquare
34111	Calamity	KnightOfXoroth	Hellfire	300393	SpendCircle
34067	Claws of Hell	KnightOfXoroth	Hellfire	805706	SpendCircle
34068	Flamewrath	KnightOfXoroth	Hellfire	301358	SpendCircle
34110	To Ashes	KnightOfXoroth	Hellfire	705000	SpendCircle
6427	Unshackle	Stormbringer	Wind	706625	SpendSquare
30709	Seeking Flame	KnightOfXoroth	Hellfire	805671	SpendSquare
30697	Pestilence of Apocalypse	KnightOfXoroth	Hellfire	804786	SpendSquare
30691	Invasion	KnightOfXoroth	Hellfire	300374,301357	SpendCircle
6519	Combusting Blade	KnightOfXoroth	Hellfire	704999,707837	SpendCircle
5116	Clockwork Ingenuity	Tinker	Class	505336	SpendCircle
34244	Fury Unleashed	DemonHunter	Slayer	555738	SpendSquare
31167	Hellmaw	KnightOfXoroth	Hellfire	806965	SpendSquare
5164	Spirit Striker	WitchDoctor	Shadowhunting	806286	SpendCircle
34120	Hellknight	KnightOfXoroth	War	800702	SpendCircle
29376	Gorged	KnightOfXoroth	War	680199	SpendCircle
5212	Mechsuit: Activate Jets	Tinker	Mechanics	801389	SpendSquare
29519	Demonic Blade	KnightOfXoroth	War	704957	SpendCircle
33738	Master Lich	Necromancer	Rime	560848	SpendCircle
29222	Bursting Pulses	Runemaster	Arcane	300584	SpendCircle
33994	Exorcism	SunCleric	Class	300341	SpendCircle
29350	Sacred Grove	Primalist	Life	800180	SpendSquare
4733	Mojo Wave	WitchDoctor	Brewing	707617	SpendCircle
29478	Embrace the Void	Cultist	Corruption	300307	SpendCircle
7891	Brimstone Bludgeon	KnightOfXoroth	War	800710	SpendSquare
7892	The Butcher	KnightOfXoroth	War	704952	SpendCircle
29670	Wonders of Time	Chronomancer	Time	560541	SpendCircle
6360	Jagged Edge	KnightOfXoroth	War	707614	SpendCircle
29798	Banner Boy	Guardian	Inspiration	705359,707827	SpendCircle
29280	Demonic Frenzy	KnightOfXoroth	War	705008	SpendCircle
29926	Fury of the Illidari	DemonHunter	Slayer	561216	SpendSquare
34104	Hook, Line, and Sinker	KnightOfXoroth	War	680991	SpendCircle
30054	Command Aura	Ranger	Farstrider	524600	SpendSquare
30118	Ghostly Magic	Reaper	Soul	803998,807889	SpendCircle
34056	Domination	KnightOfXoroth	War	704979	SpendCircle
11212	Chop Shop	KnightOfXoroth	War	704953	SpendCircle
5532	Nature's Will	Primalist	Geomancy	560140	SpendCircle
30374	Symbol of the Warspear	Barbarian	Brutality	804730	SpendCircle
30438	Light's Guidance	Monk	Zealot	524765	SpendCircle
34119	Hand of Doom	KnightOfXoroth	War	704186	SpendCircle
30566	Battle Finesse	DemonHunter	Tyrant	704611	SpendCircle
30630	Ember Charm	Pyromancer	Flameweaving	704861	SpendCircle
30694	Hellfire Striker	KnightOfXoroth	War	573036	SpendCircle
30758	Echoes of Eternity	Runemaster	Runic	521211	SpendCircle
30822	Raise: Gargoyle	Necromancer	Death	500329	SpendSquare
5676	Healing Radiator	Tinker	Invention	705846	SpendCircle
30950	Dark Presence	SonOfArugal	Sanguine	300957	SpendCircle
34125	Hellsmelted	KnightOfXoroth	War	705016	SpendCircle
7883	Screamin' Demon	KnightOfXoroth	War	804947	SpendCircle
5753	Elune's Favor	Starcaller	Moon Priest	300237	SpendCircle
30705	Carver	KnightOfXoroth	War	707390	SpendCircle
33867	Invocation of Flames	Pyromancer	Draconic	704809	SpendCircle
31334	Crown of Power	Chronomancer	Infinite	805854	SpendCircle
34059	Boundless Fury	KnightOfXoroth	War	704954	SpendCircle
34251	Glaiving	DemonHunter	Slayer	560578	SpendCircle
34379	Sacred Style	Monk	Class	705278	SpendCircle
34507	Ghastly Hilt	Reaper	Soul	560927	SpendCircle
34635	Dark Skies	Stormbringer	Lightning	300593	SpendCircle
7888	Absolutism	KnightOfXoroth	War	706501	SpendCircle
30463	Legion Strength	KnightOfXoroth	War	572370	SpendCircle
29132	Reckless Assault	DemonHunter	Slayer	804610	SpendCircle
29621	Pestilence of Death	KnightOfXoroth	War	801054	SpendSquare
7408	Fiend	KnightOfXoroth	War	705005	SpendCircle
11926	Ionic Aura	Stormbringer	Class	707652	SpendCircle
5980	Stim Pack	Tinker	Invention	807531	SpendCircle
5996	Goblin Depravity	Tinker	Class	806762	SpendCircle
11261	Ripper	KnightOfXoroth	War	706331	SpendCircle
7881	Consuming Blade	KnightOfXoroth	War	707388,707839	SpendCircle
6044	Mojo Madness	WitchDoctor	Class	705871	SpendCircle
6936	Gored	KnightOfXoroth	War	705015	SpendCircle
6076	A Price To Pay	WitchDoctor	Shadowhunting	705948	SpendCircle
34127	Mutilation	KnightOfXoroth	War	805695,807900,807913	SpendCircle
6108	Toxic Expulsion	Venomancer	Fortitude	705959	SpendCircle
12684	Astral Onslaught	Starcaller	Warden	704789	SpendCircle
6140	Advisor's Perfidy	Venomancer	Vizier	300685	SpendCircle
8215	Blood Bond	SonOfArugal	Class	504627	SpendSquare
6172	Crystal Cannon	Chronomancer	Artificer	806204	SpendCircle
6364	Guardbreaker	Guardian	Class	504385	SpendCircle
6405	Blood Banquet	SonOfArugal	Sanguine	560250,561347	SpendCircle
34035	Solar Priest	SunCleric	Blessings	300347	SpendCircle
6236	Spiritual Warrior	Primalist	Life	504220	SpendCircle
29509	Knight of Dawn	SunCleric	Valkyrie	805647	SpendCircle
33740	Deadly Defense	Necromancer	Class	300580	SpendCircle
7642	Light's Blessing	SunCleric	Valkyrie	300318	SpendCircle
7641	Sunstorm	SunCleric	Valkyrie	760379	SpendSquare
6316	Unleashed Wisps	Starcaller	Sentinel	706230	SpendCircle
6332	The Stars Align	Starcaller	Class	300251	SpendCircle
6348	Archery Master	Ranger	Archery	706281	SpendCircle
29543	Scarlet Delirium	SonOfArugal	Class	801074	SpendSquare
29607	Envenomed Weapons	Venomancer	Class	300855	SpendSquare
11380	Radiant Power	SunCleric	Valkyrie	707613	SpendCircle
9307	Dark Mind	WitchHunter	Houndmaster	574148	SpendCircle
29799	Ancestral Combat	Barbarian	Ancestry	801782	SpendSquare
30536	The Jailer's Call	Reaper	Soul	805195	SpendCircle
29927	Legionfall	DemonHunter	Slayer	801899	SpendCircle
6476	Stone Petroglyph	Runemaster	Class	707157	SpendCircle
12982	Devour Curse	Cultist	Heretic	800402	SpendSquare
30119	Soul Splinters	Reaper	Domination	805719	SpendCircle
6524	Perpetual Fury	DemonHunter	Slayer	520244	SpendCircle
7637	Sunwalker	SunCleric	Valkyrie	704934	SpendCircle
6556	Studious	Stormbringer	Class	705657	SpendCircle
6336	March of the Valkyr	SunCleric	Valkyrie	560534	SpendCircle
30439	Templar Rituals	Monk	Crusader	520534	SpendCircle
11111	Fel Daze	DemonHunter	Tyrant	705131	SpendCircle
30567	Quick Carving	DemonHunter	Tyrant	520254	SpendCircle
9175	Wand Expert	Chronomancer	Artificer	574308	SpendCircle
6652	Chronicler	Chronomancer	Time	706134	SpendCircle
30690	Herald of Purity	SunCleric	Valkyrie	806058	SpendCircle
30823	Mojo Beam	WitchDoctor	Brewing	500950	SpendSquare
9303	Kingdom Hearts	WitchHunter	Boltslinger	582310	SpendCircle
6716	Soulforged Weaponry	Reaper	Soul	561127,561340	SpendCircle
11648	Leap of the Valkyrie	SunCleric	Valkyrie	301295	SpendCircle
31079	Demolisher	KnightOfXoroth	Defiance	807336	SpendCircle
31143	Ner'zhul's Blessing	Necromancer	Class	704729	SpendCircle
33741	Sanguine Scripture	SonOfArugal	Accursed	804851	SpendCircle
6796	You Want Axe?	Barbarian	Headhunting	560564	SpendCircle
31335	Life Cycles	Chronomancer	Class	680808	SpendCircle
6828	Bomb Toss	Tinker	Demolition	801005	SpendSquare
6844	Savagery	Barbarian	Class	800943	SpendCircle
34381	Holy Edge	Monk	Crusader	706312,707853	SpendCircle
6876	Vengeance Is Mine	DemonHunter	Tyrant	804822	SpendCircle
6892	Raising the Kirin Tor	Necromancer	Rime	805649	SpendCircle
6908	Master Builder	Tinker	Mechanics	704475	SpendCircle
9751	Wicked Intent	WitchHunter	Black Knight	504645	SpendCircle
11636	Arbiter of Light	SunCleric	Valkyrie	302914	SpendCircle
7636	Arbiter of Grace	SunCleric	Valkyrie	301313	SpendCircle
6972	Improved Emergency Heal	Tinker	Invention	504918	SpendCircle
7370	Radiant Halberd	SunCleric	Valkyrie	681252	SpendCircle
7004	Hyperblast Barrage	Tinker	Demolition	500249	SpendSquare
33982	Atone, Or Else	SunCleric	Valkyrie	680619	SpendCircle
9975	Surging Slash	Runemaster	Riftblade	705579	SpendCircle
7052	Call of N'Zoth	Cultist	Corruption	300306	SpendCircle
7068	Burned Alive	WitchHunter	Inquisition	705478	SpendCircle
7084	Dark Calling	Cultist	Class	560715	SpendCircle
7100	Dark Effigy	WitchDoctor	Voodoo	707331	SpendCircle
33980	Fervor of the Sun	SunCleric	Valkyrie	680622	SpendCircle
7132	Rage Brew	WitchDoctor	Brewing	503750	SpendSquare
7640	Justice	SunCleric	Valkyrie	520359	SpendSquare
31136	Spellfire Runes	Runemaster	Riftblade	801511	SpendCircle
7180	Lionheart	Guardian	Vanguard	531515	SpendCircle
7196	Fire and Brimstone	Pyromancer	Draconic	704849	SpendCircle
32502	Radiant Marks	SunCleric	Valkyrie	704947	SpendCircle
9271	Behemoth	Reaper	Domination	573041	SpendCircle
7244	Mamba Mentality	Venomancer	Class	503976	SpendCircle
33983	Sunsworn	SunCleric	Valkyrie	802935	SpendCircle
33997	Sunslam	SunCleric	Valkyrie	805629	SpendSquare
33742	Inhumane	SonOfArugal	Accursed	807488	SpendCircle
33870	Overwhelming Flames	Pyromancer	Draconic	704813	SpendCircle
33998	Daybreak	SunCleric	Blessings	500147	SpendSquare
31196	Glorious Execution	SunCleric	Valkyrie	800626	SpendSquare
29416	Grace	Ranger	Class	705092,707848,712477	SpendCircle
34382	Chivalric	Monk	Crusader	705272	SpendCircle
29544	No Mercy	SonOfArugal	Eternal	704660	SpendCircle
34638	Heavy Winds	Stormbringer	Class	567542	SpendCircle
7420	Low Dawn	WitchHunter	Houndmaster	680247	SpendCircle
29736	Brewmaster	WitchDoctor	Brewing	704512,707856	SpendCircle
29800	Improved Ancestral Combat	Barbarian	Ancestry	705209,705210,707777	SpendCircle
29864	Plague Revenant	Necromancer	Death	806321	SpendCircle
29928	Bad Juju	WitchDoctor	Voodoo	802087	SpendSquare
7500	Resources of the Earth	Primalist	Mountain King	560548	SpendCircle
7516	Spiritbound	Primalist	Mountain King	681364	SpendCircle
7532	Cataclysm	Primalist	Geomancy	680444	SpendCircle
7548	Earthmother's Blessing	Primalist	Class	560157	SpendCircle
7564	Nutcase	Cultist	Godblade	805117	SpendCircle
7580	Shadowy Tendrils	WitchHunter	Black Knight	707407	SpendCircle
7596	Foresight	WitchHunter	Black Knight	680599	SpendCircle
30440	Pure Focus	Monk	Crusader	705253,707852	SpendCircle
30211	Blessing of Triumph	SunCleric	Blessings	804250	SpendSquare
7644	Divine Retribution	SunCleric	Valkyrie	680624	SpendSquare
34041	Cultivate Divinity	SunCleric	Blessings	704920	SpendCircle
11255	Battle Prowess	Ranger	Farstrider	805888	SpendCircle
7692	Highest Order	Starcaller	Warden	680771	SpendCircle
7708	Guided Blades	Starcaller	Class	680738	SpendCircle
7724	Blightfang	Venomancer	Venom	680763	SpendCircle
7740	Ishnu-alah	Starcaller	Sentinel	524638	SpendCircle
34043	Lead Me Not Astray	SunCleric	Blessings	300357	SpendCircle
34042	Solar Invigoration	SunCleric	Blessings	806123	SpendSquare
7788	Boots of Elvenkind	Ranger	Archery	704317	SpendCircle
7804	Cataclysmic Power	Pyromancer	Incineration	804617,807882,807912	SpendCircle
6335	Touch of Light	SunCleric	Blessings	572885	SpendCircle
31336	Unearthed Power	Chronomancer	Infinite	503831	SpendCircle
7852	Evasive	WitchHunter	Boltslinger	805767	SpendCircle
7868	Mark of Chaos	DemonHunter	Class	524947	SpendCircle
34036	Harmonious Bells	SunCleric	Blessings	704917	SpendCircle
7900	Dark Protection	Cultist	Heretic	704897	SpendCircle
7916	Infinity	Chronomancer	Class	706128	SpendCircle
7932	Cinderstorm	Pyromancer	Draconic	706875	SpendCircle
7948	Touch of the Spirits	WitchDoctor	Brewing	578295	SpendCircle
11051	Gateway to Heaven	SunCleric	Blessings	301301	SpendCircle
12351	Improved Radiant Cascade	SunCleric	Blessings	807963	SpendCircle
4747	Heaven’s Appraisal	SunCleric	Blessings	300353	SpendCircle
7569	Noctis Blade	WitchHunter	Black Knight	802280	SpendSquare
9225	Sculptor of Doom	DemonHunter	Infernal	801235	SpendCircle
7719	Blessing of Retribution	SunCleric	Blessings	804254	SpendSquare
30760	Rancor	Barbarian	Brutality	704876	SpendCircle
14001	Sun Strength	SunCleric	Blessings	707517	SpendCircle
6322	Light The Way	SunCleric	Class	300336	SpendCircle
34002	Lightward	SunCleric	Blessings	800233	SpendCircle
12832	Pure Heart	SunCleric	Blessings	582832	SpendCircle
6513	Fel Haze	DemonHunter	Slayer	803903	SpendCircle
12215	Procrastination	Chronomancer	Class	520854	SpendCircle
4546	Holy Form	SunCleric	Blessings	805301	SpendSquare
12279	Reverse Engineering	Chronomancer	Artificer	520875	SpendCircle
30212	Hope	SunCleric	Blessings	300349	SpendCircle
7723	Worship	Venomancer	Vizier	706016	SpendCircle
7714	Blessing of Purity	SunCleric	Blessings	804253	SpendSquare
34037	Gleaming Light	SunCleric	Blessings	704568	SpendCircle
31376	Hot Spot	SunCleric	Blessings	301256	SpendCircle
29183	Divine Vision	SunCleric	Blessings	706735,707770	SpendCircle
4547	Sun Worship	SunCleric	Blessings	704910	SpendCircle
29161	Pure Agony	WitchHunter	Houndmaster	300789	SpendCircle
4237	Summoning Expert	Necromancer	Animation	807494	SpendCircle
4253	Battle Hardened	Monk	Zealot	706309	SpendCircle
30817	Faith	SunCleric	Blessings	707077	SpendCircle
34256	Dark Magician	DemonHunter	Infernal	560637	SpendCircle
34384	Condemnation	Monk	Zealot	706325	SpendCircle
4317	Malice	WitchHunter	Inquisition	707535	SpendCircle
34640	Elemental Inscription	Runemaster	Riftblade	806737	SpendCircle
6794	Hunting for Sport	Barbarian	Headhunting	706558	SpendCircle
29737	Doctor of the Jungle	WitchDoctor	Brewing	706545	SpendCircle
7718	Sanctified	SunCleric	Blessings	300344	SpendCircle
29865	Gravedigger	Necromancer	Class	704715	SpendCircle
29929	Malicious Golems	WitchDoctor	Voodoo	705912	SpendCircle
4429	Sniper's Focus	Ranger	Archery	680470	SpendCircle
30057	Brace	Guardian	Class	800313	SpendSquare
29506	Angelic	SunCleric	Blessings	704582,707771	SpendCircle
30185	Loksey's Journal	WitchHunter	Houndmaster	504903	SpendCircle
30249	Clasp of Infinity	Chronomancer	Class	805847	SpendSquare
13111	Tavern Brawl!	Barbarian	Ancestry	804456	SpendSquare
30377	Whirling Assault	Barbarian	Brutality	560563	SpendCircle
31284	Opportunist	Ranger	Archery	807493	SpendCircle
30505	Reformed	Venomancer	Fortitude	805103	SpendCircle
30569	Justicar's Wrath	SunCleric	Seraphim	806980	SpendSquare
4589	Monster Hunting	WitchHunter	Inquisition	300872	SpendCircle
9208	Tremors	Primalist	Primal	574323	SpendCircle
12532	Augmentor	Tinker	Mechanics	801821	SpendCircle
9272	Dark Soul	Reaper	Domination	706784	SpendCircle
30889	Prolonged Malice	WitchDoctor	Voodoo	704505	SpendCircle
31195	Bless	SunCleric	Blessings	804247	SpendSquare
6865	Duality of Light	SunCleric	Piety	806116	SpendCircle
30792	Reckless Movements	Barbarian	Brutality	705204	SpendCircle
13527	Hammer Time!	Primalist	Mountain King	681435	SpendCircle
33745	Reave	SonOfArugal	Accursed	800490	SpendSquare
33873	Inner Flame	Pyromancer	Draconic	301974	SpendCircle
34001	Everglow	SunCleric	Blessings	704565	SpendCircle
34020	Moment of Triumph	SunCleric	Piety	300367	SpendCircle
34257	Uniting Voice	Barbarian	Ancestry	705162	SpendCircle
34385	Sacred Resistance	Monk	Oathkeeper	301309	SpendCircle
5312	Burn The Heretics	SunCleric	Piety	560857	SpendCircle
34641	Improved Forked Lightning	Stormbringer	Lightning	300597	SpendCircle
34049	Soul of Light	SunCleric	Piety	807964	SpendCircle
34046	Learning Light	SunCleric	Piety	300360	SpendCircle
6386	Bomb Builder	Tinker	Demolition	520811	SpendCircle
9816	Valorous Champion	SunCleric	Valkyrie	804339	SpendCircle
34051	Harsh Lessons	SunCleric	Piety	804625	SpendCircle
7343	A Pious Life	SunCleric	Piety	570027,570223	SpendCircle
7306	Polearm Training	Guardian	Gladiator	802299,803832,807892	SpendCircle
9267	Spectre	Reaper	Soul	561170	SpendCircle
12210	Flames of the Father	SunCleric	Piety	806458	SpendCircle
30812	Holy Fervor	SunCleric	Piety	300323	SpendCircle
30307	Flames of Absolution	SunCleric	Piety	804632	SpendCircle
9977	Lights of Absolution	SunCleric	Piety	807343	SpendCircle
4986	City of Light	SunCleric	Piety	301239	SpendCircle
30815	Sun Gate	SunCleric	Piety	802161	SpendSquare
6816	Struck by the Sun	SunCleric	Piety	300723	SpendCircle
30310	Sun's Hope	SunCleric	Piety	560276	SpendCircle
6866	Wrath of God	SunCleric	Piety	301267,301343	SpendCircle
9705	Night Hunter's Howl	SonOfArugal	Eternal	500124	SpendSquare
30312	Purgation	SunCleric	Piety	806024	SpendCircle
30116	Soulstorm	Reaper	Domination	705403	SpendCircle
29923	Shadow Magi	DemonHunter	Infernal	803905	SpendCircle
30308	Burning Cascade	SunCleric	Piety	560859,561329	SpendCircle
2313	Fire from the Heavens	SunCleric	Piety	300369	SpendCircle
30311	Solar Conduit	SunCleric	Piety	300321	SpendCircle
29162	Reload	WitchHunter	Houndmaster	804190	SpendCircle
33874	Flames of Execution	Pyromancer	Draconic	706238	SpendCircle
29290	Volt	Stormbringer	Lightning	500928	SpendSquare
32499	Bright Flames	Pyromancer	Class	300759,301351	SpendCircle
34258	Frostbite	Barbarian	Ancestry	705158	SpendCircle
34386	Absolution	Monk	Oathkeeper	800424	SpendSquare
29501	Slam the Cogs!	Tinker	Mechanics	520453,520876	SpendCircle
29610	War Pig	KnightOfXoroth	Class	705020	SpendCircle
5373	Born Killer	Barbarian	Class	800131	SpendCircle
7651	Sun Strider	SunCleric	Seraphim	680641	SpendCircle
7656	Scroll of Hope	SunCleric	Seraphim	680646	SpendSquare
29866	Flesh to Worms	Necromancer	Death	500338	SpendSquare
29930	Dambala's Lethality	WitchDoctor	Shadowhunting	712312	SpendCircle
5453	Hellbound Charge	KnightOfXoroth	Class	807247	SpendSquare
11651	Clarity of the Heavens	SunCleric	Seraphim	704935	SpendCircle
7655	Sacred Vessel	SunCleric	Seraphim	680648	SpendCircle
30186	Deal With The Devil	WitchHunter	Houndmaster	680255	SpendCircle
30250	Hyperwand	Chronomancer	Artificer	706071	SpendCircle
7909	Sun Disc	SunCleric	Seraphim	560547	SpendCircle
30378	Steelslinger	Barbarian	Brutality	804750	SpendCircle
7665	Judgement	SunCleric	Seraphim	680645	SpendCircle
1374	Calm	SunCleric	Seraphim	804057	SpendSquare
7397	Gleaming Vigil	SunCleric	Class	704585	SpendCircle
30634	Magma Guardian	Pyromancer	Class	706872	SpendCircle
11256	Burning Power	KnightOfXoroth	Hellfire	500004	SpendCircle
30762	Ancestral Roar	Barbarian	Class	500918	SpendSquare
34014	Luminary Mendicant	SunCleric	Seraphim	547214	SpendCircle
8355	Med Pack	Tinker	Class	800347	SpendSquare
11384	Fervent Castigation	Monk	Zealot	707606	SpendCircle
7647	Gleaming Armor	SunCleric	Seraphim	805267	SpendCircle
34013	Valiance	SunCleric	Seraphim	680643	SpendCircle
7657	Bastion of Hope	SunCleric	Seraphim	704928	SpendCircle
34015	Blessing of Kings	SunCleric	Seraphim	561327	SpendCircle
31274	Scorching Spirit	Pyromancer	Flameweaving	805552,807935	SpendCircle
11006	Sunflare Aegis	SunCleric	Seraphim	707629	SpendCircle
7659	Paying The Tithe	SunCleric	Seraphim	680647,681468	SpendCircle
34259	Trip to the Alehouse	Barbarian	Ancestry	705152,707766	SpendCircle
34912	Storm Chaser	Stormbringer	Class	300612	SpendCircle
34515	Empyrean Fortitude	Reaper	Domination	706795	SpendCircle
31158	Ruin	DemonHunter	Infernal	801895	SpendSquare
7658	Sun Warrior's Guidance	SunCleric	Seraphim	800039	SpendCircle
7632	Grace	SunCleric	Seraphim	680650	SpendCircle
9650	Holy Strength	SunCleric	Seraphim	561159	SpendCircle
29816	Build: Restorative Beacon	Tinker	Invention	801801	SpendSquare
6772	Protector of the Flame	SunCleric	Seraphim	560492	SpendCircle
5965	Rejuvenating Gadget	Tinker	Invention	805306	SpendCircle
34012	Divine Right	SunCleric	Seraphim	680631,681469	SpendCircle
5997	Auto Resuscitation Device	Tinker	Class	520445	SpendSquare
6013	Spirit Out Of The Bottle	WitchDoctor	Brewing	301175	SpendCircle
34579	Leyline Disturbance	Runemaster	Runic	560540	SpendCircle
6045	Hollow Spirit	WitchDoctor	Voodoo	705917	SpendCircle
4649	Sun-Touched Armor	SunCleric	Seraphim	561023	SpendCircle
7818	Kirin Tor Agent	Runemaster	Arcane	705634	SpendCircle
12184	Timelost Power	Chronomancer	Infinite	807754	SpendCircle
7666	Hammer of Kings	SunCleric	Seraphim	804751	SpendSquare
6125	Charm of Warding	Venomancer	Fortitude	705967	SpendCircle
6141	Ritualistic	Venomancer	Vizier	503918	SpendCircle
11804	Caustic	Venomancer	Stalking	807610	SpendCircle
6173	Borrowed Time	Chronomancer	Artificer	680373	SpendCircle
11814	Consumed By Fel	DemonHunter	Slayer	300485	SpendCircle
6205	Primal Shred	Primalist	Primal	500940	SpendSquare
6221	Mass Babify	Chronomancer	Class	520855	SpendSquare
6455	Gallant	Guardian	Class	705368,707813	SpendCircle
7319	Dawnbreak	SunCleric	Seraphim	800654	SpendSquare
33748	Animate: Plaguefather	Necromancer	Animation	805048	SpendSquare
6285	Blightbreaker	SunCleric	Blessings	707433	SpendCircle
7685	Spirit of Vengeance	Starcaller	Warden	680711	SpendCircle
6317	Warden Training	Starcaller	Warden	704790	SpendCircle
34260	Drinking Frenzy	Barbarian	Ancestry	706821	SpendCircle
29181	New Day	SunCleric	Class	800600	SpendSquare
6365	Primal Resurgence	Primalist	Primal	300688	SpendCircle
6381	Loa Empowerment	WitchDoctor	Class	706368	SpendCircle
6505	Grenadier	Tinker	Demolition	707240	SpendCircle
6413	Witchblood Tonic	WitchHunter	Class	802278	SpendSquare
29803	First Blood	Barbarian	Class	560906	SpendCircle
6445	Heavy Handed	Primalist	Class	706344	SpendCircle
6461	Flamecasting	Pyromancer	Class	804300	SpendCircle
6477	Mind Wrath	Runemaster	Class	800757	SpendCircle
30059	Warstopper	Guardian	Class	705330	SpendCircle
6509	Tranquil Mind	Primalist	Life	504223,504882	SpendCircle
30187	Shadow Trap	WitchHunter	Class	680238	SpendSquare
30251	Temporal Dissonance	Chronomancer	Class	520922	SpendCircle
30315	Soul Generator	Reaper	Soul	520056	SpendCircle
30379	Dawn's Arrival	SunCleric	Seraphim	503690	SpendCircle
30443	Condemnation	Monk	Zealot	704175	SpendCircle
6605	Sporelord	Venomancer	Venom	804989	SpendCircle
30571	Electromagnetic Resistors	Tinker	Invention	560734	SpendCircle
9177	Aeon of Protection	Chronomancer	Time	806292	SpendSquare
6653	Stalwart	SunCleric	Blessings	300355	SpendCircle
30763	Cheers!	Barbarian	Ancestry	805810	SpendSquare
6685	Sepsis Bloom	Venomancer	Venom	504867	SpendSquare
30891	Touch of Mueh'zala	WitchDoctor	Class	706538	SpendCircle
34025	Taking Vows	SunCleric	Class	300331	SpendCircle
29178	Unbreakable Focus	SunCleric	Class	704945	SpendCircle
11911	Hegemony	SunCleric	Class	561204	SpendCircle
6765	Deathbringer	Reaper	Harvest	573040	SpendCircle
33749	Underking	Necromancer	Animation	704701	SpendCircle
33877	Fired Up!	Pyromancer	Incineration	704823	SpendSquare
34005	Vindicator	SunCleric	Valkyrie	704938,707773	SpendCircle
34133	Strike Where It Hurts	Ranger	Archery	804178	SpendCircle
34261	Ancestor's Fury	Barbarian	Ancestry	705168	SpendCircle
6861	Paladin Training	Monk	Crusader	520009	SpendCircle
6877	Expose	DemonHunter	Tyrant	300474	SpendCircle
6893	Glacial Impact	Necromancer	Rime	704355	SpendSquare
6909	Fel Flamecasting	DemonHunter	Infernal	805998	SpendCircle
33777	Raise: Banshee	Necromancer	Class	504861	SpendSquare
6941	Pierced	Ranger	Archery	705033	SpendCircle
6957	Constant Burning	Pyromancer	Class	707126	SpendCircle
6973	Macro Designer	Tinker	Invention	505230	SpendCircle
6989	Momentum	Guardian	Gladiator	504531	SpendCircle
29511	Angelic Light	SunCleric	Class	560094	SpendCircle
19886	Last Prayer	Starcaller	Moon Priest	707637	SpendCircle
7037	Mechsuit: Laser Beam	Tinker	Mechanics	805372	SpendSquare
19511	Fortuitous	SunCleric	Class	561328	SpendCircle
34022	Censure	SunCleric	Class	300371	SpendCircle
7085	Stand Against Darkness	SunCleric	Seraphim	707078	SpendCircle
34031	Pure Light	SunCleric	Class	300314	SpendCircle
7117	Master Animator	Necromancer	Animation	504431	SpendCircle
7133	Tiki Splash	WitchDoctor	Brewing	500053	SpendCircle
7314	Glare	SunCleric	Class	805583	SpendSquare
30956	Devoted to the Sun	SunCleric	Class	681066	SpendCircle
10956	Devoted to the Light	SunCleric	Class	681436	SpendCircle
30769	Starbarian	Starcaller	Class	704778,706229	SpendCircle
7213	Frigid Winds	Necromancer	Rime	504357	SpendCircle
7229	Hive Instinct	Venomancer	Class	804968	SpendSquare
7369	Suncharged	SunCleric	Class	804628	SpendCircle
30816	Blessed Armor	SunCleric	Class	300334	SpendCircle
29656	Blanket of Stars	Starcaller	Moon Guard	804381	SpendSquare
33750	Waking Crypts	Necromancer	Death	570136	SpendCircle
33878	Flamespiller	Pyromancer	Incineration	805468	SpendCircle
34006	Hope	SunCleric	Seraphim	680637	SpendCircle
5762	Red Wake	Reaper	Harvest	707707	SpendCircle
34262	Icebound Ancestry	Barbarian	Ancestry	705216	SpendCircle
29484	Blood Moon	SonOfArugal	Class	804199	SpendCircle
29548	Molten Storm	Pyromancer	Incineration	805483	SpendCircle
34646	Storm Barrier	Stormbringer	Lightning	707204	SpendCircle
29513	Solar Might	SunCleric	Class	704916,570120	SpendCircle
29740	Master Mixologist	WitchDoctor	Brewing	705864	SpendSquare
7453	Runed Carapace	Venomancer	Class	705961	SpendCircle
34607	Mind Over Matter	Runemaster	Class	706674	SpendCircle
29446	Solar Invocation: Resplendence	SunCleric	Class	806159	SpendSquare
7501	Stone Soldier	Primalist	Mountain King	570157,570225	SpendCircle
7517	Fury of the Earthmother	Primalist	Mountain King	680412	SpendCircle
7533	Whispers of the Earth	Primalist	Geomancy	681494	SpendCircle
30188	Decimate	WitchHunter	Houndmaster	804194	SpendSquare
7565	Book of N'Zoth	Cultist	Godblade	806768	SpendCircle
30316	Heroic Deeds	Guardian	Class	804661	SpendCircle
7597	Blade of the Misbegotten	WitchHunter	Black Knight	680530	SpendCircle
7396	Clockwork Guardians	Tinker	Mechanics	806758	SpendCircle
30508	Blessing of Neptulon	Primalist	Life	560055	SpendCircle
11193	Protector's Hand	Primalist	Life	300730	SpendCircle
7661	Blood Clot	SonOfArugal	Class	680657	SpendCircle
11257	Crystal Enhancements	Barbarian	Ancestry	707541	SpendCircle
30764	Splash Zone	Barbarian	Ancestry	705156	SpendSquare
7709	Glaive Tossing	Starcaller	Class	680737	SpendCircle
30892	Call of Sseratus	WitchDoctor	Shadowhunting	681222	SpendSquare
3871	Rub It In	Ranger	Brigand	705085	SpendCircle
7757	One With The Light	Monk	Zealot	504807	SpendCircle
33830	Twinkle Toes	Starcaller	Class	704775	SpendCircle
7789	Swiftshot	Ranger	Archery	705028	SpendCircle
33751	Dead Man Walking	Necromancer	Class	300233	SpendCircle
33879	Heat Wave	Pyromancer	Incineration	503804	SpendCircle
31340	Zalazane's Malice	WitchDoctor	Voodoo	705902	SpendCircle
7853	Caverns of Time	Chronomancer	Artificer	520166	SpendCircle
34263	The Finest Ale	Barbarian	Ancestry	705218	SpendCircle
34391	Conviction	Monk	Oathkeeper	712677	SpendCircle
7901	Dark Prophet	Cultist	Heretic	301209	SpendCircle
7917	Impeccable Timing	Chronomancer	Class	560949	SpendCircle
7933	Aspect of Earth	Pyromancer	Draconic	802780	SpendCircle
7394	Overclocked Machine	Tinker	Mechanics	806757	SpendSquare
7021	Master Technician	Tinker	Mechanics	520022	SpendCircle
19631	Emerald Arrow	Ranger	Farstrider	804712	SpendSquare
6423	Dark Teachings	DemonHunter	Class	520251	SpendCircle
4007	Dancing Blades	DemonHunter	Slayer	92087	SpendCircle
4015	Conductive	Stormbringer	Maelstrom	92098	SpendCircle
4023	Keeping the Oath	Monk	Oathkeeper	92109	SpendCircle
4031	Infinite Power	Chronomancer	Infinite	92118	SpendCircle
4039	Dragon's Edge	Pyromancer	Draconic	300755	SpendCircle
4047	Sunlight	SunCleric	Blessings	92136	SpendCircle
4055	Harvester	Reaper	Harvest	92145	SpendCircle
12153	Frozen Tankard	Barbarian	Ancestry	805815	SpendSquare
6812	Final Prayer	Starcaller	Moon Priest	704745	SpendCircle
9503	Arclight Core	Tinker	Mechanics	704449	SpendCircle
6379	Bringer of Darkness	WitchHunter	Houndmaster	500101	SpendCircle
4520	Resonance	Chronomancer	Artificer	706079	SpendCircle
30399	Nano-Repair Tech	Tinker	Mechanics	681358	SpendCircle
30980	Defensive Utility	Tinker	Mechanics	806631	SpendCircle
30603	Residual Power	Runemaster	Riftblade	560040	SpendCircle
6797	Spear Shards	Barbarian	Headhunting	805893	SpendCircle
34540	Dark Ranger	WitchHunter	Houndmaster	705465,707861	SpendCircle
29206	Build: Scrapmaw	Tinker	Mechanics	500242	SpendSquare
6491	Junker	Tinker	Mechanics	705786	SpendCircle
33752	Master of Death	Necromancer	Death	806328	SpendCircle
4238	Plague Horde	Necromancer	Animation	802986	SpendCircle
5966	Regeneration Enhancement	Tinker	Mechanics	807635	SpendCircle
34136	Deadshot	Ranger	Archery	520227	SpendSquare
34264	Hodir's Revenge	Barbarian	Ancestry	705214	SpendCircle
29485	Accursed Form	SonOfArugal	Accursed	504710	SpendSquare
4318	Evil Doers, Beware!	WitchHunter	Inquisition	681328	SpendCircle
34648	Mystical Etchings	Runemaster	Class	806795,807921	SpendCircle
29677	Infinity Crash	Chronomancer	Infinite	706040	SpendCircle
29741	Ingredient: Frog Bones	WitchDoctor	Brewing	801663	SpendSquare
29503	Flak Guns	Tinker	Mechanics	520686	SpendCircle
5503	Turbo Guns	Tinker	Mechanics	520809	SpendCircle
29933	Bane of Chaos	DemonHunter	Infernal	704368	SpendSquare
4430	Nimble	Ranger	Archery	301066	SpendCircle
30061	Order In The Court	Guardian	Vanguard	707716	SpendCircle
30125	Hellwrath	KnightOfXoroth	Defiance	804014	SpendCircle
29500	Mechsuit: Combustion	Tinker	Mechanics	801387	SpendSquare
29747	Mirage	WitchDoctor	Class	501136	SpendSquare
33753	Unholy Runes	Necromancer	Death	561353	SpendCircle
4526	Cunning of Atherann	SonOfArugal	Sanguine	706599	SpendCircle
30445	Eternal Blessing	Monk	Oathkeeper	705300	SpendSquare
6952	Onslaught	Ranger	Class	801951	SpendSquare
30573	Build: Noise Box	Tinker	Invention	807723	SpendSquare
30637	Soothing Flames	Pyromancer	Flameweaving	704855	SpendCircle
9210	Unbound	Runemaster	Class	806718	SpendCircle
30979	Sprocket Loaded	Tinker	Mechanics	807500	SpendCircle
9274	Thread The Needle	Ranger	Farstrider	524831	SpendCircle
9306	Sharpshooter 	WitchHunter	Houndmaster	705456	SpendCircle
30957	Radiant Flame	SunCleric	Piety	806060	SpendSquare
31199	Makeshift Dynamite	Tinker	Mechanics	504527	SpendSquare
29246	Maw Knight	Reaper	Harvest	805204,807888	SpendCircle
4718	Bulwark	Guardian	Vanguard	804046	SpendCircle
31213	No Regrets	WitchHunter	Black Knight	681093	SpendCircle
30733	Tempo	Runemaster	Runic	807172	SpendCircle
31341	It's Da Voodoo	WitchDoctor	Voodoo	560278	SpendCircle
34137	Hawkeye	Ranger	Archery	800358	SpendCircle
34265	Hail of Hammers	Barbarian	Brutality	807047	SpendCircle
31209	Hammer of Life	Primalist	Life	803973	SpendCircle
34521	Soulsight	Reaper	Domination	300565	SpendCircle
34649	Warpmaster	Runemaster	Class	560992	SpendCircle
9428	Cybernetic Shield	Tinker	Invention	807748	SpendCircle
7402	Emergency Circumvented	Tinker	Invention	805303	SpendCircle
6979	My Greatest Invention!	Tinker	Invention	560744	SpendSquare
7918	Resourceful Tech	Tinker	Invention	560791	SpendCircle
6333	Rapid Fire Healing	Tinker	Invention	705803	SpendCircle
9429	Graftbolts	Tinker	Invention	560785	SpendCircle
9914	Unfathomably Hot!	Pyromancer	Flameweaving	807404	SpendCircle
29812	Trust the Science!	Tinker	Invention	300653	SpendCircle
30575	Build: Battery Recharge Station	Tinker	Invention	805308	SpendSquare
30577	Cybernetic Revivification	Tinker	Invention	705811	SpendCircle
10571	J27 Upgrade	Tinker	Invention	301322	SpendCircle
5331	Innate Brilliance	Tinker	Class	572545	SpendCircle
5054	Venom-Coated Seeds	Ranger	Farstrider	807459	SpendCircle
6974	Fine Tuning	Tinker	Invention	300877	SpendCircle
14265	Crusher	Barbarian	Brutality	807183	SpendCircle
30100	Valiant Warrior	Guardian	Class	524694	SpendCircle
30572	Eureka!	Tinker	Invention	503552	SpendCircle
33919	Cleansing Flames	Pyromancer	Flameweaving	681145	SpendSquare
7493	Mountain Hammer	Primalist	Mountain King	681130	SpendSquare
5979	Technician	Tinker	Invention	560735,561341	SpendCircle
5182	Gravesite	Reaper	Soul	572213	SpendCircle
7922	Stim Augmentation	Tinker	Invention	653239	SpendSquare
7921	Field Medic	Tinker	Invention	560789	SpendCircle
29768	Voice of Bwonsamdi	WitchDoctor	Voodoo	801716	SpendSquare
29166	Ley Constitution	Runemaster	Class	705562	SpendCircle
33882	Blessing of the Firelands	Pyromancer	Class	504397	SpendCircle
34010	Dawnguard	SunCleric	Seraphim	704562	SpendCircle
30839	Deathball	Tinker	Class	500236	SpendSquare
34266	Efficient Killer	Barbarian	Brutality	803085	SpendCircle
29777	Scrapshielding	Tinker	Class	806627	SpendCircle
29550	Phoenix Dive	Pyromancer	Flameweaving	706854	SpendSquare
34650	Storm Warning	Stormbringer	Class	567533	SpendCircle
29440	Air Strike	Tinker	Class	801744	SpendSquare
6890	Mechanical Enhancements	Tinker	Class	506632	SpendCircle
8354	Ventilation	Tinker	Class	572367	SpendCircle
6684	Siphon Essence	Reaper	Harvest	806125	SpendSquare
5438	Holy Light	Monk	Zealot	706449	SpendCircle
29998	Retiarius	Guardian	Gladiator	705338	SpendCircle
5470	Spirit Chaser	Reaper	Soul	560434	SpendCircle
5486	Chaotic Time	Chronomancer	Infinite	583245	SpendCircle
30190	Eyes In The Night	SonOfArugal	Eternal	801959	SpendCircle
30254	Primal Rush	Primalist	Class	500696	SpendSquare
6829	I'm The Creator Now	Tinker	Class	503534	SpendCircle
1388	Dirty Fighter	Ranger	Brigand	806978	SpendCircle
9987	Build: Repulsion Unit	Tinker	Class	706904	SpendSquare
4251	Elemental Assassin	Runemaster	Riftblade	705541	SpendCircle
30574	Zap!	Tinker	Invention	680196	SpendSquare
30638	From The Ashes	Pyromancer	Flameweaving	560561	SpendCircle
30702	Tank Buster	Tinker	Demolition	707254	SpendCircle
11290	Unbroken Creed	Monk	Zealot	804932	SpendCircle
31235	Efficiency	Tinker	Class	705806	SpendCircle
5678	Bringing the Law	WitchHunter	Boltslinger	705500	SpendCircle
30958	Glorious Defender	SunCleric	Seraphim	680634	SpendCircle
11418	Quaking Thane	Primalist	Mountain King	561193	SpendCircle
31086	Speed Demon	KnightOfXoroth	Defiance	707232	SpendCircle
31150	Sun Stride	SunCleric	Class	680700	SpendSquare
30732	Slayer	WitchHunter	Boltslinger	300968	SpendCircle
33883	To Ashes	Pyromancer	Incineration	300975	SpendCircle
34011	Shining Shield	SunCleric	Seraphim	704586	SpendCircle
34139	Dice Games	Ranger	Brigand	801438	SpendCircle
9951	Shadra's Vigil	Venomancer	Vizier	680800	SpendCircle
34395	Blessed Padding	Monk	Oathkeeper	301311,301360	SpendCircle
5854	Searing Speed	Pyromancer	Class	704800	SpendCircle
30580	Short Fuse	Tinker	Demolition	707246	SpendCircle
29813	Nanobot Reconstruction	Tinker	Class	801809	SpendSquare
29203	Build: Destructo-Bot	Tinker	Class	804673	SpendSquare
9453	Everlasting Rage	Primalist	Geomancy	561190	SpendCircle
5934	Spheres of Power	Stormbringer	Maelstrom	706434	SpendCircle
4740	Bomber Man	Tinker	Demolition	707273	SpendCircle
11930	Defense of the Ancients	Ranger	Farstrider	705094	SpendCircle
5982	Combat Symbiosis	Tinker	Invention	805305	SpendSquare
5998	Explosive Personality	Tinker	Class	704111,707833	SpendCircle
6014	Sen'jin's Presence	WitchDoctor	Brewing	560544	SpendCircle
6030	Chosen One	WitchDoctor	Class	503742	SpendCircle
6046	Jin'do's Wrath	WitchDoctor	Voodoo	707505	SpendCircle
6062	Ritual Hexing	WitchDoctor	Voodoo	705840,705841	SpendCircle
6078	Boding Dread	Venomancer	Stalking	804975,807920	SpendCircle
34295	Iron Gut	Barbarian	Class	707721	SpendCircle
6110	Wicked Poison	Venomancer	Fortitude	705982	SpendCircle
29441	Rocket Engineering	Tinker	Demolition	573247	SpendCircle
6142	Prophetic Speaker	Venomancer	Venom	706956	SpendCircle
6158	Infinite Horizon	Chronomancer	Infinite	560528	SpendCircle
6174	Paradox Cannon	Chronomancer	Artificer	806203	SpendSquare
6190	Keep Accelerating	Chronomancer	Time	520042	SpendCircle
6206	Rush of the Hunt	Primalist	Primal	300691	SpendCircle
11140	Bomb Squad	Tinker	Demolition	520131	SpendCircle
6238	Battleweaver	Primalist	Life	300733	SpendCircle
29490	Lunar Resplendence	Starcaller	Moon Priest	801989	SpendCircle
6270	Celestial Form	Starcaller	Moon Priest	801231	SpendSquare
29231	Fae Presence	Primalist	Class	681281	SpendCircle
6302	Venom Fanatic	Venomancer	Vizier	681059	SpendCircle
34140	Underhanded	Ranger	Brigand	705061,707884	SpendCircle
6334	Shadow Rage	WitchHunter	Houndmaster	705455	SpendCircle
6350	Headlopper	Barbarian	Brutality	300499	SpendCircle
34524	Rampaging Hounds	WitchHunter	Houndmaster	570726	SpendCircle
29615	Fiery Retribution	KnightOfXoroth	Defiance	804013	SpendCircle
6398	Scattering Blades	Starcaller	Warden	806738	SpendCircle
29743	Latent Curse	WitchDoctor	Class	806283	SpendCircle
6430	Waste No Movement	Guardian	Gladiator	704516	SpendCircle
29871	Alacrity	SonOfArugal	Class	504285,504893	SpendCircle
6462	Unstoppable Rage	Barbarian	Class	706353	SpendCircle
29999	Earthsplitter	Guardian	Gladiator	805155	SpendCircle
30063	Profound Enlightenment	Monk	Class	680953	SpendSquare
6510	Ultra Instinct	SonOfArugal	Accursed	704654	SpendCircle
30191	Rotclaw	SonOfArugal	Eternal	804197	SpendSquare
6542	Hysterical Momentum	Cultist	Godblade	300275	SpendCircle
6558	The Coming Dawn	SunCleric	Piety	560861	SpendCircle
6574	Concentrated Fate	Chronomancer	Artificer	706122	SpendCircle
6590	Stone Cold	Primalist	Class	560158,560159	SpendCircle
30511	Tentacle of N'Zoth	Cultist	Godblade	572103	SpendSquare
6622	Burrow Bolt	WitchHunter	Class	802269	SpendSquare
30639	Essence of Malygos	Pyromancer	Class	802120	SpendSquare
6654	Running on Instinct	Primalist	Life	300744	SpendCircle
9243	Celestial Shot	Starcaller	Sentinel	574348	SpendCircle
9275	Lacerations	Ranger	Brigand	573044	SpendCircle
6702	Timeline Tether	Chronomancer	Time	804505	SpendCircle
30959	Pillar of Flame	Pyromancer	Incineration	805496	SpendSquare
7858	Eye of the Tornado	Stormbringer	Class	706297	SpendCircle
6750	Bloody Fighter	Barbarian	Brutality	705167,707760	SpendCircle
31151	Crush	Barbarian	Brutality	500915	SpendSquare
6782	Whats Yours Is Mine	Ranger	Class	560495	SpendCircle
6798	Gurubashi Technique	Barbarian	Headhunting	705198	SpendCircle
31343	Overflowing Juju	WitchDoctor	Voodoo	707405	SpendCircle
34141	Stalker	Ranger	Brigand	561110	SpendCircle
12567	Primal Strikes	Primalist	Class	706171	SpendCircle
6862	Call of the Monastery	Monk	Oathkeeper	560550	SpendCircle
6878	Warmth	SunCleric	Class	704563	SpendCircle
34653	Phase Out	Runemaster	Class	500671	SpendSquare
6910	Felshock	DemonHunter	Infernal	806235	SpendCircle
9755	Piercing Lightning	Stormbringer	Lightning	578302	SpendCircle
7808	Rotting Flesh	Necromancer	Death	301304	SpendCircle
34450	Heroic Effort	Guardian	Gladiator	301057	SpendCircle
9851	Wild Rage	Primalist	Primal	301280	SpendCircle
6990	Myrmidon	Guardian	Gladiator	504530	SpendCircle
7006	Sizzle	Pyromancer	Incineration	800811	SpendCircle
1756	Windbreaker	Runemaster	Riftblade	804094	SpendCircle
7038	Champion	Guardian	Gladiator	300972	SpendCircle
6385	Target Acquired	Tinker	Demolition	707262	SpendCircle
8003	Cosmic Strides	Starcaller	Sentinel	300772	SpendCircle
7086	Spirit Eclipse	WitchDoctor	Shadowhunting	801607	SpendSquare
7102	Shadowstalker	WitchDoctor	Shadowhunting	807040	SpendSquare
14234	Earthmother's Roar	Primalist	Life	301306	SpendCircle
9621	Sparked and Ready!	Tinker	Demolition	705815	SpendCircle
1788	Mycelial Healing	Venomancer	Vizier	806449	SpendCircle
7166	Cover	Venomancer	Fortitude	300680	SpendCircle
34996	Incendiary Bullets	Tinker	Demolition	707269,707841	SpendCircle
7198	Eternal	Chronomancer	Class	706777	SpendCircle
7214	Heartchill	Necromancer	Rime	801739	SpendSquare
10363	Patience	Monk	Oathkeeper	712678	SpendCircle
7001	Build: Spider Bomb	Tinker	Demolition	500535	SpendSquare
29613	Rocket Launcher	Tinker	Demolition	500235	SpendSquare
7278	Saronite Blessing	Cultist	Heretic	301262	SpendCircle
7294	Dark Frenzy	SonOfArugal	Accursed	704644	SpendCircle
7310	Glorious Arena	Guardian	Class	300983	SpendSquare
7326	Keen Senses	Primalist	Class	806533	SpendCircle
7342	Enthraller	SonOfArugal	Sanguine	706619	SpendCircle
7358	Primal Shaman's Mask	Primalist	Geomancy	800185	SpendCircle
34398	Disciplined Mind	Monk	Oathkeeper	680399,681483	SpendCircle
29552	Searing Power	Pyromancer	Incineration	680959	SpendCircle
7406	Lunar Charge	Starcaller	Warden	680215	SpendCircle
29680	Deconstruction	Chronomancer	Infinite	805851,807894	SpendCircle
7438	Dark Essence	SonOfArugal	Fleshweaver	680732	SpendCircle
34520	Intimidating Presence	Reaper	Domination	560478	SpendCircle
29872	Monstrous Howl	SonOfArugal	Eternal	804811	SpendSquare
7486	Armor of Faith	Monk	Oathkeeper	804930	SpendCircle
7502	Improved Ursoc's Bellow	Primalist	Mountain King	560505	SpendCircle
7518	Earthen Avatar	Primalist	Mountain King	680421	SpendSquare
29955	Manuscription	Runemaster	Arcane	524952	SpendSquare
30192	Festering Maw	SonOfArugal	Eternal	706683	SpendCircle
30256	Wand Master	Chronomancer	Artificer	707551,707831	SpendCircle
7582	Witch Knight	WitchHunter	Black Knight	805346	SpendCircle
7598	Protector of Darkshire	WitchHunter	Inquisition	300575	SpendCircle
30448	Judgement	Monk	Crusader	300520	SpendCircle
7630	Shadowstorm	WitchHunter	Black Knight	520277	SpendCircle
7646	Blessed Bulwark	SunCleric	Seraphim	680663	SpendCircle
7662	Night Hunter	SonOfArugal	Accursed	704659	SpendCircle
30704	Unbound Inferno	KnightOfXoroth	Hellfire	704997	SpendCircle
7694	Dark Blood	SonOfArugal	Fleshweaver	804807,807919	SpendCircle
30832	Inferno Barrier	Pyromancer	Class	504380	SpendSquare
7726	Decay	Venomancer	Venom	800910	SpendSquare
7742	Eclipsing Arrows	Starcaller	Moon Priest	800504	SpendCircle
11419	Gore Tome	SonOfArugal	Accursed	807788	SpendCircle
11451	Flames of the Aspects	Pyromancer	Draconic	707493	SpendCircle
7790	Blur	Ranger	Class	520369	SpendCircle
33759	Pandemic	Necromancer	Death	560798	SpendCircle
7822	Warrior of Tyr	Monk	Crusader	301253	SpendCircle
7838	Quickdraft	Stormbringer	Wind	705704,707801	SpendCircle
7854	Singularity Core	Chronomancer	Artificer	804438	SpendSquare
34271	Battering Ram	Barbarian	Brutality	561326,561331	SpendCircle
34399	Way of the Monk	Monk	Oathkeeper	805420	SpendCircle
7902	Hot Headed	Pyromancer	Class	503806	SpendCircle
34655	Brandmaster	Runemaster	Runic	520524	SpendCircle
7934	Aspect of Magic	Pyromancer	Draconic	681334	SpendCircle
11803	Destroyer's Legacy	Pyromancer	Incineration	704815	SpendCircle
5562	Shudder Scythe	Reaper	Harvest	805708	SpendCircle
29346	Glyph God	Runemaster	Arcane	520156	SpendCircle
19699	Moonlit Bulwark	Starcaller	Moon Guard	805433	SpendSquare
29167	Eye of the Beholder	Runemaster	Arcane	500121	SpendSquare
11963	Mad Aspect's Scepter	Pyromancer	Draconic	706896,707790	SpendCircle
31128	Burned Etching	Runemaster	Arcane	500476	SpendCircle
29343	Harnessing Leylines	Runemaster	Arcane	704139	SpendCircle
3829	Unleashed Power	Runemaster	Arcane	807504	SpendCircle
32368	Flaming Finesse	Pyromancer	Class	706878	SpendCircle
12123	Bard's Manuscript	Guardian	Inspiration	704526	SpendCircle
6493	Alteration	Runemaster	Runic	705619,707875	SpendCircle
30000	Sword Training	Guardian	Gladiator	802297,803831,807891	SpendCircle
12219	Dreadfall	Cultist	Dreadnought	806175	SpendSquare
34581	Leyline Magician	Runemaster	Arcane	706823	SpendCircle
29528	Terraglyphs	Runemaster	Arcane	705551	SpendCircle
4111	To The Shadowlands	Reaper	Domination	707909	SpendCircle
4127	Forbidden Power	SonOfArugal	Accursed	500445	SpendHex
12379	Blood Moon	SonOfArugal	Eternal	707623	SpendCircle
29522	Silencing Rune	Runemaster	Arcane	802631	SpendSquare
30196	Petrified Legions	SonOfArugal	Eternal	500012	SpendCircle
3828	Unleashed Tattoos	Runemaster	Arcane	804561	SpendCircle
4207	Crushing the Earth	Primalist	Geomancy	300697	SpendCircle
33760	Wormfood	Necromancer	Death	560800	SpendCircle
29233	Earthmother's Precision	Primalist	Class	555723	SpendCircle
34576	Primordial Pulse	Runemaster	Arcane	300578	SpendSquare
1581	Primordial Salvos	Runemaster	Arcane	800752	SpendCircle
4287	Scarlet Training	Monk	Crusader	301065	SpendCircle
4303	Superheated	Pyromancer	Class	681196	SpendCircle
4319	Heartstopper	WitchHunter	Inquisition	680540	SpendCircle
29617	Blood Harvester	Reaper	Harvest	300889	SpendCircle
29681	Cadence of Time	Chronomancer	Time	560397	SpendCircle
4367	Daredevil	WitchHunter	Houndmaster	681173	SpendCircle
29536	Runeslinger	Runemaster	Arcane	705550	SpendCircle
12891	Ner'zhul's Blessing	Necromancer	Rime	803797	SpendCircle
7839	Concentrated Magic	Runemaster	Arcane	560995,561351	SpendCircle
4431	Bleeding Edge	Ranger	Archery	300460	SpendCircle
5767	Haunter	Reaper	Harvest	705410	SpendCircle
3826	Ley Magician	Runemaster	Arcane	804580	SpendCircle
30193	Infection	SonOfArugal	Eternal	704624	SpendCircle
30257	Gravity Bomb	Chronomancer	Class	801281	SpendSquare
30736	Vampire Hunter	WitchHunter	Class	803638	SpendCircle
31152	Gutspiller	Barbarian	Headhunting	805832	SpendSquare
30449	Blade Sermon	Monk	Zealot	572548,572554	SpendCircle
4061	Frost Glyph	Runemaster	Arcane	92152	SpendCircle
13243	Tyrande's Training	Starcaller	Sentinel	707751	SpendCircle
66733	Glyphic Ruin	Runemaster	Arcane	801179	SpendSquare
9212	Primal Weapons	Primalist	Primal	537218	SpendCircle
9244	Maiev's Discipline	Starcaller	Warden	680233	SpendCircle
30833	Living Dead	Necromancer	Class	302888,302920	SpendCircle
4655	Elemental Mastery	Runemaster	Runic	806711	SpendCircle
13435	Waves of Blood	SonOfArugal	Fleshweaver	681427	SpendCircle
7737	Cycle of Rebirth	Venomancer	Vizier	560200	SpendCircle
33505	Poisonous	Venomancer	Fortitude	707320	SpendCircle
31153	Ancestor's Call	Barbarian	Ancestry	804729	SpendSquare
33761	Fleshcrafting	Necromancer	Death	300941	SpendCircle
31281	Pathfinder	Ranger	Archery	706284	SpendCircle
31345	Loa Spirits	WitchDoctor	Voodoo	804620,807904	SpendCircle
4783	Occultist	Venomancer	Vizier	504339	SpendCircle
9596	Light of the Sun	SunCleric	Valkyrie	704941	SpendCircle
7382	Fracture	Runemaster	Riftblade	803018	SpendSquare
31242	Freezing Codex	Runemaster	Riftblade	705577	SpendCircle
1722	Frostburn	Runemaster	Riftblade	705594	SpendCircle
6478	Earthen Codex	Runemaster	Riftblade	707460	SpendCircle
30029	Primordial Echoes	Runemaster	Riftblade	705572	SpendCircle
1598	Elemental Acuity	Runemaster	Riftblade	706671	SpendCircle
30784	Grove Tender	Primalist	Life	706148	SpendCircle
6486	Battle Engravings	Runemaster	Riftblade	802669	SpendCircle
2253	Primordial Fury	Runemaster	Riftblade	806543	SpendSquare
30032	Echo Rune	Runemaster	Riftblade	500270	SpendSquare
9619	Rift Clones	Runemaster	Riftblade	707463	SpendCircle
9980	Offensive Utility	Tinker	Mechanics	807388	SpendCircle
34598	Water Runes	Runemaster	Riftblade	707150	SpendCircle
30030	Wind Runes	Runemaster	Riftblade	706672	SpendCircle
14171	Ogre's Strength	Barbarian	Brutality	561160	SpendCircle
5055	Presence of the Loa	WitchDoctor	Brewing	572871	SpendCircle
30027	Runic Invocation	Runemaster	Riftblade	807204	SpendCircle
5451	Frozen Earth	Runemaster	Riftblade	705592	SpendCircle
5103	Modulator	Tinker	Class	707832	SpendCircle
6470	Cinderstorm Runes	Runemaster	Riftblade	706458	SpendCircle
34599	Hurricane	Runemaster	Riftblade	645435	SpendSquare
5151	Totem Warrior	Primalist	Primal	704099	SpendCircle
34624	Runic Omen	Runemaster	Riftblade	705580	SpendCircle
4063	Riftblade	Runemaster	Riftblade	92154	SpendCircle
31212	Smolder	Runemaster	Riftblade	801087	SpendSquare
5215	Captivation	Venomancer	Venom	503930	SpendCircle
29637	Convergence	Runemaster	Class	801086	SpendSquare
29228	Power Engraving	Runemaster	Class	500296	SpendSquare
33890	Strength of the Black Empire	Cultist	Dreadnought	680557	SpendCircle
34018	Swift Justice	SunCleric	Class	300322,300327	SpendCircle
29362	Bearskin	Primalist	Class	800094	SpendSquare
34274	Brutal Spirit	Barbarian	Brutality	706653	SpendCircle
5327	Vital Spirit	Barbarian	Headhunting	805835,807864	SpendCircle
29554	Fiery Demeanor	Pyromancer	Class	525059	SpendCircle
5648	Glyphs of Power	Runemaster	Class	520145	SpendCircle
29682	Shield of the Ages	Chronomancer	Time	804444	SpendCircle
34914	Tailwind	Stormbringer	Wind	804035	SpendSquare
29247	Blood Wraith	Reaper	Harvest	707305	SpendCircle
6378	Master Engraver	Runemaster	Class	705605	SpendCircle
34614	Primordialism	Runemaster	Class	520054	SpendCircle
7829	Permafrost Rune	Runemaster	Class	804060	SpendSquare
30066	One-Punch Man	Monk	Zealot	705284	SpendCircle
11243	Grovekeeper's Presence	Primalist	Life	805443	SpendCircle
30194	Enduring	SonOfArugal	Eternal	300585	SpendCircle
7377	Prismatic Flow	Runemaster	Class	705581	SpendCircle
33375	Primal Rune	Runemaster	Class	705636	SpendCircle
30386	Ice Cold Bubbles	Barbarian	Ancestry	705161,707778	SpendCircle
30450	Eternally Devoted	Monk	Oathkeeper	573452	SpendCircle
11164	Hexfire Mass	WitchDoctor	Shadowhunting	807450	SpendCircle
11196	Rock Solid	Primalist	Mountain King	681363	SpendCircle
30642	Inferno	Pyromancer	Flameweaving	806736	SpendCircle
30706	Cinderblade	KnightOfXoroth	Hellfire	704959	SpendCircle
30770	Forward Advance	Barbarian	Class	707207	SpendCircle
11324	Blood Constructor	SonOfArugal	Sanguine	561196	SpendCircle
34502	Soul Harvest	Reaper	Class	504012	SpendCircle
29226	Ancient Teachings	Runemaster	Class	806797	SpendCircle
30728	Granite Resolve	Runemaster	Class	520229	SpendSquare
7376	Runic Tattoos	Runemaster	Class	800736	SpendCircle
31154	Shadow Puppets	WitchDoctor	Voodoo	500015	SpendSquare
33763	Expediting Death	Necromancer	Death	300236	SpendCircle
29218	Warpdagger	Runemaster	Class	500287	SpendSquare
31346	De Other Side	WitchDoctor	Voodoo	802092	SpendCircle
34147	Quel'dorei Poison	Ranger	Farstrider	560802	SpendCircle
34275	Raging Spirit	Barbarian	Headhunting	707410	SpendCircle
34403	Press the Attack	Guardian	Class	801219	SpendSquare
34531	Coordinated Killing	WitchHunter	Houndmaster	705463	SpendCircle
34659	Mark of Strength	Runemaster	Runic	560050	SpendCircle
8574	Spirit Glaive	WitchDoctor	Shadowhunting	806289	SpendSquare
34915	Fog	Stormbringer	Class	806100	SpendSquare
11836	Inspiring Presence	Guardian	Inspiration	705352	SpendSquare
29521	Zenith	Runemaster	Class	712325	SpendSquare
31270	Steam Conjurer	Runemaster	Runic	805743	SpendCircle
1770	Runelord	Runemaster	Runic	806984	SpendCircle
11964	Firefall	Pyromancer	Draconic	801905	SpendSquare
5999	Macro-Gravity Zone	Tinker	Class	707104	SpendSquare
6015	Mojo: Fish Bones	WitchDoctor	Brewing	705850	SpendSquare
6031	Amphibimorph	WitchDoctor	Class	500952	SpendSquare
6047	Wizened	WitchDoctor	Class	705903,705904	SpendCircle
6063	Vol'jin's Blessing	WitchDoctor	Shadowhunting	706577	SpendCircle
6079	Burrow	Venomancer	Class	806154	SpendSquare
6095	Versatile and Deadly	Venomancer	Class	681052,681492	SpendCircle
14154	Symbols of Power	Runemaster	Runic	705613,705614	SpendCircle
1662	Explosive Runes	Runemaster	Runic	521219	SpendCircle
6143	Necessary Preparations	Venomancer	Venom	503919	SpendCircle
6159	Shifting Chaos	Chronomancer	Infinite	706059	SpendCircle
6175	Unstable Chronoglass	Chronomancer	Artificer	503836	SpendSquare
29400	Doomstride	DemonHunter	Class	804613	SpendCircle
34656	Graceful	Runemaster	Runic	806708,807922	SpendCircle
6223	Chaos Omen	Chronomancer	Class	706063	SpendCircle
7374	Earth, Wind, and Fire	Runemaster	Runic	706531	SpendCircle
6495	Runebound Surge	Runemaster	Runic	707423	SpendCircle
33764	Command: Blight	Necromancer	Class	504050	SpendSquare
33892	Stare Into The Abyss	Cultist	Class	525019	SpendCircle
6303	Trembling Rage	Primalist	Geomancy	560135	SpendCircle
34148	Neurotoxin Arrow	Ranger	Archery	500071	SpendSquare
34276	Bellowing Voice	Barbarian	Class	561322	SpendCircle
6351	Teachings of the Cathedral	Monk	Crusader	520032	SpendCircle
34532	Silver Bullets	WitchHunter	Houndmaster	574149,574163	SpendCircle
34660	Sky and Stone	Runemaster	Runic	560053	SpendCircle
6399	Astral Combatant	Starcaller	Warden	706574	SpendCircle
6415	Combat Training	WitchHunter	Class	680529,681484	SpendCircle
6431	Tactical Combat	Guardian	Gladiator	504503,504884	SpendCircle
30735	Wind Surge	Runemaster	Runic	805750	SpendCircle
6463	Rejuvenating Shadows	SonOfArugal	Eternal	704623	SpendCircle
30003	No Escape	Guardian	Gladiator	802300	SpendCircle
30067	Pious Sweep	Monk	Zealot	520034	SpendCircle
6511	Frothing Savage	Barbarian	Headhunting	705234,707779	SpendCircle
30195	Iron Claws	SonOfArugal	Eternal	572783	SpendCircle
6543	Abyssal Edge	Cultist	Godblade	582836,582856	SpendCircle
6559	Absolute Horror	Cultist	Corruption	300309	SpendCircle
6575	Elder Wand	Chronomancer	Artificer	560129	SpendCircle
30451	Guardian of the Light	Monk	Oathkeeper	707364	SpendCircle
6607	Bountiful Gifts	Venomancer	Vizier	706009,706010	SpendCircle
30579	Rocket Turrets	Tinker	Demolition	707259	SpendCircle
9181	Aeon of Renewal	Chronomancer	Time	806290	SpendSquare
30707	Into the Maw	KnightOfXoroth	Hellfire	802619	SpendCircle
9245	Asteroid Belt	Starcaller	Moon Guard	574349	SpendCircle
30835	Necrosis	Necromancer	Death	802990	SpendCircle
6703	Jailer's Will	Reaper	Domination	524939	SpendCircle
30963	Testament of Strength	Monk	Crusader	300514	SpendSquare
7375	Leyborn	Runemaster	Runic	705609	SpendCircle
13500	Into The Shadow Realm	Reaper	Class	561342	SpendCircle
17429	Skewer	Ranger	Brigand	800093	SpendSquare
31219	Thane's Guard	Barbarian	Ancestry	800132	SpendCircle
31283	Studded Arrows	Ranger	Archery	300706,301359	SpendCircle
31347	Hexplosion	WitchDoctor	Voodoo	704495	SpendCircle
6831	Raptor Talons	Primalist	Primal	704096,707812	SpendCircle
6847	Essence Harvester	SonOfArugal	Sanguine	806421	SpendCircle
6863	Damnation	Necromancer	Death	806149,807925	SpendCircle
6879	Runes of Quickness	Runemaster	Arcane	560527	SpendCircle
34661	Forbidden Engraving	Runemaster	Runic	705543	SpendCircle
6911	Illidari Smiter	DemonHunter	Infernal	520246	SpendCircle
13852	Halt	Starcaller	Warden	807741	SpendSquare
34578	Leystone Springs	Runemaster	Runic	300581	SpendCircle
6959	Gift of C'Thun	Cultist	Class	706189	SpendCircle
6975	Nanobot Swarm	Tinker	Invention	801709	SpendSquare
6991	Tracer Augmentation	Tinker	Demolition	653245	SpendSquare
29427	Refuse To Die	Guardian	Class	804892	SpendCircle
9949	Fiery Faith	Pyromancer	Flameweaving	503913	SpendCircle
1930	Flux Arc	Stormbringer	Lightning	705643	SpendCircle
34694	Airing Out	Stormbringer	Class	705675	SpendCircle
7071	Visions	Cultist	Corruption	560526	SpendCircle
34405	Thick Shields	Guardian	Class	807346	SpendCircle
7103	Umbral Glaive	WitchDoctor	Shadowhunting	681242	SpendCircle
7119	Ghoul Mastery	Necromancer	Animation	503740	SpendCircle
11330	Bwonsamdi's Edge	WitchDoctor	Shadowhunting	712435	SpendCircle
4272	Soul Slip	Reaper	Domination	500286	SpendCircle
7821	Draconic Rage	Pyromancer	Draconic	802164	SpendCircle
30785	Nature's Fury	Primalist	Life	300742	SpendCircle
29996	Recuperation	Guardian	Class	801121	SpendCircle
7215	Intoxicating Venoms	Venomancer	Venom	706023	SpendCircle
7231	Venomizer	Venomancer	Class	680794	SpendCircle
7247	Master of Venoms	Venomancer	Class	504326	SpendCircle
7263	Potency	Venomancer	Stalking	503854	SpendCircle
29429	Standard Bearer	Guardian	Class	806134	SpendCircle
7295	Rage	SonOfArugal	Accursed	504241,504895	SpendCircle
7311	Pit Fighter	Guardian	Class	802296	SpendCircle
7327	Protective Roar	Primalist	Class	802782	SpendSquare
29364	Raise: Abomination	Necromancer	Class	500335	SpendSquare
7359	Demonic Rage	KnightOfXoroth	Class	524922	SpendCircle
29492	Sentinel Glaive	Starcaller	Warden	800506	SpendSquare
7391	Artificer's Empowerment	Chronomancer	Artificer	806167,807895,807896	SpendCircle
7407	Umbral Blade	Starcaller	Warden	680704	SpendSquare
29684	Dimensional Divergence	Chronomancer	Class	802790	SpendSquare
7439	Flesh Foundry	SonOfArugal	Fleshweaver	704633	SpendCircle
7455	Chitinous Surge	Venomancer	Fortitude	705973	SpendCircle
29876	Bloodmoon Power	SonOfArugal	Class	801961	SpendCircle
29940	Cataclysm	Pyromancer	Class	520218	SpendSquare
10909	Herald of the Legion	DemonHunter	Infernal	807461	SpendCircle
7519	Mountain Fury	Primalist	Mountain King	806185	SpendSquare
30132	Windsurf	Stormbringer	Wind	500042	SpendSquare
7551	Silent, But Deadly	Ranger	Archery	524873	SpendCircle
30260	Temporal Anomaly	Chronomancer	Class	806315	SpendSquare
7583	Bulwark of Darkness	WitchHunter	Black Knight	680496	SpendCircle
7599	Scarlet Inquisitor	WitchHunter	Inquisition	301338	SpendCircle
11133	Hexfire Adept	WitchDoctor	Voodoo	704500	SpendCircle
30516	Shadow Fiend	Cultist	Godblade	680487	SpendCircle
11197	Stake	WitchHunter	Inquisition	680537	SpendSquare
30644	Explosive	Pyromancer	Incineration	704845,707787	SpendCircle
7679	Adrenaline Boost	SonOfArugal	Fleshweaver	680675	SpendCircle
7695	Bloodcraft	SonOfArugal	Fleshweaver	680733	SpendCircle
30836	Chakra of Light	Monk	Zealot	803159,803844	SpendCircle
7727	Venoxis Rage	Venomancer	Venom	707224	SpendCircle
7743	Cycle of the Moon	Starcaller	Moon Priest	500206	SpendCircle
7320	Bloodletter	Guardian	Class	560093	SpendCircle
7775	Pulverizing	Monk	Class	524620	SpendCircle
7791	Survival Expert	Ranger	Class	560959	SpendCircle
7807	Fiend	Necromancer	Death	707627	SpendCircle
7823	Scourge-Defense Training	Monk	Crusader	520608	SpendCircle
31348	Growing Malice	WitchDoctor	Voodoo	706551	SpendCircle
7855	Aether Compression	Chronomancer	Artificer	804436	SpendSquare
34279	Athleticism	Barbarian	Class	560456	SpendCircle
34407	Valiance	Guardian	Class	705324	SpendCircle
29639	Shield Wall	Guardian	Class	705370,707814	SpendCircle
34663	Speedy Attuner	Runemaster	Class	705554,707746	SpendCircle
7935	Death From Above	Pyromancer	Draconic	520402	SpendSquare
34919	Altered Course	Stormbringer	Class	707053	SpendCircle
11837	Champion's Presence	Guardian	Inspiration	520835	SpendSquare
6290	Fetid Mark	Necromancer	Animation	706948	SpendCircle
6818	Resolve	Guardian	Class	706806	SpendCircle
4008	Fel Apprentice	DemonHunter	Infernal	92088	SpendCircle
4016	Crusher	KnightOfXoroth	War	92100	SpendCircle
4024	Scourgebane	Monk	Crusader	92111	SpendCircle
4032	Aeon of Resilience	Chronomancer	Time	92119	SpendSquare
4040	Obliteration	Cultist	Godblade	92129	SpendCircle
4048	Angelic Presence	SunCleric	Seraphim	92137	SpendCircle
4056	Weakened Souls	Reaper	Soul	92146	SpendCircle
4064	Mountain Giant	Primalist	Mountain King	680395	SpendCircle
6362	Knightly Demeanor	Guardian	Class	504148	SpendCircle
29796	Standard of Rallying	Guardian	Class	500263	SpendSquare
12253	Elune's Blessing	Starcaller	Moon Priest	681407	SpendCircle
8191	Everhungry	SonOfArugal	Class	804599	SpendCircle
4112	Spice: Peacebloom	WitchDoctor	Brewing	803700	SpendSquare
4128	Blood Shards	SonOfArugal	Accursed	804849	SpendHex
12381	Corpse Commander	Necromancer	Class	707739	SpendCircle
30056	Iron Guardian	Guardian	Vanguard	705364,707816,712473	SpendCircle
34918	Stormcaller	Stormbringer	Maelstrom	300611,300615	SpendCircle
34458	Upper Hand	Guardian	Gladiator	802295	SpendCircle
4208	Therazane's Blessing	Primalist	Geomancy	560156	SpendCircle
29173	Wicked Howl	SonOfArugal	Class	804207	SpendSquare
33896	Bulwark of Shadow	Cultist	Dreadnought	301182	SpendCircle
29301	Mimic Ward	WitchDoctor	Class	707162	SpendSquare
34152	New-Age Archery	Ranger	Archery	704312	SpendCircle
4288	Improved Scarlet Hammer	Monk	Crusader	301254	SpendCircle
4304	Firestorm	Pyromancer	Class	802791	SpendSquare
6429	One-Handed Mastery	Guardian	Gladiator	300541	SpendCircle
34664	Flame Glyph	Runemaster	Arcane	705625	SpendCircle
30528	Close Combat	Guardian	Gladiator	704514	SpendCircle
34920	Surge Overload	Stormbringer	Class	300596	SpendCircle
4384	Frenzied Roar	Primalist	Primal	800133	SpendSquare
7410	Starfire Power	Starcaller	Sentinel	707639	SpendCircle
31354	Clinch Brawler	Guardian	Gladiator	707310	SpendCircle
4654	Pinned Down!	Guardian	Gladiator	301252	SpendCircle
4224	Shield Combat	Guardian	Gladiator	807297	SpendCircle
30133	Everything You Have	WitchHunter	Boltslinger	503680	SpendCircle
12086	Malefic Arrow	WitchDoctor	Shadowhunting	707854	SpendSquare
30261	Buy Time	Chronomancer	Time	520188	SpendSquare
34453	Bulwark Rush	Guardian	Gladiator	300536	SpendCircle
4528	Reckless Abandon	SonOfArugal	Sanguine	504252	SpendCircle
30453	Duty Calls	Monk	Oathkeeper	705286	SpendCircle
30517	Sanguine Harvester	Reaper	Harvest	560892,561339	SpendCircle
30581	Build: Firepot Drone	Tinker	Demolition	500600	SpendSquare
9182	Eternity Warper	Chronomancer	Time	806301	SpendCircle
9214	King of the Mountain	Primalist	Mountain King	570183	SpendCircle
30773	Time To Kill!	Barbarian	Headhunting	926591	SpendCircle
7307	Spear Throw	Guardian	Gladiator	500463	SpendSquare
30901	A Ripple In Time	Chronomancer	Time	706096	SpendCircle
30965	Warrior of Dawn	Monk	Crusader	560648	SpendCircle
12224	Experienced Combatant	Guardian	Gladiator	707633	SpendCircle
9733	Douse	Primalist	Life	807558	SpendCircle
4720	Thirst for Battle	Barbarian	Brutality	570236	SpendCircle
7735	Book of Shadra	Venomancer	Vizier	705957	SpendCircle
31285	Calculated Strike	Guardian	Gladiator	705341	SpendCircle
31349	War Golem	WitchDoctor	Voodoo	800330	SpendSquare
34153	Improved Serrated Shot	Ranger	Archery	707888	SpendCircle
19192	Spear Thrower	Barbarian	Headhunting	574321	SpendCircle
4816	Pious	SunCleric	Piety	300943	SpendCircle
5433	Axe Training	Guardian	Gladiator	704515,707818,712474	SpendCircle
34665	Arcane Student	Runemaster	Arcane	300576	SpendCircle
29426	Legionnaire	Guardian	Gladiator	504730,504883	SpendCircle
33704	Rabid	SonOfArugal	Eternal	705732	SpendCircle
29992	Shieldlord’s Strength	Guardian	Vanguard	803738	SpendCircle
30434	Bastion	Guardian	Vanguard	802283	SpendSquare
29969	Paragon	Guardian	Vanguard	706514	SpendCircle
12710	High Guard	Guardian	Vanguard	707621	SpendCircle
1721	Wreck Formation	Guardian	Vanguard	803126	SpendCircle
9950	Warden Training	Starcaller	Warden	680725	SpendCircle
6625	Torch the Wicked!	WitchHunter	Inquisition	560226	SpendCircle
5008	Son of Ursoc	Primalist	Primal	706176	SpendCircle
29219	Valiant Defender	Guardian	Vanguard	582933	SpendCircle
19218	Valiant Knight	Guardian	Vanguard	582937	SpendCircle
29213	Forceful Impact	Guardian	Vanguard	705346	SpendCircle
14237	Power Tosser	Barbarian	Headhunting	570242	SpendCircle
4710	Experienced Soldier	Guardian	Vanguard	570713	SpendCircle
30060	The Green Tower	Guardian	Vanguard	560410	SpendCircle
34438	Stalwart	Guardian	Vanguard	704413,707817	SpendCircle
7764	Bloodthirsty	Barbarian	Class	300497	SpendCircle
30530	Retaliation	Guardian	Vanguard	582901	SpendCircle
5168	Incarnation of Chaos	Chronomancer	Infinite	570067	SpendSquare
34445	Hammer of the Law	Guardian	Vanguard	704418	SpendSquare
34439	Hold the Line	Guardian	Vanguard	803830	SpendSquare
29339	Lacerations	Primalist	Primal	560286	SpendCircle
4716	Iron Barrier	Guardian	Vanguard	705331	SpendCircle
7813	Might of Aggramar	Monk	Zealot	803163	SpendCircle
4550	Dark Power	WitchHunter	Black Knight	681340	SpendCircle
30144	Footman's Call	Guardian	Vanguard	705376	SpendCircle
29366	Ramhorn Rage	Barbarian	Ancestry	805804	SpendSquare
29430	Net Throw	Guardian	Class	802304	SpendSquare
34410	Double Duty	Guardian	Gladiator	504184	SpendCircle
34538	Night Stalker	WitchHunter	Class	300792,300793	SpendCircle
34470	Soul Bane	Reaper	Soul	705392	SpendCircle
29686	Annihilation	DemonHunter	Class	803904	SpendSquare
34922	Exhale	Stormbringer	Class	705672	SpendSquare
29814	Charge	Stormbringer	Class	804826	SpendSquare
29878	Cursed Blood	SonOfArugal	Accursed	707435	SpendCircle
31358	War Drums	Guardian	Inspiration	704524	SpendCircle
7309	Bannerman	Guardian	Inspiration	504144	SpendCircle
30070	Devotion of Khaz'goroth	Monk	Zealot	560096	SpendCircle
7876	Ethereal Guard	Reaper	Domination	300969	SpendCircle
30198	Blood Howl	SonOfArugal	Eternal	800782	SpendSquare
31364	Legion Commander	Guardian	Inspiration	704535	SpendCircle
34436	Cavalry Tactics	Guardian	Inspiration	503631	SpendCircle
9185	Gift of the Infinite Dragonflight	Chronomancer	Infinite	706114	SpendCircle
11134	Neptulon's Wrath	Primalist	Life	807467	SpendSquare
31315	You Shall Not Fall!	Guardian	Inspiration	505200	SpendCircle
5600	Limbo	Reaper	Class	800845	SpendSquare
5825	War's Muse	Guardian	Inspiration	505201	SpendCircle
11262	Crimson Thirst	Reaper	Harvest	807415	SpendCircle
11294	Holy Books	Monk	Oathkeeper	706468	SpendCircle
30838	Astral Aegis	Starcaller	Class	806155	SpendSquare
30902	Displacement	Chronomancer	Time	806727	SpendSquare
30966	Earth's Guidance	Primalist	Life	706138	SpendCircle
10836	Dissonance	Guardian	Inspiration	505202	SpendCircle
7836	Song of Steel	Guardian	Inspiration	704540	SpendSquare
5744	Decapitate	Barbarian	Brutality	804414	SpendSquare
33771	Frost Runes	Necromancer	Class	705750	SpendCircle
7766	Electrifying Aura	Stormbringer	Lightning	560568	SpendCircle
31350	Voodoo Strings	WitchDoctor	Voodoo	705910	SpendCircle
34155	Superb Shot	Ranger	Archery	301249	SpendCircle
30825	Little Drummer	Guardian	Inspiration	706636	SpendCircle
6838	Hemorrhage	Reaper	Harvest	705432	SpendCircle
1789	Reverberations	Guardian	Inspiration	520650	SpendCircle
31268	Lexicon of Servitude	Stormbringer	Wind	520087	SpendSquare
7323	Mending Touch	Primalist	Class	524971	SpendCircle
29373	Rapid	WitchHunter	Boltslinger	680323	SpendCircle
31247	Bloody Claws	SonOfArugal	Eternal	572800	SpendCircle
11214	Knight's Song	Guardian	Inspiration	505228	SpendCircle
7954	Burned	Pyromancer	Incineration	572582	SpendCircle
29797	Hero's March	Guardian	Inspiration	801774	SpendSquare
31141	Harrowing Melody	Guardian	Inspiration	572821	SpendSquare
31361	Soundwave	Guardian	Inspiration	705318	SpendCircle
6016	Mojo: Frog Shrooms	WitchDoctor	Brewing	705851	SpendSquare
30829	Battle Bard	Guardian	Inspiration	806140	SpendCircle
6048	Dark Mojo	WitchDoctor	Class	712396	SpendCircle
12126	Lunar Blessing	Starcaller	Moon Priest	704756,704757	SpendCircle
6080	Bugging	Venomancer	Stalking	706026	SpendCircle
6096	Blightcap Ingestion	Venomancer	Class	560282	SpendCircle
6112	Molt	Venomancer	Fortitude	805102	SpendSquare
6128	Soothing Venoms	Venomancer	Vizier	707726,707869	SpendCircle
6144	Blistering Fangs	Venomancer	Stalking	706270	SpendCircle
6428	Into The Fray	Guardian	Inspiration	704525	SpendCircle
29159	Houndmaster	WitchHunter	Houndmaster	705450	SpendCircle
6192	Epic Recovery	Chronomancer	Time	706098	SpendCircle
6799	Gruesome	Barbarian	Headhunting	705227,707765	SpendCircle
30621	Icecrown	Necromancer	Rime	531135	SpendCircle
6240	Ride the Wave	Primalist	Life	300867	SpendCircle
6454	Leading the March	Guardian	Inspiration	704423,707826	SpendCircle
33772	Lich's Prodigy	Necromancer	Animation	302519	SpendCircle
31368	Ruin	Reaper	Harvest	805198	SpendCircle
29303	Potion Boss	WitchDoctor	Brewing	561072	SpendCircle
34156	Rapid Strikes	Ranger	Class	560341	SpendCircle
29431	Counter Stance	Guardian	Class	802188	SpendSquare
6352	Light's Echo	Monk	Crusader	520017,520883	SpendCircle
29559	Shielded by Flames	Pyromancer	Flameweaving	704275	SpendCircle
34668	Scroll of Magic	Runemaster	Arcane	802204	SpendCircle
11268	This Is My Domain	Reaper	Harvest	500584	SpendCircle
34924	Wind Shift	Stormbringer	Class	503596,504879	SpendCircle
6432	A Hero's Tale	Guardian	Inspiration	705361,707825	SpendCircle
29688	Blood Frenzy	Reaper	Harvest	707899	SpendCircle
29943	March of the Dead	Necromancer	Animation	707007	SpendSquare
30038	Darkrend Scythe	Reaper	Harvest	805205	SpendCircle
30071	Heavy Crossbows	WitchHunter	Boltslinger	503681	SpendCircle
6512	Slice & Dice	DemonHunter	Slayer	704361,707845	SpendCircle
12546	Sinner	WitchHunter	Inquisition	681411	SpendCircle
33885	Tender Touch	Pyromancer	Flameweaving	704273,707786	SpendCircle
30327	Magic Feeder	Runemaster	Class	705546	SpendCircle
6576	Discovery	Chronomancer	Artificer	500116	SpendCircle
30455	Priest Training	Monk	Zealot	504561	SpendCircle
6608	Deep Fury	Barbarian	Headhunting	705240	SpendCircle
30583	Build: Alarm Beacon	Tinker	Class	560754	SpendSquare
7601	Cycle of Despair	WitchHunter	Inquisition	503664	SpendCircle
6656	The Council Assembled	SonOfArugal	Sanguine	504103	SpendCircle
9247	Crystal Shield	Starcaller	Moon Guard	680748	SpendCircle
9279	Show of Force	Guardian	Inspiration	573047	SpendCircle
30903	Ideal Time	Chronomancer	Time	807036	SpendCircle
30967	Shaman Training	Primalist	Life	805445	SpendCircle
7334	Crashing Out	Primalist	Life	574313	SpendCircle
6766	Hungering Scythe	Reaper	Harvest	801335	SpendCircle
31159	Carve	DemonHunter	Tyrant	800206	SpendSquare
33773	Unstoppable Frenzy	Necromancer	Animation	573426	SpendCircle
31287	Stellar Convergence	Starcaller	Moon Priest	572784	SpendSquare
34029	Sintorcher	SunCleric	Class	704909	SpendCircle
34157	Pinpoint Accuracy	Ranger	Class	801468	SpendCircle
6848	Bloodsurge	SonOfArugal	Accursed	553267	SpendSquare
9269	Extinction	Reaper	Harvest	573039	SpendCircle
34541	Dawn	WitchHunter	Inquisition	705484	SpendCircle
34669	Glyphic Overload	Runemaster	Arcane	520099	SpendSquare
6912	The True Blessing	DemonHunter	Infernal	560838	SpendCircle
6928	Hellfire Forgemaster	KnightOfXoroth	Defiance	560655	SpendCircle
6944	An Arrow for Everything	Ranger	Archery	560812	SpendCircle
6960	Foul Contagion	Necromancer	Death	300965	SpendCircle
6976	Emergency Enhancer	Tinker	Invention	560787	SpendCircle
6992	Backup Fuel	Tinker	Class	705810	SpendCircle
7008	Magmatic	Pyromancer	Incineration	704807	SpendCircle
7024	Templar's Might	Monk	Crusader	705291	SpendCircle
7040	Pied Piper	Guardian	Inspiration	705350	SpendCircle
7056	Obliteration Beam	Cultist	Corruption	805572	SpendSquare
7072	Foul Play	Cultist	Corruption	706921	SpendCircle
7088	Juju Injection	WitchDoctor	Class	503608,503609	SpendCircle
6777	Siphon Anima	Reaper	Domination	504309	SpendCircle
7120	Widow's Watch	Venomancer	Vizier	706014	SpendCircle
4223	Warden of the Lost	Reaper	Domination	707116	SpendCircle
7152	Withering Venom	Venomancer	Stalking	706962	SpendSquare
29379	Soul Knight	Reaper	Domination	560487	SpendCircle
7184	Electrified Waters	Stormbringer	Maelstrom	573436	SpendCircle
7200	Melt Reality	Chronomancer	Infinite	806335	SpendSquare
7216	Warpstriker	Chronomancer	Infinite	707556,707830	SpendCircle
13784	Spirit Army	Reaper	Domination	707634	SpendCircle
7248	Skin Shedder	Venomancer	Class	705949	SpendCircle
7264	One Man's Poison...	Venomancer	Stalking	503799	SpendCircle
7280	Photosynthetic	SunCleric	Piety	300363,300621,300626	SpendCircle
33774	Summoning Prodigy	Necromancer	Animation	704682	SpendCircle
6839	Final Requiem	Reaper	Domination	560486,561358	SpendCircle
6779	Hard Bargain	Reaper	Domination	300569	SpendCircle
34516	Spirit Realm	Reaper	Domination	705404	SpendCircle
29432	Echoes of War	Guardian	Inspiration	704539	SpendCircle
34414	Steel Riposte	Guardian	Class	300534	SpendCircle
29560	Neltharion's Resolve	Pyromancer	Flameweaving	520488	SpendSquare
34670	Glyph Master	Runemaster	Arcane	520015	SpendCircle
7424	Evil Never Sleeps	WitchHunter	Class	804185	SpendCircle
7440	Organ Orbs	SonOfArugal	Fleshweaver	807490	SpendCircle
7456	Daring Escape	WitchHunter	Boltslinger	500086	SpendSquare
29880	Mind Leak	Cultist	Class	300270	SpendCircle
7488	Quake	Primalist	Mountain King	803974	SpendSquare
31289	Bolstered Form	Reaper	Domination	680337	SpendSquare
7520	Earthmaker	Primalist	Mountain King	560150	SpendCircle
30136	Sunburn	SunCleric	Piety	300365	SpendCircle
30200	Fury of Archimonde	DemonHunter	Infernal	706425	SpendCircle
30264	Orderly Protector	Chronomancer	Time	806162	SpendCircle
7584	Chains of Darkness	WitchHunter	Black Knight	680521	SpendSquare
7413	Warrior of Elune	Starcaller	Warden	704798	SpendCircle
7616	General of Y'shaarj	Cultist	Dreadnought	680581	SpendCircle
11167	Tip of the Spear	Ranger	Brigand	807023	SpendCircle
6768	Soultaker	Reaper	Domination	704356	SpendCircle
7664	The Chosen	SunCleric	Seraphim	704936	SpendCircle
7680	Spice of Life	SonOfArugal	Fleshweaver	680823	SpendCircle
30776	Chronological	Chronomancer	Infinite	592008	SpendCircle
7712	Font of Magic	Starcaller	Moon Guard	680742	SpendCircle
7728	Fungic	Venomancer	Venom	706455	SpendCircle
7744	Phase Guider	Starcaller	Moon Priest	300995	SpendCircle
7760	Lava-Drenched	Pyromancer	Class	706650	SpendCircle
11455	Paladin Training	Monk	Zealot	504808	SpendCircle
31160	Witchbane	WitchHunter	Boltslinger	800165	SpendSquare
33775	Raise: Ghoul	Necromancer	Animation	500971	SpendSquare
7304	Vampyr Lord	SonOfArugal	Sanguine	560259	SpendCircle
31352	Heroism	Guardian	Gladiator	705323	SpendCircle
34159	Deft Hands	Ranger	Class	707417	SpendCircle
11647	Nomad's Scroll	Runemaster	Class	707653	SpendCircle
34415	Myrmidon	Guardian	Class	503532	SpendCircle
7904	Incendiary Shot	Ranger	Archery	524870	SpendSquare
7920	Magic Erosion	Chronomancer	Infinite	706046	SpendCircle
19451	Justicar of the Light	Monk	Oathkeeper	707663	SpendCircle
7952	Sharpshooter	Ranger	Archery	582855	SpendCircle
30324	Essence Invigoration	Reaper	Class	805186	SpendCircle
29564	Soul Tap	Reaper	Class	807397	SpendSquare
8000	Judgement of The Three Hammers	Primalist	Mountain King	520466	SpendSquare
11935	Horrific Visions	Cultist	Corruption	707753	SpendCircle
6780	Burial Rites	Reaper	Class	560422	SpendCircle
5495	Soulstrider	Reaper	Class	572340	SpendCircle
6778	Ghastly Form	Reaper	Class	704357	SpendCircle
9322	Jailer's Bargain	Reaper	Class	805718	SpendSquare
34510	Soul Warden	Reaper	Class	560419,561337	SpendCircle
6719	Veilwalk	Reaper	Class	803990	SpendSquare
6722	Soul Harvester	Reaper	Class	804311	SpendCircle
6708	Backswing	Reaper	Class	706790	SpendCircle
12223	Extraction	Venomancer	Vizier	805884	SpendSquare
29248	Scythe Rush	Reaper	Class	500359	SpendSquare
34460	Beyond Death	Reaper	Soul	301193	SpendCircle
7782	Soulrot	Reaper	Soul	805196	SpendCircle
4129	Relentless	SonOfArugal	Accursed	704652	SpendHex
4266	Sepulchral Renewal	Reaper	Soul	561102	SpendSquare
4161	End of Time	Chronomancer	Infinite	807690	SpendCircle
8352	Dark Curse	SonOfArugal	Class	704649,560252	SpendCircle
30624	Sentinel's Focus	Starcaller	Sentinel	704740	SpendCircle
7733	Fangbinder	Venomancer	Vizier	560195	SpendCircle
12543	Tectonic Power	Primalist	Geomancy	707810	SpendCircle
33904	Fire Safety	Pyromancer	Class	300970,301350	SpendCircle
34032	Solar Guardian	SunCleric	Class	704581	SpendCircle
12639	Last Call	SunCleric	Valkyrie	681448	SpendCircle
29433	Field Commander	Guardian	Inspiration	705320	SpendCircle
4305	Bloodmoon Strength	SonOfArugal	Eternal	578120	SpendCircle
34544	Searing Hilt	WitchHunter	Inquisition	705480	SpendCircle
29625	Forgefiend's Bulwark	KnightOfXoroth	Defiance	801065	SpendCircle
29689	Deathchaser	Reaper	Soul	805190	SpendSquare
29753	Arcane Brew	WitchDoctor	Brewing	801689	SpendSquare
7315	Apparition	Reaper	Soul	705389	SpendCircle
6390	Essence Harvest	Reaper	Soul	707908	SpendCircle
34469	Reaver	Reaper	Soul	807419	SpendCircle
30543	Soul Piercer	Reaper	Soul	712484	SpendCircle
30073	Shadra's Aid	Venomancer	Vizier	504352	SpendSquare
30137	Grace	SunCleric	Piety	504070	SpendCircle
29828	Ride the Lightning	Stormbringer	Lightning	800099	SpendSquare
30265	Bronze Echoes	Chronomancer	Artificer	520800	SpendCircle
30127	Thunder Wave	Stormbringer	Lightning	705692	SpendCircle
30393	Indiscriminate	KnightOfXoroth	Hellfire	704958	SpendCircle
7422	Rearmament	WitchHunter	Houndmaster	805738	SpendSquare
29385	Legacy of Rexxar	Primalist	Primal	800184	SpendCircle
6826	Bestial Wrath	Primalist	Primal	803347	SpendCircle
30972	Rylak's Blessing	Primalist	Primal	802595	SpendCircle
2305	Incinerator	Pyromancer	Incineration	807510	SpendCircle
9248	Dancing in the Moonlight	Starcaller	Moon Guard	807659	SpendCircle
9280	Magic Shell	Venomancer	Fortitude	705970	SpendCircle
30905	Through The Aeons	Chronomancer	Time	560310	SpendCircle
30969	Totemic Echoes	Primalist	Primal	500937	SpendCircle
11207	Killer's Path	Primalist	Primal	706633	SpendCircle
6367	Spinebreaker	Primalist	Primal	537212	SpendCircle
31161	Scent of Magic	WitchHunter	Houndmaster	706260	SpendCircle
31225	Battlepriest	Monk	Oathkeeper	801202	SpendCircle
33905	Chains of Fire	Pyromancer	Class	706862	SpendCircle
7592	Night King	WitchHunter	Black Knight	707067	SpendCircle
31207	Spiritual Frenzy	Primalist	Primal	707367	SpendCircle
29357	Wild Rampage	Primalist	Primal	504197,504881	SpendCircle
34417	Vanguard's Shield	Guardian	Vanguard	804383	SpendCircle
34545	Flourish	WitchHunter	Inquisition	805365	SpendSquare
34673	Tome of Lightning	Stormbringer	Lightning	300606	SpendCircle
9687	Hand of a God	Primalist	Life	561208	SpendCircle
31230	Rips and Tears	Primalist	Primal	800141	SpendCircle
29296	Pulverize	Primalist	Primal	301087	SpendCircle
6261	Pulverize	Primalist	Primal	706153,707811	SpendCircle
13572	Keg Smash	Barbarian	Ancestry	805808	SpendSquare
9888	Martial Training	Monk	Crusader	806525	SpendCircle
12361	Holy Tempest	Monk	Crusader	301339	SpendCircle
6931	Gul'dan's Prodigy	DemonHunter	Infernal	704378	SpendCircle
7498	Seismic Smash	Primalist	Mountain King	300693	SpendSquare
8001	Shattering	Primalist	Mountain King	520469	SpendCircle
34684	Stormcloud	Stormbringer	Maelstrom	801859	SpendSquare
7505	Earthmother's Protection	Primalist	Mountain King	560298	SpendCircle
7503	Mountain Mover	Primalist	Mountain King	805643	SpendCircle
7805	Quakeformer	Primalist	Mountain King	680419	SpendCircle
9216	Call of the Mountain	Primalist	Mountain King	680406	SpendCircle
14303	Battle Rhythm	Barbarian	Class	800193	SpendCircle
33839	Starcrash	Starcaller	Sentinel	560721,704766	SpendCircle
7499	Terrasmash	Primalist	Mountain King	706220	SpendCircle
7528	Raging Earth	Primalist	Mountain King	706622	SpendCircle
7487	Tilling the Earth	Primalist	Mountain King	680409,681375	SpendCircle
9215	Stone Skin	Primalist	Mountain King	806583	SpendCircle
7494	Bash	Primalist	Mountain King	680964	SpendSquare
2609	Scientific Nature	Tinker	Invention	705802	SpendCircle
7507	Seismically Efficient	Primalist	Mountain King	680413	SpendCircle
33778	Mass Grave	Necromancer	Class	803741	SpendSquare
29242	Putricide's Formula	Necromancer	Death	707001,707882	SpendCircle
29306	Slither	WitchDoctor	Class	500947	SpendSquare
29370	Nightmare	SonOfArugal	Class	300226	SpendCircle
6269	Primal Totem	Primalist	Class	504229	SpendSquare
5329	Berserker Rush	Barbarian	Headhunting	560518	SpendSquare
34546	Sin Eater	WitchHunter	Inquisition	680542	SpendCircle
34674	Invoking Storms	Stormbringer	Lightning	705667,707793	SpendCircle
30351	Improved Waterskins	Ranger	Class	573057	SpendCircle
5393	The Hunt Continues	WitchHunter	Inquisition	560219	SpendCircle
29818	Mechanical Enhancements	Tinker	Mechanics	706632	SpendCircle
29882	Tentacle of Y'shaarj	Cultist	Dreadnought	802044	SpendSquare
29946	Parasite Plague	Necromancer	Death	560730	SpendCircle
6802	Strength of Goria	Barbarian	Class	705202	SpendCircle
6262	Therazane's Gift	Primalist	Class	504219	SpendCircle
30138	Clearsky Pendant	Stormbringer	Wind	705709	SpendCircle
30202	Battleweaver	SonOfArugal	Accursed	801963	SpendCircle
11040	Frontliner	Guardian	Inspiration	504782	SpendCircle
29589	Catalyst	Venomancer	Fortitude	800895	SpendSquare
7798	Dreamslip	Primalist	Class	805867	SpendSquare
12919	Concentrated Static	Stormbringer	Class	570722	SpendCircle
11168	Smasher	Barbarian	Class	561394	SpendCircle
30586	War Crimes	Tinker	Demolition	707239	SpendCircle
9454	Petalkeeper	Ranger	Farstrider	520925	SpendCircle
30714	Xorothian Empowerment	KnightOfXoroth	Hellfire	704994	SpendCircle
6665	Rage Rolling	Primalist	Class	561191	SpendCircle
29664	Verdant Chase	Primalist	Life	560305	SpendCircle
30906	Thunder King	Stormbringer	Class	804591	SpendSquare
34231	Fel Infusion	DemonHunter	Infernal	560533	SpendCircle
5713	Libram of Fervor	Monk	Class	805423	SpendSquare
6323	Grace of Alexstrasza	Pyromancer	Class	802167	SpendSquare
30633	Grip	Primalist	Class	800145	SpendSquare
31226	Mending Ward	Monk	Oathkeeper	806273	SpendCircle
7547	Rupturer	Primalist	Geomancy	706208	SpendCircle
11584	Enveloping Winds	Stormbringer	Wind	707546	SpendCircle
29383	Ancient of War	Primalist	Life	504222	SpendSquare
34291	Unrelenting	Barbarian	Class	705169	SpendCircle
34419	Knight's Advantage	Guardian	Class	705378	SpendCircle
34547	Dusk	WitchHunter	Inquisition	300571	SpendCircle
34402	Testament of Fortitude	Monk	Class	500678	SpendSquare
31291	Felfire Adept	DemonHunter	Infernal	560836,561345	SpendCircle
34931	Aethermancy	Stormbringer	Class	705690,705691	SpendCircle
6267	Cave In	Primalist	Geomancy	500615	SpendSquare
6593	Cragforming	Primalist	Geomancy	560481	SpendCircle
11904	Cycle of Death	Necromancer	Death	560727	SpendCircle
11936	Blackrock Mountaineer	Pyromancer	Draconic	707494	SpendCircle
5985	Rocket Barrage	Tinker	Demolition	805314	SpendCircle
6001	Refined Gunpowder	Tinker	Class	705781,705782	SpendCircle
6588	Stone Tosser	Primalist	Geomancy	680862	SpendCircle
7800	Cracking the Earth	Primalist	Geomancy	560145	SpendCircle
6049	For Da Loa!	WitchDoctor	Class	705906	SpendCircle
9999	Cave Dweller	Primalist	Geomancy	560167	SpendCircle
11949	Cyclone's Embrace	Stormbringer	Wind	301318	SpendCircle
6097	Fury of Shadra	Venomancer	Class	503850	SpendCircle
6113	Spider Lord	Venomancer	Fortitude	704264	SpendCircle
7672	Keleseth's Calamity	SonOfArugal	Sanguine	560249	SpendSquare
7357	One With The Earth	Primalist	Geomancy	704402	SpendCircle
6161	Eternity	Chronomancer	Infinite	805844	SpendCircle
9207	Lithic Lance	Primalist	Geomancy	706159	SpendCircle
6600	Stoneskin	Primalist	Geomancy	706162,707809	SpendCircle
7535	Seismic Tremor	Primalist	Geomancy	680442	SpendSquare
12448	Thirst for Blood	SonOfArugal	Sanguine	570023	SpendCircle
29754	Base: Crystal Water	WitchDoctor	Brewing	500962	SpendSquare
6257	Magmatism	Primalist	Geomancy	706174	SpendCircle
33780	Naxxramas Prodigy	Necromancer	Class	560622	SpendCircle
6289	Rolling Momentum	Primalist	Class	680446	SpendCircle
6305	Stonefaced	Primalist	Class	706201	SpendCircle
34164	Pilfering	Ranger	Brigand	705087	SpendCircle
6337	Unrelenting Winds	Stormbringer	Wind	704211	SpendCircle
6924	Interdict	Monk	Class	560116	SpendSquare
11163	Flourishing Growth	Primalist	Life	805442	SpendSquare
34676	Stormflow	Stormbringer	Maelstrom	567555	SpendSquare
6401	Solemn Soldier	Monk	Zealot	572546,572555	SpendCircle
6417	Vishas' Memoir	WitchHunter	Class	300795	SpendCircle
6433	Crashing Force	Guardian	Gladiator	705329,707820	SpendCircle
12896	Shadow Pact	SonOfArugal	Accursed	561227	SpendCircle
29947	Knight's Seal	WitchHunter	Black Knight	680498	SpendSquare
6481	Magebreaker	Runemaster	Riftblade	804061	SpendCircle
11184	Earthmother's Warden	Primalist	Life	707514	SpendCircle
30139	Evergale	Stormbringer	Wind	705717	SpendCircle
30203	Veil of Darkness	WitchDoctor	Class	802100	SpendSquare
30267	Tripping the Rift	Chronomancer	Class	520173	SpendCircle
30607	Radiant Blade	Monk	Crusader	524822,525080	SpendCircle
9193	Infused With Power	Primalist	Life	503718	SpendCircle
30459	Ambuscade	Ranger	Brigand	705053	SpendCircle
13216	Mountain Avatar	Primalist	Mountain King	707616	SpendCircle
13248	Celestial Guard	Starcaller	Moon Guard	574351	SpendCircle
6641	Aspect of the Goddess	Starcaller	Moon Priest	802203	SpendSquare
30715	Genocide	Reaper	Harvest	560924	SpendCircle
6673	Bounty Hunter	Ranger	Brigand	803114	SpendCircle
6689	Cosmic Shift	Starcaller	Moon Priest	801134	SpendSquare
30968	Thorns	Primalist	Life	504732	SpendCircle
30971	Bring Me Their Bones	Primalist	Primal	806552	SpendSquare
13472	Corrosive Toxin	Venomancer	Stalking	807243	SpendCircle
6753	Drunken Brawler	Barbarian	Class	560364	SpendCircle
6769	Vitality	SonOfArugal	Eternal	704166	SpendCircle
6785	Puncture Wounds	Barbarian	Headhunting	805997	SpendCircle
6801	Sen'jin's Guidance	Barbarian	Headhunting	707661	SpendSquare
6817	Press the Line!	Guardian	Class	300542	SpendCircle
7445	Hemal Excision	SonOfArugal	Fleshweaver	803681	SpendSquare
34293	Vengeance For Zul'jin	Barbarian	Headhunting	560205	SpendCircle
34421	Energetic	Guardian	Class	705316	SpendCircle
6881	Heightened Reflexes	SonOfArugal	Eternal	704627,704628	SpendCircle
6897	Overwhelming Force	Necromancer	Class	531128	SpendCircle
9729	Runic Obliteration	Runemaster	Arcane	705560	SpendCircle
6929	Infernal Steel	KnightOfXoroth	Hellfire	805693	SpendCircle
6945	Natural Disguise	Ranger	Class	520585	SpendSquare
6961	Festering Decay	Necromancer	Death	806324	SpendCircle
6977	Epiphany!	Tinker	Invention	560782	SpendCircle
9889	On The Hunt	Starcaller	Sentinel	504006	SpendCircle
9921	Blessing of the Inferno	Pyromancer	Flameweaving	707451	SpendCircle
9953	Overwhelming Void	Cultist	Class	707429	SpendCircle
7041	Purifying Flames	Pyromancer	Class	807159	SpendCircle
7057	Corruptor's Gaze	Cultist	Corruption	802048	SpendCircle
4226	Man'ari Teachings	DemonHunter	Infernal	705150	SpendCircle
34237	Archimonde's Wrath	DemonHunter	Infernal	300489	SpendCircle
7105	Tectonic Flow	Primalist	Class	802494	SpendCircle
7121	Ophidian Renewal	Venomancer	Vizier	706938	SpendCircle
5311	Endurance Training	Ranger	Class	705039	SpendCircle
14304	Savage Cadence	Barbarian	Class	807861	SpendCircle
7169	Impale	Venomancer	Fortitude	560248	SpendSquare
11292	Doomsayer	DemonHunter	Infernal	520833	SpendCircle
7201	Chromatic Shard	Chronomancer	Infinite	801292	SpendSquare
7217	Melioration	Venomancer	Vizier	706945	SpendCircle
4292	Infernal Summoner	DemonHunter	Infernal	300480	SpendCircle
7249	Shadra's Balm	Venomancer	Class	800901	SpendSquare
31295	Infernal	DemonHunter	Infernal	560284	SpendSquare
7281	Rapture	SunCleric	Piety	806477	SpendSquare
7297	Aortic Assault	SonOfArugal	Accursed	806212	SpendSquare
29244	Fetid Ward	Necromancer	Class	680388	SpendSquare
34038	Mercy	SunCleric	Blessings	504848	SpendSquare
34166	Jagged Cuts	Ranger	Brigand	807668	SpendCircle
7361	Rain of Chaos	KnightOfXoroth	Hellfire	704452	SpendCircle
34422	Deflector	Guardian	Class	706336	SpendCircle
34550	Brushin' Off The Dusk	WitchHunter	Inquisition	681329,681488	SpendCircle
29628	Aneurysm	SonOfArugal	Sanguine	806099	SpendSquare
30808	Withering	DemonHunter	Infernal	707416	SpendCircle
6915	Felwrath	DemonHunter	Infernal	520236	SpendSquare
6340	Fel Cannon	DemonHunter	Infernal	802180	SpendCircle
7473	Lightning Cage	Stormbringer	Lightning	560030	SpendSquare
11224	Hidden Power	DemonHunter	Infernal	802108	SpendCircle
10913	Disciplined Blows	Monk	Oathkeeper	680397	SpendCircle
7521	Earth Destroyer	Primalist	Mountain King	560508	SpendCircle
7537	Cave Dweller	Primalist	Geomancy	574314,574361	SpendCircle
7553	Grasp of the Undying	WitchHunter	Black Knight	707064	SpendCircle
30268	Titan's Gaze	Chronomancer	Time	804462	SpendCircle
7585	Destroyer of Evil	WitchHunter	Black Knight	680528	SpendCircle
30396	Quickdraw	WitchHunter	Houndmaster	804193	SpendSquare
7617	Malignant Armor	Cultist	Dreadnought	680569	SpendCircle
7633	Witching Idol	WitchHunter	Black Knight	804051	SpendSquare
7649	Solar Nova	SunCleric	Seraphim	680621	SpendSquare
11233	Fel Monstrosity	DemonHunter	Tyrant	500067	SpendCircle
7681	Consolidation	SonOfArugal	Fleshweaver	706603	SpendCircle
30780	Mark of Order	Chronomancer	Time	704488	SpendCircle
30844	Conduction Burst	Chronomancer	Artificer	804452	SpendCircle
30908	Null Orbs	Chronomancer	Infinite	572722	SpendCircle
11393	Evil Never Sleeps	WitchHunter	Inquisition	561210	SpendCircle
30811	Pit Lord's Rage	DemonHunter	Slayer	705141	SpendCircle
34249	Reachwalker	DemonHunter	Slayer	705135	SpendCircle
31164	Tempest Calling	Stormbringer	Wind	707615	SpendSquare
34209	Felguard	DemonHunter	Slayer	560542	SpendCircle
33911	Black Magic	Pyromancer	Draconic	520381	SpendCircle
34039	Ancient Rites	SunCleric	Blessings	300351,301345,301817	SpendCircle
34167	Marked for Death	Ranger	Brigand	806973	SpendCircle
7873	Cheating Time	Chronomancer	Artificer	524945	SpendCircle
7889	Burning Blade	KnightOfXoroth	War	524920	SpendSquare
7905	Mortal Shots	Ranger	Archery	707380	SpendCircle
34679	Raining and Pouring	Stormbringer	Maelstrom	706660	SpendCircle
7937	Clocked In	Chronomancer	Artificer	706076	SpendCircle
34935	Aviana's Blessing	Stormbringer	Class	705720	SpendCircle
29704	Blade of Faith	Monk	Class	803872	SpendSquare
9229	Chaotic	DemonHunter	Slayer	574143	SpendCircle
4001	Excessive Power	Barbarian	Brutality	92081	SpendCircle
4009	Burning Commander	DemonHunter	Tyrant	92089	SpendCircle
4017	Greater Imp	KnightOfXoroth	Hellfire	92101	SpendSquare
4025	Thirst	SonOfArugal	Sanguine	92112	SpendCircle
4033	Echo Fragments	Chronomancer	Artificer	92120	SpendCircle
4041	Corrupting Whispers	Cultist	Corruption	92130	SpendCircle
4049	Napalm	Tinker	Demolition	92138	SpendCircle
4057	Tormentor	Reaper	Domination	92147	SpendCircle
34245	Demonic Machinations	DemonHunter	Slayer	806111	SpendCircle
7432	Nether Champion	DemonHunter	Slayer	705145	SpendCircle
30614	Barrier of Light	Monk	Oathkeeper	805417	SpendSquare
11228	Unbound	DemonHunter	Slayer	574153	SpendCircle
34252	Burning Rage	DemonHunter	Slayer	707907	SpendCircle
34238	Fel Blades	DemonHunter	Slayer	300484	SpendCircle
30299	Chaos Soldier	DemonHunter	Slayer	560057	SpendCircle
30300	Azzinoth's Rage	DemonHunter	Slayer	804611,807901,807914	SpendCircle
34236	Twin Fury	DemonHunter	Slayer	801892	SpendCircle
12449	Assassin	Ranger	Brigand	807626	SpendCircle
9228	True Self	DemonHunter	Slayer	574140	SpendCircle
6526	Immolation Aura	DemonHunter	Slayer	800207	SpendSquare
33784	Disciple of Kel'thuzad	Necromancer	Class	560615,560616	SpendCircle
33912	Lucifron's Rage	Pyromancer	Flameweaving	300932	SpendCircle
29309	Cleansing Idol	WitchDoctor	Class	504840	SpendSquare
34168	Camper	Ranger	Class	705026	SpendCircle
29437	Xorothian Strength	KnightOfXoroth	Class	300382,570100	SpendCircle
4306	The Hunter and the Hunted	SonOfArugal	Accursed	807487	SpendHex
12737	Savage	Barbarian	Brutality	560441	SpendCircle
29629	Fleshcraft	SonOfArugal	Class	801952	SpendSquare
4354	Frost Giant's Fury	Barbarian	Ancestry	805812	SpendCircle
29757	Devotion to Bwonsamdi	WitchDoctor	Class	802756	SpendCircle
30301	Anti-Magic	DemonHunter	Class	560822	SpendCircle
5685	Chaotic	DemonHunter	Class	681376	SpendCircle
29949	Gaze of the Black Knight	WitchHunter	Black Knight	802138	SpendSquare
30013	Dread	KnightOfXoroth	Class	706502	SpendCircle
33671	Armaments of the Legion	DemonHunter	Class	706266,707844	SpendCircle
30141	Power the Elements	Stormbringer	Wind	705721,707799	SpendCircle
30205	Crystalline Reflection	Cultist	Class	525060	SpendCircle
30269	Timeguard	Chronomancer	Class	804441	SpendSquare
30333	Voodoo Cauldron	WitchDoctor	Brewing	804684	SpendSquare
33855	Pulsar Explosion	Starcaller	Moon Guard	704794,707894	SpendCircle
30461	Hookshot	Ranger	Brigand	800360	SpendSquare
11227	Suffering	DemonHunter	Class	807430	SpendCircle
30565	Pact Hunter	DemonHunter	Class	704612	SpendCircle
30653	Infused Blades	Starcaller	Warden	807160	SpendCircle
9218	Straight to the Nether	DemonHunter	Tyrant	560503	SpendCircle
9250	Whirling Maelstrom	Stormbringer	Maelstrom	705725	SpendCircle
30845	Encroaching Presence	Cultist	Godblade	300280	SpendCircle
34204	Warden's End	DemonHunter	Class	705125	SpendCircle
30973	Staff of the Coven	WitchDoctor	Voodoo	806563,807905,807915	SpendCircle
29399	Legion March	DemonHunter	Class	805244	SpendCircle
13505	Protogenesis	Venomancer	Fortitude	707620	SpendCircle
31165	Tempest Sovereign	Stormbringer	Maelstrom	560020	SpendSquare
9474	Turret Upgrade Z-15	Tinker	Mechanics	524979	SpendCircle
29924	Illidan's Guile	DemonHunter	Class	806109	SpendSquare
31357	Beatdown	Ranger	Brigand	705047	SpendCircle
34169	Snapseed	Ranger	Class	804027	SpendSquare
4802	Power Overwhelming	Runemaster	Runic	707876	SpendCircle
34425	Relentless	Guardian	Class	705343	SpendCircle
30559	Skull of Gul'dan	DemonHunter	Class	800225	SpendSquare
33670	Embracing Evil	DemonHunter	Class	800352	SpendCircle
4623	Withering	Necromancer	Death	301250	SpendCircle
34937	Thundershocker	Stormbringer	Lightning	300610	SpendCircle
34207	Demonborn	DemonHunter	Class	705102,707842	SpendCircle
7862	Cruelty	DemonHunter	Class	705109,520249	SpendCircle
29367	Manaburn	DemonHunter	Class	805248	SpendSquare
30405	Tyrannical Resolve	DemonHunter	Tyrant	804823	SpendSquare
11288	Calm Combatant	Monk	Zealot	705281	SpendCircle
4978	Blessed Hammer	SunCleric	Valkyrie	804032	SpendCircle
9986	Timeblender	Chronomancer	Time	555737	SpendCircle
31255	Blessing of Aggramar	Monk	Zealot	300502	SpendCircle
11217	Demonic Blood	DemonHunter	Tyrant	807438	SpendCircle
6815	Nether Strength	DemonHunter	Tyrant	520240	SpendCircle
12170	Fel Torpedo	DemonHunter	Tyrant	520853	SpendSquare
14241	Binding Flames	Pyromancer	Class	807686	SpendCircle
7870	Illidan's Favor	DemonHunter	Tyrant	520592	SpendCircle
34229	Betrayer	DemonHunter	Tyrant	300476	SpendCircle
5122	Unmaker of Realities	Chronomancer	Class	706107	SpendCircle
34220	Infernal Constitution	DemonHunter	Tyrant	805256	SpendCircle
30556	Felspill	DemonHunter	Tyrant	706267	SpendCircle
6774	Outland Slaver	DemonHunter	Tyrant	705123,707846	SpendCircle
29442	Felrend	DemonHunter	Tyrant	800210	SpendSquare
7869	Demon Hide	DemonHunter	Tyrant	520252,520253	SpendCircle
7347	Scourge Disciple	Necromancer	Animation	531126	SpendCircle
7730	From Life Comes Death	Venomancer	Venom	504855	SpendCircle
29182	Guiding Glow	SunCleric	Class	300324,300329	SpendCircle
33914	Concentrated Fire	Pyromancer	Flameweaving	704864	SpendCircle
29310	Base: Beast Blood	WitchDoctor	Brewing	705870	SpendSquare
6107	Vile Fury	Venomancer	Fortitude	706006,707874	SpendCircle
5314	Command: Hook	Necromancer	Class	504316	SpendSquare
34426	Grand Entrance	Guardian	Class	802870	SpendSquare
9186	Infinite Guard	Chronomancer	Infinite	574312	SpendCircle
29630	Sacrificial Rite	SonOfArugal	Sanguine	800785	SpendSquare
6552	Septic Trauma	Venomancer	Venom	504361	SpendCircle
34938	Improved Body of Lightning	Stormbringer	Class	705693	SpendCircle
7210	Fungal Assailant	Venomancer	Venom	504344	SpendSquare
29886	Mending Surge	Starcaller	Moon Priest	704732	SpendCircle
29950	Darkslayer's Lantern	WitchHunter	Inquisition	802139	SpendSquare
7953	Relentless	Venomancer	Class	578320	SpendCircle
30078	Potent Expulsion	Venomancer	Fortitude	560266	SpendCircle
30861	Wand Mastery	Chronomancer	Artificer	806216	SpendCircle
30206	Ember Touch	Pyromancer	Class	800818	SpendSquare
4177	Hex of Death	WitchDoctor	Shadowhunting	706557	SpendCircle
30334	Veins of Vengeance	SonOfArugal	Class	560074	SpendCircle
1389	Banditry	Ranger	Brigand	520574,520879	SpendCircle
30462	Barbed Quills	Ranger	Brigand	800077	SpendCircle
11170	Chaos Fusion	Chronomancer	Infinite	807578	SpendCircle
29541	Bloodguard	SonOfArugal	Eternal	570746	SpendCircle
30654	Enchanted Aegis	Starcaller	Moon Guard	704795	SpendCircle
31117	Blood Pact	SonOfArugal	Class	801955	SpendSquare
11298	Blessing of N'Zoth	Cultist	Godblade	681107	SpendCircle
30846	Mortal Wounds	SonOfArugal	Class	504292	SpendCircle
11273	Intuition	Chronomancer	Artificer	807589	SpendCircle
30974	Venomagus	Venomancer	Stalking	300682,301364	SpendCircle
29575	Wilting Away	Venomancer	Venom	706012	SpendCircle
31102	Glacial Rune	Runemaster	Class	807842	SpendSquare
31166	Gore	KnightOfXoroth	War	805555	SpendSquare
33787	Tear Drops	Starcaller	Moon Priest	560896	SpendCircle
31294	Cunning	DemonHunter	Class	300465	SpendCircle
5794	Impaling Spear	Barbarian	Headhunting	500984	SpendSquare
34171	Resourceful	Ranger	Class	504008	SpendCircle
34299	Dauntless	Barbarian	Class	804746	SpendCircle
34427	Sturdy	Guardian	Class	706639	SpendCircle
34555	Dark Intuition	WitchHunter	Class	806195	SpendCircle
6687	Acid Bolt	Venomancer	Venom	706025,707870,712480	SpendCircle
11287	Light's Chosen	Monk	Crusader	301310	SpendCircle
30126	Electric Energy	Stormbringer	Lightning	804278	SpendCircle
29141	Lethal Current	Stormbringer	Maelstrom	705663,707797	SpendCircle
11874	Perpetual Burning	Pyromancer	Draconic	707503	SpendCircle
11906	Heartbreak	SonOfArugal	Fleshweaver	520314	SpendSquare
5970	Bombs? BOMBS!	Tinker	Mechanics	705789	SpendCircle
33856	Tyrande's Guidance	Starcaller	Moon Guard	704788	SpendCircle
29574	Ambush Predator	Venomancer	Class	800878	SpendCircle
13164	Polearm Craft	Ranger	Brigand	707885	SpendCircle
29556	Aspect's Blessing	Pyromancer	Draconic	802168	SpendSquare
6050	One Armed Waltz	WitchDoctor	Class	705909	SpendCircle
6672	Close Quarters	Ranger	Brigand	301146,301248	SpendCircle
6082	Acute Senses	Venomancer	Class	300664,300665	SpendCircle
6098	Fury of Anub'Rekhan	Venomancer	Class	800894	SpendCircle
11309	Blackflight Resurgence	Pyromancer	Draconic	805587	SpendCircle
6130	A Pit of Snakes	Venomancer	Venom	706007	SpendCircle
6146	Tunneler	Venomancer	Stalking	630932	SpendCircle
6162	Rippling Power	Chronomancer	Class	806300,807893	SpendCircle
6178	Splitting Time	Chronomancer	Artificer	706130	SpendCircle
6194	The Bieko Effect	Chronomancer	Class	706099	SpendCircle
30488	Anti-Magic Shell	Necromancer	Animation	504866	SpendCircle
6226	Perfect Timing	Chronomancer	Class	520164,520874	SpendCircle
6242	Infusion of Neptulon	Primalist	Life	300731	SpendCircle
9285	Prowler	Venomancer	Stalking	804342	SpendCircle
33788	Huntress of Elune	Starcaller	Sentinel	704769,704770	SpendCircle
33916	Living Flame	Pyromancer	Flameweaving	704851	SpendCircle
6756	Pinch	Venomancer	Class	704235	SpendSquare
34172	Cutthroat	Ranger	Class	800359	SpendSquare
6338	Nether Disciple	DemonHunter	Tyrant	560576,561343	SpendCircle
6354	Testament of Will	Monk	Class	801455	SpendSquare
34556	Alchemical Research	WitchHunter	Class	705498,707862	SpendCircle
29631	Falcon Diving	Ranger	Farstrider	520783	SpendCircle
6856	Tormentor	WitchHunter	Boltslinger	800162	SpendSquare
34940	Focal Point	Stormbringer	Wind	706629	SpendCircle
6434	No Retreating!	Guardian	Gladiator	504139	SpendCircle
29887	Trueshot	Starcaller	Sentinel	520590	SpendSquare
29951	Brooding Hatred	WitchHunter	Inquisition	301251,301362	SpendCircle
6482	Ancient Warrior	Runemaster	Runic	520755	SpendCircle
6498	Fresh Ingredients	WitchDoctor	Brewing	705856,707858	SpendCircle
6514	Gift of the Timeways	Chronomancer	Infinite	704487	SpendCircle
6530	Mechanical Synergy	Tinker	Mechanics	680200,681482	SpendCircle
29935	Alexstrasza's Gift	Pyromancer	Draconic	300956	SpendCircle
6984	Fiery Intent	Pyromancer	Class	525018	SpendCircle
6578	Earth Pummeling	Primalist	Geomancy	560182	SpendCircle
6594	Therazane's Might	Primalist	Geomancy	805336	SpendCircle
6610	Holy Frenzy	WitchHunter	Inquisition	681327	SpendCircle
30591	Earthmother's Pendant	Primalist	Class	504446	SpendCircle
9050	Lord of Lightning	Stormbringer	Lightning	707618	SpendCircle
30767	Hodir's Wrath	Barbarian	Class	800152	SpendSquare
9251	Unbridled Flow	Stormbringer	Maelstrom	578299	SpendCircle
6690	Elune's Blessing	Starcaller	Sentinel	300876	SpendCircle
6706	Maximum Carnage	Barbarian	Brutality	561359	SpendCircle
30975	Rotfang	Venomancer	Stalking	804977	SpendSquare
30895	Soul Feeder	WitchDoctor	Shadowhunting	705894	SpendCircle
6426	Child of the Storm	Stormbringer	Wind	804038	SpendCircle
6770	Moonstone Hilt	Starcaller	Moon Guard	300250,680757	SpendCircle
31215	Blood Trails	SonOfArugal	Class	804858	SpendCircle
33917	Invigoration	Pyromancer	Flameweaving	704863	SpendCircle
31359	Minstrel	Guardian	Inspiration	704533	SpendCircle
6834	Anger Issues	Barbarian	Brutality	560450	SpendCircle
6850	Prodigy of Lei Shen	Stormbringer	Maelstrom	560023	SpendCircle
34429	Honorable Demeanor	Guardian	Class	705377	SpendCircle
34557	Slayer of Darkness	WitchHunter	Class	804024	SpendCircle
34685	Torrential Rage	Stormbringer	Maelstrom	807196,807884	SpendCircle
6914	Infernal Ruin	DemonHunter	Infernal	560840	SpendCircle
34941	Unbound Elementalist	Stormbringer	Wind	705702	SpendCircle
6946	Adrenaline Rush	Ranger	Class	520578	SpendSquare
6962	Star-Guided Arrows	Starcaller	Sentinel	524642	SpendCircle
34268	Brutal Swing	Barbarian	Brutality	500913	SpendSquare
19778	Frozen Bodies	Necromancer	Rime	707562	SpendCircle
7010	Ignis Fatalis	Pyromancer	Class	706893	SpendCircle
29488	Starcall	Starcaller	Sentinel	800497	SpendSquare
7042	Gaze of Ysera	Pyromancer	Class	806148	SpendSquare
7058	Glimpse of Madness	Cultist	Corruption	500719,500767	SpendCircle
7074	Hatred & Vitriol	WitchHunter	Inquisition	504470	SpendCircle
29648	Reverse Magic	Starcaller	Class	570231	SpendSquare
29712	Sacred Oath	Monk	Oathkeeper	712346	SpendCircle
7122	Shadra's Presence	Venomancer	Vizier	504348	SpendCircle
29744	Healing Ward	WitchDoctor	Class	500957	SpendSquare
7154	Sen'jin's Swiftness	WitchDoctor	Class	504426	SpendCircle
7170	Regrow Exoskeleton	Venomancer	Fortitude	803197	SpendSquare
7186	Aeromancy	Stormbringer	Wind	705708	SpendCircle
7202	Draconic Tempest	Pyromancer	Draconic	802170	SpendCircle
29904	Dark Juggernaut	WitchHunter	Black Knight	560208	SpendCircle
4629	Feral Strength	SonOfArugal	Eternal	704661	SpendCircle
29778	Giant Bones	Necromancer	Rime	805427	SpendCircle
7266	Unbound	Reaper	Harvest	706785	SpendCircle
1821	Protective Warding	Runemaster	Runic	800756	SpendCircle
7298	Army of the Dead	Necromancer	Animation	525600	SpendCircle
33918	Lifebinder's Fire	Pyromancer	Flameweaving	704862	SpendCircle
7330	Sharpened Claws	Primalist	Primal	504226	SpendCircle
7346	Plague Protection	Necromancer	Animation	570046,570226	SpendCircle
34302	Rapid Recovery	Barbarian	Class	705171	SpendCircle
34430	Liberation	Guardian	Inspiration	803963	SpendSquare
34558	Regenerative Elixirs	WitchHunter	Class	705528	SpendCircle
34686	Disciple of Thorim	Stormbringer	Maelstrom	705727,707795,707798	SpendCircle
10755	Ascension	Stormbringer	Lightning	301260	SpendCircle
34397	Faith Guard	Monk	Oathkeeper	705259	SpendCircle
7458	Arbalest Mastery	WitchHunter	Boltslinger	706240	SpendCircle
7474	Storm Ascendance	Stormbringer	Class	681110	SpendSquare
29952	Trap Card	WitchHunter	Class	680253	SpendCircle
7506	Earthenforged Barrier	Primalist	Mountain King	680408	SpendCircle
30080	Barbed Stinger	Venomancer	Fortitude	803196	SpendSquare
7538	Golem Form	Primalist	Geomancy	805335	SpendSquare
30208	Focusing Crystals	Runemaster	Arcane	705564,707879	SpendCircle
9311	Spirit Healer	WitchDoctor	Brewing	560280	SpendCircle
7586	Desecrate	WitchHunter	Black Knight	680518	SpendSquare
30400	Hemoglobe	SonOfArugal	Fleshweaver	524907	SpendSquare
30464	Facemelter	Venomancer	Stalking	800871	SpendSquare
11171	Resourceful Pursuit	WitchHunter	Boltslinger	707648	SpendCircle
7736	Venom Glands	Venomancer	Vizier	706015	SpendCircle
30656	Warden's Blade	Starcaller	Class	805508	SpendSquare
30720	Dreadwake	Reaper	Domination	803992	SpendSquare
7698	Elune's Presence	Starcaller	Class	680774	SpendSquare
30848	Dark Sigil	SonOfArugal	Accursed	560535	SpendCircle
30912	Lichplague	Necromancer	Death	802132	SpendSquare
7746	Lunar Splinters	Starcaller	Sentinel	561062	SpendCircle
7762	Malediction	SonOfArugal	Sanguine	800776	SpendSquare
7792	Brutal Shot	Ranger	Archery	570014	SpendSquare
7794	Masterful Archery	Ranger	Archery	680469	SpendCircle
7810	Decimation	KnightOfXoroth	War	524913	SpendSquare
7826	Converge the Infinite	Chronomancer	Time	520045	SpendCircle
7842	Drone Striker	Tinker	Demolition	707256	SpendCircle
34175	Wild Man	Ranger	Brigand	560344	SpendCircle
34303	Blood and Glory	Barbarian	Class	805821	SpendCircle
31280	Elven Enchantments	Ranger	Archery	705054	SpendCircle
7906	Guile of the Ranger	Ranger	Class	520353	SpendCircle
34687	Crackling Devastation	Stormbringer	Lightning	705645	SpendCircle
7938	Twilight Horror	Cultist	Corruption	560977	SpendCircle
34943	Storm Clouds	Stormbringer	Wind	705686	SpendCircle
7856	Arc Collision	Chronomancer	Artificer	524853	SpendSquare
6634	Agonizing Pain	SonOfArugal	Sanguine	680745	SpendCircle
1969	Improved Malefic Arrow	WitchDoctor	Shadowhunting	707855,712478	SpendCircle
19222	Plague Science	Necromancer	Death	704163	SpendCircle
29489	Second Moon	Starcaller	Class	300252	SpendCircle
7452	Deadly Sting	Venomancer	Fortitude	560264	SpendCircle
7936	Molten Fury	Pyromancer	Draconic	704818	SpendCircle
11218	Dark Souls	WitchHunter	Class	802011	SpendCircle
30485	Drown In Poison	Venomancer	Fortitude	504407	SpendCircle
34184	Backstep	Ranger	Farstrider	800685	SpendSquare
4005	Cauldron Brewer	WitchDoctor	Brewing	92085	SpendCircle
6567	Holy Combatant	Monk	Crusader	500011	SpendCircle
30884	Mojo Addiction	WitchDoctor	Brewing	503696,504889	SpendCircle
12259	Pavise Crossbowman	WitchHunter	Boltslinger	681453	SpendSquare
6057	The Price of Power	WitchDoctor	Voodoo	705916	SpendCircle
34527	Hail of Gunfire	WitchHunter	Houndmaster	804187	SpendCircle
30087	Slimy Stingers	Venomancer	Fortitude	706001	SpendCircle
8292	Spiritual Reflexes	Reaper	Soul	705436	SpendCircle
30929	Whipvine Arrow	Ranger	Farstrider	806342	SpendSquare
9253	Thunderous	Stormbringer	Lightning	804827	SpendCircle
6644	Malignant	WitchDoctor	Voodoo	704503	SpendCircle
29121	Malignant Jinx	WitchDoctor	Voodoo	803678	SpendSquare
30651	Meteor	Pyromancer	Class	500135	SpendSquare
4243	Explosive Moonlight	Starcaller	Sentinel	800474	SpendCircle
10495	Animate: Bone Wraith	Necromancer	Animation	805032	SpendSquare
34176	Stonemason's Secret	Ranger	Brigand	524654	SpendCircle
34304	Liquid Courage	Barbarian	Ancestry	681060	SpendCircle
29505	Sun Down	SunCleric	Piety	572752	SpendSquare
34560	Alertness	WitchHunter	Class	681152	SpendCircle
29633	Genesis	Runemaster	Riftblade	500501	SpendSquare
4355	Gruesome Rituals	SonOfArugal	Fleshweaver	680696	SpendCircle
29761	Scrapper	Tinker	Mechanics	525039	SpendSquare
29825	Rockadier	Tinker	Demolition	801827	SpendSquare
9597	Ritual Healing	Venomancer	Vizier	681047	SpendCircle
29953	Flexible Fighter	WitchHunter	Inquisition	681341	SpendCircle
34528	Darkhunter	WitchHunter	Houndmaster	503669	SpendCircle
30081	Beetle Poison	Venomancer	Fortitude	705876	SpendCircle
30145	Elegant Combat	Guardian	Inspiration	804047	SpendCircle
6529	Death Trap	WitchHunter	Class	681450	SpendSquare
6324	Blight Antidote	Venomancer	Vizier	808082	SpendSquare
6133	Toxic Communion	Venomancer	Vizier	680767	SpendSquare
30401	Excess Blood	SonOfArugal	Fleshweaver	504100	SpendCircle
30465	Celerity	Venomancer	Class	804962	SpendSquare
30529	Shield Unit	Guardian	Vanguard	804891	SpendCircle
9289	Holy Upheaval	Monk	Zealot	572547	SpendCircle
30749	Mycelial Replenishment	Venomancer	Vizier	706021	SpendSquare
2306	Lighting the Fuse	Pyromancer	Incineration	807509	SpendCircle
4627	Uncanny Movement	SonOfArugal	Eternal	301064	SpendCircle
6737	Mounting Fury	Barbarian	Brutality	805927	SpendCircle
6693	Rippling Moonwater	Starcaller	Moon Priest	804733	SpendCircle
13783	Vizier Form	Venomancer	Vizier	504798	SpendSquare
33698	Swarm of Flies	SonOfArugal	Sanguine	704646	SpendCircle
11735	Venomcult Scrolls	Venomancer	Vizier	707574	SpendCircle
31169	Heavy Blow	Guardian	Vanguard	803129	SpendSquare
6857	Cinder and Ashes	WitchHunter	Inquisition	707317	SpendCircle
33921	Warmth	Pyromancer	Flameweaving	706464	SpendCircle
2386	Blessing of Therazane	Primalist	Geomancy	680439	SpendCircle
34530	Veiled in Darkness	WitchHunter	Houndmaster	524854	SpendCircle
34305	Drunken Frenzy	Barbarian	Ancestry	572799	SpendCircle
34433	Veteran of the Third War	Guardian	Inspiration	300540	SpendCircle
34561	Crossbow Frenzy	WitchHunter	Boltslinger	705499	SpendCircle
2426	Combat Crafter	Tinker	Mechanics	807499	SpendCircle
7009	Melting Point	Pyromancer	Incineration	300757	SpendCircle
4883	Boomshot	Tinker	Demolition	707249	SpendCircle
33827	Cascade	Starcaller	Sentinel	704765	SpendCircle
9828	Gear Grind	Tinker	Mechanics	680975	SpendCircle
34339	Bursting Impact	Monk	Zealot	705276	SpendCircle
30643	Pyroclastic Flow	Pyromancer	Incineration	524875	SpendCircle
30771	Guts Splatter	Barbarian	Headhunting	560586,561332	SpendCircle
8613	Undertow	Stormbringer	Maelstrom	705666,707796	SpendCircle
30931	Pecking	Ranger	Farstrider	570737	SpendCircle
30524	Cunning of the Nerub'ar	Venomancer	Stalking	805140	SpendCircle
7289	Bloodbender	SonOfArugal	Class	704635	SpendCircle
7819	Circle of Fire	Pyromancer	Class	800807	SpendSquare
5354	Visceral Magic	SonOfArugal	Class	707371	SpendCircle
7409	Shooting Star	Starcaller	Class	800505	SpendSquare
7417	Darkflock	WitchHunter	Houndmaster	520270	SpendSquare
34916	Aether Mastery	Stormbringer	Class	807462,807887	SpendCircle
34980	Create Frozen Reliquary	Necromancer	Class	803772	SpendSquare
7837	Comforting Winds	Stormbringer	Wind	704209	SpendCircle
31163	Arm of Thorim	Stormbringer	Lightning	801847	SpendSquare
29586	Corrosive Bile	Venomancer	Stalking	630934	SpendCircle
5187	Magnitude 10	Pyromancer	Incineration	520485,520873	SpendCircle
5203	Tyrande's Guidance	Starcaller	Sentinel	706572	SpendCircle
33829	Nightborne Armaments	Starcaller	Class	680789	SpendCircle
5235	Viper Ward	WitchDoctor	Shadowhunting	707329	SpendCircle
29186	Glaring Rays	SunCleric	Blessings	804257	SpendCircle
29250	Souls for the Slaughter	Reaper	Harvest	705428	SpendCircle
34050	Scorch Marks	SunCleric	Piety	806021	SpendCircle
29378	Doomrend	Reaper	Harvest	800172	SpendSquare
34306	Breath of The North	Barbarian	Ancestry	800838	SpendSquare
34434	Fearless	Guardian	Inspiration	505199	SpendCircle
29570	Shimmering Shard	Chronomancer	Time	806302	SpendCircle
34690	Waterfall	Stormbringer	Class	806412	SpendCircle
7697	Aspect Mastery	Starcaller	Warden	704389,572416	SpendCircle
30804	Virulency	Necromancer	Death	801938	SpendSquare
7713	Cosmic Crown	Starcaller	Moon Guard	804385,807936	SpendCircle
11360	Lunar Combatant	Starcaller	Warden	805828	SpendCircle
7793	Headshots Only	Ranger	Archery	680931	SpendCircle
33766	Mindless Fury	Necromancer	Animation	805674	SpendCircle
5475	Titanstorm	Stormbringer	Lightning	801869	SpendCircle
5491	Haywired State!	Tinker	Mechanics	707395	SpendCircle
30210	An'she's Guidance	SunCleric	Blessings	681064,681470	SpendCircle
7150	Acidfang	Venomancer	Stalking	806603	SpendCircle
29493	Continual Starfall	Starcaller	Class	503584	SpendCircle
30402	Enraging Howls	SonOfArugal	Eternal	800766	SpendCircle
5571	Enduring Exoskeleton	Venomancer	Class	503960	SpendCircle
11172	Ancestral Wisdom	Barbarian	Ancestry	803511	SpendCircle
9347	Spirit Walker	WitchDoctor	Class	504459,504636	SpendCircle
11236	Druid Training	Primalist	Life	707560	SpendCircle
30722	Dominator	Reaper	Domination	301213	SpendCircle
29749	Will of the Serpent	WitchDoctor	Class	300663	SpendCircle
34982	Expunge	Necromancer	Death	705754	SpendCircle
33800	Healing Prayers	Starcaller	Moon Priest	680805	SpendCircle
34151	Devastating Shots	Ranger	Archery	705032,707849	SpendCircle
34343	Righteousness	Monk	Crusader	680891	SpendCircle
31106	Advanced Magi	Runemaster	Arcane	804557	SpendCircle
31170	Centurion Strike	Guardian	Gladiator	802286	SpendSquare
4235	Diabolical	Necromancer	Animation	704723	SpendCircle
31298	Black Magic	DemonHunter	Infernal	524950,525079	SpendCircle
31362	Dragonslayer	Guardian	Inspiration	706333	SpendCircle
34179	Phoenix Plumes	Ranger	Farstrider	705074	SpendCircle
34307	Rage of the North	Barbarian	Ancestry	705221	SpendCircle
34435	Warbringer's Manuscript	Guardian	Inspiration	705351	SpendCircle
29462	Blessed By The Stars	Starcaller	Moon Priest	704741	SpendCircle
34691	Titanic Thunderbolt	Stormbringer	Lightning	705653,707794	SpendCircle
29558	Expediting Power	Pyromancer	Draconic	704814	SpendCircle
5907	Easy Prey	SonOfArugal	Class	704621	SpendCircle
11235	Aerodynamics	Stormbringer	Wind	806124	SpendSquare
12317	Storm Channeling	Stormbringer	Class	804040	SpendCircle
6466	Mystic Thunder	Stormbringer	Maelstrom	504846	SpendSquare
11940	Clear Skies	Stormbringer	Wind	500069	SpendCircle
29831	Master Elementalist	Stormbringer	Wind	705662	SpendCircle
6425	Wrath of Al'Akir	Stormbringer	Wind	300834	SpendCircle
7345	Animate: Skeletal Archer	Necromancer	Animation	805040	SpendSquare
6035	Serpent Handler	WitchDoctor	Shadowhunting	705939	SpendCircle
6051	Swift Idol	WitchDoctor	Class	804226	SpendSquare
34930	Critical Circuit	Stormbringer	Lightning	807314	SpendCircle
6418	Gift of Air	Stormbringer	Wind	705715	SpendCircle
6099	Charmed Plating	Venomancer	Fortitude	300974	SpendCircle
6115	Venomics	Venomancer	Fortitude	705975	SpendCircle
6131	Venom Saturation	Venomancer	Venom	804984	SpendCircle
6147	Nature Against Nature	Venomancer	Stalking	680871	SpendCircle
4619	Flesh Symbiosis	Necromancer	Animation	301207	SpendCircle
4715	Loa's Blessing	WitchDoctor	Brewing	705848	SpendCircle
6195	Charm of Power	Chronomancer	Class	706100	SpendCircle
6211	Mineralization	Primalist	Class	520464	SpendCircle
8357	Crimson Etchings	SonOfArugal	Class	570735	SpendCircle
6243	Vitality Surge	Primalist	Life	504214	SpendCircle
33668	Felgorged	DemonHunter	Class	560573	SpendCircle
6275	Inner Darkness	Cultist	Dreadnought	706182	SpendCircle
30944	Static Electricity	Stormbringer	Maelstrom	524954	SpendCircle
34052	Burning Heat	SunCleric	Piety	704908	SpendCircle
34180	Thalassian Brand	Ranger	Farstrider	560805	SpendSquare
6339	Doomscarring	DemonHunter	Tyrant	685321	SpendCircle
6355	Sacred Candle	Monk	Class	300501	SpendCircle
29571	Time Skip	Chronomancer	Time	804451	SpendCircle
34692	Thorim's Gift	Stormbringer	Lightning	570173	SpendCircle
17414	Houndmaster's Whistle	WitchHunter	Houndmaster	801343	SpendSquare
34948	Flow	Stormbringer	Wind	570128	SpendCircle
6435	Flurry	Stormbringer	Wind	707543	SpendSquare
29891	Prayer of Elune	Starcaller	Moon Priest	801987	SpendSquare
6467	Voltaic Mastery	Stormbringer	Maelstrom	706661	SpendCircle
30019	Final Verdict	Guardian	Gladiator	500258	SpendSquare
6499	Wreath of Flames	Pyromancer	Incineration	802068	SpendCircle
30147	Alchemical Enhancement	WitchDoctor	Class	705921	SpendCircle
6531	Overload	Tinker	Mechanics	707403	SpendCircle
6547	Deadly Blow	Guardian	Gladiator	706807	SpendCircle
6563	Devotee	SunCleric	Class	707767	SpendCircle
30403	Legacy of Ragnaros	Pyromancer	Incineration	704824	SpendCircle
29752	Shazzrah's Boon	Pyromancer	Class	807126	SpendCircle
29836	Conduit	Stormbringer	Maelstrom	806374	SpendCircle
30595	Starfire Shot	Starcaller	Sentinel	801978	SpendSquare
30659	Night Hunter	Starcaller	Sentinel	801146	SpendCircle
6659	Bright Moon	Starcaller	Class	801226	SpendCircle
6675	'Tactical' Advantage	Ranger	Brigand	706748	SpendCircle
30851	Sermon of Flame	WitchHunter	Inquisition	503655,504890	SpendCircle
30915	Muck Summoner	Necromancer	Death	806086	SpendCircle
6723	Shattered Souls	Reaper	Soul	705441	SpendCircle
6739	Horde Breaker	Barbarian	Brutality	804745	SpendCircle
6755	Soulbender	Reaper	Soul	804004	SpendCircle
31171	Inspiring Leader	Guardian	Inspiration	505344	SpendSquare
33797	Stellar Amplification	Starcaller	Warden	801143	SpendCircle
6803	Entrails	Barbarian	Headhunting	705238	SpendCircle
34053	Solar Champion	SunCleric	Piety	504734	SpendCircle
34181	Falcon's Call	Ranger	Farstrider	804715	SpendSquare
34309	Ancestral Spirit	Barbarian	Ancestry	705153,705154	SpendCircle
29241	Crypt Explosion	Necromancer	Death	500572	SpendCircle
6883	Build: Oil-Spill Pylon	Tinker	Demolition	707257	SpendSquare
34693	Arcane Lightning	Stormbringer	Class	300618	SpendCircle
13828	Lunar Anomaly	Starcaller	Class	300989	SpendCircle
34949	Cyclone's Recharge	Stormbringer	Wind	300827	SpendCircle
6947	Forest Dweller	Ranger	Class	524864	SpendCircle
29561	Sulfuron Harbinger	Pyromancer	Incineration	807146	SpendCircle
9861	To The Bone	Barbarian	Ancestry	712673	SpendCircle
34911	Jolt	Stormbringer	Lightning	707054,707859	SpendCircle
9255	Fast as Lightning	Stormbringer	Lightning	570057	SpendCircle
7027	Will of Elune	Starcaller	Moon Guard	680788	SpendCircle
7043	Critical Pressure	Pyromancer	Draconic	704804,707789	SpendCircle
6843	Natural Weapons	Venomancer	Fortitude	504393	SpendCircle
7075	Strafing Shot	WitchHunter	Boltslinger	705515	SpendCircle
29467	Rapid Cycle	Starcaller	Moon Priest	300249	SpendCircle
7107	Earthmother's Binding	Primalist	Life	805107	SpendSquare
7123	Fungal Link	Venomancer	Venom	300959	SpendCircle
4132	Hastened	WitchDoctor	Class	705899	SpendCircle
11323	Blatant Curse	WitchDoctor	Class	301297	SpendCircle
7171	Fiery Passion	Pyromancer	Incineration	560525	SpendCircle
31263	Cloudburst	Stormbringer	Class	801838	SpendSquare
7203	Hasty Incantation	Pyromancer	Class	802169	SpendCircle
7219	Protraction	Venomancer	Venom	706942,707871	SpendCircle
7235	Tome of Ahn'kahet	Venomancer	Class	705993	SpendCircle
34917	Thunder Grip	Stormbringer	Class	301219	SpendCircle
7267	The Grim Reaper	Reaper	Harvest	504269	SpendCircle
7283	Vampiric Pools	SonOfArugal	Class	504088	SpendCircle
4236	Deadly Bond	Necromancer	Animation	704724	SpendCircle
29252	Boulder Dash	Primalist	Class	500692	SpendSquare
10728	Nozdormu's Gaze	Chronomancer	Time	807691	SpendCircle
34182	Coordination	Ranger	Farstrider	520621	SpendCircle
7363	Taskmaster	KnightOfXoroth	Class	500003	SpendCircle
7379	Shadows In The Night	SonOfArugal	Eternal	704662	SpendCircle
7395	Upgrade!	Tinker	Mechanics	800349	SpendSquare
7411	Endure the Curse	SonOfArugal	Accursed	681190	SpendSquare
7427	Feast of Talons	WitchHunter	Houndmaster	500056	SpendCircle
7443	Gift of Lana'thel	SonOfArugal	Fleshweaver	706598,707864	SpendCircle
7459	Bolt and Dash	WitchHunter	Boltslinger	520670	SpendSquare
29892	Teachings of Elune	Starcaller	Moon Priest	704759,707554	SpendCircle
12770	Rage Whirling	Barbarian	Class	561321	SpendCircle
30020	Eternally Chosen	Primalist	Life	802888	SpendCircle
30084	Reconstructive Carapace	Venomancer	Fortitude	705999	SpendCircle
30148	Sun Shield	SunCleric	Class	300348	SpendCircle
11013	Moon Gazing	Starcaller	Moon Priest	504786	SpendCircle
30276	Constant Recovery	Chronomancer	Class	555729	SpendCircle
7587	Clinch Fighting	WitchHunter	Black Knight	680492	SpendCircle
30404	Mannoroth's Rage	DemonHunter	Tyrant	805255	SpendCircle
7619	In And Out of Insanity	Cultist	Dreadnought	582308	SpendCircle
7635	Heat Death	SunCleric	Seraphim	704932	SpendCircle
30596	Puppeteer's Grasp	WitchDoctor	Voodoo	707209	SpendSquare
30660	Celestial Glaives	Starcaller	Warden	805524	SpendCircle
34926	Storm Sorcery	Stormbringer	Class	705689	SpendCircle
7699	Pierce The Night	Starcaller	Warden	680708	SpendCircle
7715	Lunar Knight	Starcaller	Moon Guard	680791	SpendCircle
7731	Suffocating Coils	Venomancer	Venom	707233	SpendCircle
7747	Starfire Barrage	Starcaller	Sentinel	704739	SpendCircle
7763	Sparks	Stormbringer	Lightning	301298	SpendCircle
7779	Loa's Strength	WitchDoctor	Shadowhunting	705936,705937	SpendCircle
31172	Vindication	Monk	Zealot	801446	SpendSquare
33799	Shrouded Stars	Starcaller	Moon Guard	704785	SpendCircle
31300	Fel Instincts	DemonHunter	Slayer	560645	SpendCircle
7843	Nature's Call	Primalist	Class	706150,707807	SpendCircle
9172	Frozen Blades	Barbarian	Ancestry	573256	SpendCircle
34311	The Spins	Barbarian	Ancestry	705208	SpendCircle
11685	Warping Reality	Chronomancer	Infinite	504602	SpendCircle
11251	Acquired Taste	SonOfArugal	Fleshweaver	807566	SpendCircle
34695	Lingering Storm	Stormbringer	Class	705652	SpendCircle
33906	Flamer	Pyromancer	Class	680836,520546	SpendCircle
34951	Raging Zephyr	Stormbringer	Wind	704222	SpendSquare
33847	Rally The Sentinels	Starcaller	Warden	704784	SpendCircle
29371	Neverending Pursuit	WitchHunter	Boltslinger	524970	SpendCircle
4002	Headhunter	Barbarian	Headhunting	92082	SpendCircle
4010	Boltslinger	WitchHunter	Boltslinger	92091	SpendCircle
4018	Brimstone Buckler	KnightOfXoroth	Defiance	92104	SpendCircle
4026	Unchained	SonOfArugal	Accursed	92113	SpendHex
4034	Crypt Plague	Necromancer	Death	92121	SpendCircle
4042	Herald of the Depths	Cultist	Heretic	92131	SpendCircle
4050	Build: ZIGGI-6K	Tinker	Invention	92140	SpendSquare
4058	Spirit Beast Master	Primalist	Primal	92148	SpendCircle
12165	Sepulchral Might	Necromancer	Animation	706472,572638	SpendCircle
34400	Untainted	Monk	Oathkeeper	705298	SpendCircle
30619	Deathly Chill	Necromancer	Rime	805424	SpendCircle
12261	Breaking Morale	Barbarian	Ancestry	681473	SpendCircle
12293	Graceful Fighter	Monk	Oathkeeper	705303	SpendCircle
12325	Carapace Regeneration	Venomancer	Fortitude	805931	SpendSquare
12357	Bloodbound Etchings	SonOfArugal	Class	570758	SpendCircle
11237	Invigorated Flesh	SonOfArugal	Fleshweaver	704632	SpendCircle
29708	Argent Blade	Monk	Crusader	804929	SpendSquare
8358	Falcon Charmer	Ranger	Farstrider	705076	SpendCircle
12485	Poison for Everyone!	Venomancer	Fortitude	504837	SpendCircle
9757	Norgannon's Wrath	Monk	Zealot	524739	SpendSquare
29189	Phoenix Egg	Pyromancer	Flameweaving	800796	SpendSquare
33928	Tales of Woe	Cultist	Heretic	520682	SpendCircle
29317	Soulfreeze	Necromancer	Rime	572023	SpendCircle
12645	Ingredient: Jungle Shrooms	WitchDoctor	Brewing	801660	SpendSquare
34312	Might of Utgarde	Barbarian	Ancestry	804768	SpendCircle
34440	Bring Down The Hammer!	Guardian	Vanguard	705379	SpendCircle
4324	Slinging Bolts	WitchHunter	Boltslinger	804404	SpendCircle
34696	Never Strikes Twice?	Stormbringer	Lightning	804828	SpendCircle
29701	Quills	Ranger	Brigand	560966	SpendSquare
29765	Arclight Adept	Tinker	Mechanics	705788	SpendCircle
12739	Power Swings	Barbarian	Brutality	707762	SpendCircle
29788	Death's Due	Necromancer	Class	807796	SpendSquare
12142	Astral Archer	Starcaller	Sentinel	681330	SpendCircle
4436	Ice Mastery	Necromancer	Rime	560045	SpendCircle
7571	Dark Riposte	WitchHunter	Black Knight	503659	SpendCircle
13029	Pulse Conversion	Stormbringer	Class	707619	SpendCircle
30213	Savior	SunCleric	Blessings	300343	SpendCircle
30277	Accelerated Recovery	Chronomancer	Class	800857	SpendSquare
30960	Chakra of Power	Monk	Zealot	803158	SpendCircle
4532	Overflowing Juju	WitchDoctor	Voodoo	705844	SpendCircle
30469	Deadly Neurotoxins	Venomancer	Stalking	504375	SpendCircle
30533	Eater of Souls	Reaper	Domination	805181	SpendCircle
7875	Expert Shot	WitchHunter	Houndmaster	705467,707889	SpendCircle
30661	Secret Society	WitchHunter	Black Knight	680611,680514	SpendCircle
34358	Deliverance	Monk	Zealot	704116	SpendCircle
9254	Moonflow	Starcaller	Moon Priest	575030	SpendSquare
30853	Guardbreaker	WitchHunter	Black Knight	681097,681493	SpendCircle
30917	Creeping Plagues	Necromancer	Death	572130	SpendCircle
29144	Crippling Shot	Ranger	Class	804725	SpendSquare
34352	Silverhand Incantation	Monk	Class	801465	SpendSquare
9414	Houndmaster's Call	WitchHunter	Houndmaster	802273	SpendSquare
31173	Sacred Swing	Monk	Oathkeeper	705293	SpendSquare
31237	I Need More Explosions!	Tinker	Demolition	503550	SpendCircle
31301	Spite	DemonHunter	Slayer	800188,803840	SpendCircle
29608	Face Smasher	Barbarian	Class	706354	SpendCircle
34185	Forest Herald	Ranger	Farstrider	800150	SpendCircle
34313	Reckful	Barbarian	Brutality	681063,681466	SpendCircle
34441	Vanguard's Might	Guardian	Vanguard	705345	SpendCircle
4836	Strength In Unison	Guardian	Inspiration	300860	SpendCircle
11431	Guidance	Ranger	Farstrider	532261	SpendCircle
4868	Corrupt Fate	Cultist	Heretic	520810	SpendCircle
7293	Lifedrinker	SonOfArugal	Sanguine	802576	SpendCircle
6853	The True Spirit	WitchDoctor	Shadowhunting	802268	SpendCircle
4916	Red Thirst	SonOfArugal	Fleshweaver	520493	SpendSquare
13957	Dark Channeler	Cultist	Corruption	301008	SpendCircle
12551	One Shot, One Kill	Ranger	Archery	525048	SpendCircle
4325	Tormenting the Tormented	WitchHunter	Boltslinger	805758	SpendCircle
7389	Emberheart	Pyromancer	Flameweaving	680378	SpendSquare
7437	Sovereignty	SonOfArugal	Fleshweaver	806049	SpendCircle
33823	Universal Power	Starcaller	Class	300262	SpendCircle
10054	Frenzy	Ranger	Farstrider	520492	SpendSquare
34396	Uther's Legacy	Monk	Oathkeeper	706385	SpendCircle
31273	Roaring Pyre	Pyromancer	Flameweaving	704278	SpendSquare
5076	Mechanized Crossbows	WitchHunter	Boltslinger	705514	SpendCircle
14277	One With The Ancestors	Barbarian	Class	560452,560889	SpendCircle
11295	Lorescribe	Monk	Oathkeeper	804927	SpendCircle
5124	Furious Berserker	Barbarian	Headhunting	707389	SpendCircle
4525	Vampiric Fang	SonOfArugal	Sanguine	804726	SpendSquare
5156	Determined	Monk	Class	705256	SpendCircle
5172	Entropic Singularity	Cultist	Class	800430	SpendSquare
6700	Endless Sands	Chronomancer	Time	806338	SpendCircle
5253	Godslayer	WitchDoctor	Shadowhunting	802714	SpendCircle
6670	Elusive Character	Ranger	Class	560340	SpendCircle
33674	Elemental Bane	DemonHunter	Class	704607	SpendCircle
33802	Shattered Stars	Starcaller	Sentinel	704771	SpendCircle
33930	Prophetic Compulsion	Cultist	Heretic	300264	SpendCircle
34058	Pestilence Unbound	KnightOfXoroth	War	560633	SpendCircle
29382	Totemic Smash	Primalist	Primal	800178	SpendSquare
34314	Steel Fury	Barbarian	Brutality	704240	SpendCircle
5332	Dark Loa's Blessing	WitchDoctor	Voodoo	560545	SpendCircle
34570	My Trusty Arbalest	WitchHunter	Boltslinger	503682,504892	SpendCircle
5908	Bloody Focus	Ranger	Class	520804	SpendCircle
33744	Killer Instinct	SonOfArugal	Accursed	704690	SpendCircle
6884	Tamed Incantations	Chronomancer	Artificer	706077	SpendCircle
29830	Invigorating Winds	Stormbringer	Class	705661	SpendSquare
29894	Exemplary Draw	Starcaller	Sentinel	504004	SpendCircle
5444	Sanguine Scion	SonOfArugal	Fleshweaver	807292	SpendCircle
30022	Graverobber	Necromancer	Animation	503757	SpendCircle
31276	Burn Impurities	Pyromancer	Flameweaving	520149	SpendSquare
34326	Manhunter	Barbarian	Headhunting	300879	SpendCircle
30214	Blessing of Absolution	SunCleric	Blessings	804249	SpendSquare
33872	Breath of Neltharion	Pyromancer	Draconic	511109	SpendSquare
30342	Darkcasting	SonOfArugal	Accursed	706247	SpendCircle
30406	Power Surge	Stormbringer	Class	800699	SpendCircle
9192	Savage	Barbarian	Headhunting	705242	SpendCircle
30534	Painbringer	Reaper	Class	680995	SpendCircle
11206	Fleshbending	SonOfArugal	Fleshweaver	680684	SpendCircle
5333	Voodoo Spirits	WitchDoctor	Voodoo	704511	SpendCircle
7388	Rekindle	Pyromancer	Flameweaving	805448	SpendCircle
11302	Bloody Onslaught	Barbarian	Class	707583	SpendCircle
11334	Tears of the Earthmother	Primalist	Life	574326	SpendCircle
7436	Aortic Aegis	SonOfArugal	Fleshweaver	806274	SpendCircle
7444	Crimson Scion	SonOfArugal	Fleshweaver	806424	SpendCircle
10918	Death Commander	Necromancer	Death	300235	SpendCircle
7604	Purity & Wickedness	WitchHunter	Inquisition	680544	SpendCircle
33675	Blood Plague	SonOfArugal	Eternal	575335	SpendCircle
33803	Enduring Hunt	Starcaller	Sentinel	680223,572221	SpendCircle
33931	Saronite Mind	Cultist	Heretic	806266,807879	SpendCircle
31366	The End Is Near	Reaper	Soul	680996	SpendCircle
7676	Torture	SonOfArugal	Sanguine	504071	SpendCircle
30976	Dragon's Bane	Pyromancer	Class	706877	SpendCircle
34443	Plate Buster	Guardian	Vanguard	705333	SpendCircle
9277	Dastardly	Ranger	Brigand	706483	SpendCircle
33790	Lunar Phasing	Starcaller	Moon Priest	680812	SpendCircle
5892	Army of the North	Necromancer	Rime	561138	SpendSquare
34955	Master Airbender	Stormbringer	Wind	705719	SpendCircle
29473	Holy Warstaff	Monk	Oathkeeper	705307	SpendCircle
31220	Ancestral Fury	Barbarian	Ancestry	804731	SpendCircle
11910	Zealous 	SunCleric	Class	560113	SpendCircle
5972	Inventor's Tool Belt	Tinker	Invention	560742	SpendCircle
4003	Fill Level	Barbarian	Ancestry	92083	SpendCircle
11619	Animate: Bone Construct	Necromancer	Animation	531130	SpendSquare
6020	Jungle Booms	WitchDoctor	Brewing	705859	SpendCircle
6325	Tonic Supply	WitchHunter	Class	705497	SpendCircle
6052	Loa Communion	WitchDoctor	Class	705907	SpendCircle
34277	Savage Strength	Barbarian	Class	560886,561323	SpendCircle
12166	Warbringer	KnightOfXoroth	War	570727	SpendSquare
6525	Gonk's Blessing	WitchDoctor	Class	806469	SpendCircle
6116	Weakening Venom	Venomancer	Class	805778	SpendSquare
6132	Spirit of the Jungle	Venomancer	Vizier	681048	SpendCircle
6148	Rotting Sores	Venomancer	Stalking	807601	SpendCircle
6164	Distorted Time	Chronomancer	Infinite	707553	SpendCircle
31202	Expulsion	Venomancer	Fortitude	805094	SpendSquare
6196	Timeless	Chronomancer	Time	706131	SpendCircle
30352	Survival Potion	Ranger	Class	802839	SpendSquare
6228	Fortify Timeline	Chronomancer	Class	804491	SpendSquare
31178	Precision Shot	Ranger	Archery	500075	SpendSquare
6260	Fury of the Elements	Primalist	Class	706165	SpendCircle
33804	Drawstring of Elune	Starcaller	Sentinel	801975	SpendSquare
29255	Righteous Upheaval	Monk	Zealot	501562	SpendSquare
34060	Demonskin	KnightOfXoroth	Class	302581	SpendCircle
12646	Potion Toss	WitchDoctor	Brewing	801661	SpendSquare
29447	Deadeye	Ranger	Archery	300700	SpendCircle
6356	Deep Meditation	Monk	Class	300522	SpendCircle
34572	Witching Bolt	WitchHunter	Boltslinger	680322	SpendCircle
6388	Fool's Play	WitchDoctor	Shadowhunting	681007	SpendSquare
34564	Crossbow Expert	WitchHunter	Boltslinger	680384,681490	SpendCircle
34956	Spellstorm Mastery	Stormbringer	Class	705659,705660	SpendCircle
6436	War Falconer	Ranger	Farstrider	705067	SpendCircle
29895	Enduring Moon	Starcaller	Moon Guard	560440	SpendCircle
6468	Bursting	Stormbringer	Maelstrom	806397	SpendCircle
34188	Snatch	Ranger	Class	803115	SpendSquare
6500	Roasted Alive	Pyromancer	Incineration	707482	SpendCircle
11112	Unrelenting	Necromancer	Animation	704718	SpendCircle
7677	Dark Liturgy	SonOfArugal	Fleshweaver	800781	SpendSquare
30279	Erode Armaments	Chronomancer	Artificer	520386	SpendCircle
6564	Twilight	SunCleric	Class	704579	SpendCircle
9241	Celestial Mind	Starcaller	Moon Priest	707638	SpendCircle
30471	Vile Fangs	Venomancer	Stalking	706036	SpendCircle
30535	Masochistic Rage	Reaper	Class	803030	SpendSquare
30599	Dominion of Frost	Necromancer	Rime	537208	SpendCircle
30663	Moonmancer	Starcaller	Sentinel	680810	SpendCircle
9223	Rotting Flesh	Necromancer	Death	574138	SpendCircle
6676	Focused Fighter	Ranger	Brigand	807206	SpendCircle
30855	Waves of Time	Chronomancer	Class	801277	SpendSquare
30919	Apothecary's Cauldron	Necromancer	Death	560537	SpendCircle
6724	Spectre's Call	Reaper	Soul	705386,707802	SpendCircle
6740	Utter Devastation	Barbarian	Brutality	560910	SpendCircle
9415	Resilient to Darkness	WitchHunter	Class	681092	SpendCircle
31175	Transgression	SonOfArugal	Sanguine	504728	SpendSquare
6788	Eruption	Primalist	Geomancy	802335	SpendSquare
6671	Highwayman	Ranger	Brigand	707744	SpendCircle
34061	Blood Frenzy	KnightOfXoroth	War	520008	SpendCircle
9575	Rotting Away	Venomancer	Venom	706370	SpendCircle
30292	Corrupted Blood	SonOfArugal	Accursed	704692	SpendCircle
6868	Whispers of the Pit	DemonHunter	Class	805235	SpendSquare
34573	Relentless	WitchHunter	Boltslinger	520593	SpendCircle
6900	Grave Mages	Necromancer	Rime	807937	SpendCircle
31174	Aggramar's Rage	Monk	Crusader	560650,561346	SpendCircle
34957	Hurricanes	Stormbringer	Wind	300839	SpendCircle
6948	Yogg-Saron's Embrace	Cultist	Heretic	301984	SpendCircle
9831	Dirge	Reaper	Soul	801328	SpendSquare
13958	Crusher	Barbarian	Brutality	803817,807875	SpendCircle
6996	Hasty Tech	Tinker	Class	705805	SpendCircle
9927	Pyromancy	Pyromancer	Class	704831	SpendCircle
7758	Fortified Body	Monk	Oathkeeper	300515	SpendCircle
19978	Fabric of Time	Chronomancer	Time	806299	SpendSquare
29449	Excessive But Necessary	Ranger	Brigand	804939	SpendCircle
5605	Frigid Death	Necromancer	Rime	560851	SpendCircle
7092	Seeker	WitchDoctor	Class	705880	SpendCircle
7108	Grove Guardian	Primalist	Class	503721	SpendSquare
7124	Mycelial Synchronization	Venomancer	Vizier	504356	SpendCircle
29163	Expulsion of Evil	WitchHunter	Houndmaster	139778	SpendCircle
29196	Tears of Lordaeron	Necromancer	Class	705752	SpendCircle
12086	Malefic Arrow	WitchDoctor	Shadowhunting	707854	SpendSquare
4505	Reclamation	WitchDoctor	Shadowhunting	806288	SpendSquare
4006	Shadowhunter	WitchDoctor	Shadowhunting	92086	SpendCircle
1969	Improved Malefic Arrow	WitchDoctor	Shadowhunting	707855,712478	SpendCircle
7779	Loa's Strength	WitchDoctor	Shadowhunting	705936,705937	SpendCircle
8574	Spirit Glaive	WitchDoctor	Shadowhunting	806289	SpendSquare
7086	Spirit Eclipse	WitchDoctor	Shadowhunting	801607	SpendSquare
4506	Loa Spirits	WitchDoctor	Shadowhunting	705843	SpendCircle
30895	Soul Feeder	WitchDoctor	Shadowhunting	705894	SpendCircle
6010	Mojo High	WitchDoctor	Shadowhunting	706488	SpendCircle
6072	Spiritual Devotee	WitchDoctor	Shadowhunting	503727	SpendCircle
6074	Village Wisdom	WitchDoctor	Shadowhunting	680882	SpendCircle
6063	Vol'jin's Blessing	WitchDoctor	Shadowhunting	706577	SpendCircle
30892	Call of Sseratus	WitchDoctor	Shadowhunting	681222	SpendSquare
7102	Shadowstalker	WitchDoctor	Shadowhunting	807040	SpendSquare
7103	Umbral Glaive	WitchDoctor	Shadowhunting	681242	SpendCircle
5253	Godslayer	WitchDoctor	Shadowhunting	802714	SpendCircle
6853	The True Spirit	WitchDoctor	Shadowhunting	802268	SpendCircle
6069	Residual Energy	WitchDoctor	Shadowhunting	706543	SpendCircle
6983	Voodoo Fire	WitchDoctor	Shadowhunting	802262,803846	SpendCircle
5303	Voodoo Hunger	WitchDoctor	Shadowhunting	705942	SpendCircle
4177	Hex of Death	WitchDoctor	Shadowhunting	706557	SpendCircle
11177	Spirit Hunting	WitchDoctor	Shadowhunting	707504	SpendCircle
6073	Dark Loa's Incantation	WitchDoctor	Shadowhunting	525377	SpendCircle
7031	Darkspear Traditionalist	WitchDoctor	Shadowhunting	503707	SpendCircle
5164	Spirit Striker	WitchDoctor	Shadowhunting	806286	SpendCircle
11164	Hexfire Mass	WitchDoctor	Shadowhunting	807450	SpendCircle
29729	Strength of Da Loa	WitchDoctor	Shadowhunting	300871	SpendCircle
29977	Spirit Shock	WitchDoctor	Shadowhunting	807743	SpendSquare
4423	Sen'jin's Apprentice	WitchDoctor	Shadowhunting	681199	SpendCircle
11330	Bwonsamdi's Edge	WitchDoctor	Shadowhunting	712435	SpendCircle
29930	Dambala's Lethality	WitchDoctor	Shadowhunting	712312	SpendCircle
4572	Eye of Kimbul	WitchDoctor	Shadowhunting	503714	SpendCircle
29978	Berserking	WitchDoctor	Shadowhunting	705925	SpendCircle
6011	Shadow Enchantments	WitchDoctor	Shadowhunting	300662,301361	SpendCircle
6388	Fool's Play	WitchDoctor	Shadowhunting	681007	SpendSquare
5235	Viper Ward	WitchDoctor	Shadowhunting	707329	SpendCircle
6035	Serpent Handler	WitchDoctor	Shadowhunting	705939	SpendCircle
29981	Serpent's Guile	WitchDoctor	Shadowhunting	705928	SpendCircle
12145	Spirit Volley	WitchDoctor	Shadowhunting	503712	SpendCircle
6076	A Price To Pay	WitchDoctor	Shadowhunting	705948	SpendCircle
7355	Frenzied Spirits	WitchDoctor	Shadowhunting	560748	SpendSquare
7781	Bwonsamdi's Gift	WitchDoctor	Shadowhunting	707650	SpendCircle
31154	Shadow Puppets	WitchDoctor	Voodoo	500015	SpendSquare
4004	Puppeteer's Threads	WitchDoctor	Voodoo	92084	SpendCircle
31345	Loa Spirits	WitchDoctor	Voodoo	804620,807904	SpendCircle
31344	Stranglethorn Style	WitchDoctor	Voodoo	705877	SpendCircle
29928	Bad Juju	WitchDoctor	Voodoo	802087	SpendSquare
31340	Zalazane's Malice	WitchDoctor	Voodoo	705902	SpendCircle
7157	Hexfire	WitchDoctor	Voodoo	807042	SpendSquare
4533	Voodoo Power	WitchDoctor	Voodoo	706482	SpendCircle
6058	Dark Magic	WitchDoctor	Voodoo	705922	SpendCircle
30973	Staff of the Coven	WitchDoctor	Voodoo	806563,807905,807915	SpendCircle
6062	Ritual Hexing	WitchDoctor	Voodoo	705840,705841	SpendCircle
30596	Puppeteer's Grasp	WitchDoctor	Voodoo	707209	SpendSquare
6046	Jin'do's Wrath	WitchDoctor	Voodoo	707505	SpendCircle
4532	Overflowing Juju	WitchDoctor	Voodoo	705844	SpendCircle
31343	Overflowing Juju	WitchDoctor	Voodoo	707405	SpendCircle
31348	Growing Malice	WitchDoctor	Voodoo	706551	SpendCircle
6007	Beware Da Voodoo	WitchDoctor	Voodoo	707168,707857	SpendCircle
31347	Hexplosion	WitchDoctor	Voodoo	704495	SpendCircle
31350	Voodoo Strings	WitchDoctor	Voodoo	705910	SpendCircle
6644	Malignant	WitchDoctor	Voodoo	704503	SpendCircle
6059	Voodoo Mind	WitchDoctor	Voodoo	504462	SpendCircle
6045	Hollow Spirit	WitchDoctor	Voodoo	705917	SpendCircle
31341	It's Da Voodoo	WitchDoctor	Voodoo	560278	SpendCircle
5333	Voodoo Spirits	WitchDoctor	Voodoo	704511	SpendCircle
11532	Juju Spirits	WitchDoctor	Voodoo	807296	SpendCircle
6053	Voodoo Unleashed	WitchDoctor	Voodoo	705901	SpendCircle
30889	Prolonged Malice	WitchDoctor	Voodoo	704505	SpendCircle
29121	Malignant Jinx	WitchDoctor	Voodoo	803678	SpendSquare
31349	War Golem	WitchDoctor	Voodoo	800330	SpendSquare
5332	Dark Loa's Blessing	WitchDoctor	Voodoo	560545	SpendCircle
29768	Voice of Bwonsamdi	WitchDoctor	Voodoo	801716	SpendSquare
7100	Dark Effigy	WitchDoctor	Voodoo	707331	SpendCircle
6055	Soul Marionette	WitchDoctor	Voodoo	704497	SpendSquare
11133	Hexfire Adept	WitchDoctor	Voodoo	704500	SpendCircle
6057	The Price of Power	WitchDoctor	Voodoo	705916	SpendCircle
31346	De Other Side	WitchDoctor	Voodoo	802092	SpendCircle
29929	Malicious Golems	WitchDoctor	Voodoo	705912	SpendCircle
29747	Mirage	WitchDoctor	Class	501136	SpendSquare
29301	Mimic Ward	WitchDoctor	Class	707162	SpendSquare
29744	Healing Ward	WitchDoctor	Class	500957	SpendSquare
7088	Juju Injection	WitchDoctor	Class	503608,503609	SpendCircle
6030	Chosen One	WitchDoctor	Class	503742	SpendCircle
6054	Spiritual Traditions	WitchDoctor	Class	705911	SpendCircle
7154	Sen'jin's Swiftness	WitchDoctor	Class	504426	SpendCircle
11154	Sen'jin's Wisdom	WitchDoctor	Class	504774	SpendCircle
6044	Mojo Madness	WitchDoctor	Class	705871	SpendCircle
6047	Wizened	WitchDoctor	Class	705903,705904	SpendCircle
7092	Seeker	WitchDoctor	Class	705880	SpendCircle
31118	Death Draught	WitchDoctor	Class	602220	SpendSquare
29309	Cleansing Idol	WitchDoctor	Class	504840	SpendSquare
12749	Jinx of Decay	WitchDoctor	Class	681465	SpendCircle
29749	Will of the Serpent	WitchDoctor	Class	300663	SpendCircle
6031	Amphibimorph	WitchDoctor	Class	500952	SpendSquare
7033	Spirit Warden	WitchDoctor	Class	503774	SpendCircle
6381	Loa Empowerment	WitchDoctor	Class	706368	SpendCircle
30147	Alchemical Enhancement	WitchDoctor	Class	705921	SpendCircle
6525	Gonk's Blessing	WitchDoctor	Class	806469	SpendCircle
12525	Krag'wa's Blessing	WitchDoctor	Class	807855	SpendCircle
6042	Vol'jin's Vigil	WitchDoctor	Class	504465	SpendSquare
6051	Swift Idol	WitchDoctor	Class	804226	SpendSquare
29306	Slither	WitchDoctor	Class	500947	SpendSquare
30891	Touch of Mueh'zala	WitchDoctor	Class	706538	SpendCircle
12264	Potent Mixes	WitchDoctor	Class	503748	SpendCircle
9347	Spirit Walker	WitchDoctor	Class	504459,504636	SpendCircle
6048	Dark Mojo	WitchDoctor	Class	712396	SpendCircle
12048	Blessing of Hir'eek	WitchDoctor	Class	572870	SpendCircle
11323	Blatant Curse	WitchDoctor	Class	301297	SpendCircle
29743	Latent Curse	WitchDoctor	Class	806283	SpendCircle
4132	Hastened	WitchDoctor	Class	705899	SpendCircle
30203	Veil of Darkness	WitchDoctor	Class	802100	SpendSquare
29757	Devotion to Bwonsamdi	WitchDoctor	Class	802756	SpendCircle
6050	One Armed Waltz	WitchDoctor	Class	705909	SpendCircle
6052	Loa Communion	WitchDoctor	Class	705907	SpendCircle
5113	Cursed Effigy	WitchDoctor	Class	706542	SpendSquare
6049	For Da Loa!	WitchDoctor	Class	705906	SpendCircle
12645	Ingredient: Jungle Shrooms	WitchDoctor	Brewing	801660	SpendSquare
12646	Potion Toss	WitchDoctor	Brewing	801661	SpendSquare
4005	Cauldron Brewer	WitchDoctor	Brewing	92085	SpendCircle
6645	Mixologist	WitchDoctor	Brewing	561069	SpendCircle
7131	Potent Mixes	WitchDoctor	Brewing	503748,504888	SpendCircle
30884	Mojo Addiction	WitchDoctor	Brewing	503696,504889	SpendCircle
29736	Brewmaster	WitchDoctor	Brewing	704512,707856	SpendCircle
9311	Spirit Healer	WitchDoctor	Brewing	560280	SpendCircle
5055	Presence of the Loa	WitchDoctor	Brewing	572871	SpendCircle
7128	Splash Potion	WitchDoctor	Brewing	802710	SpendSquare
7129	Plentiful Potions	WitchDoctor	Brewing	803463	SpendCircle
29741	Ingredient: Frog Bones	WitchDoctor	Brewing	801663	SpendSquare
29303	Potion Boss	WitchDoctor	Brewing	561072	SpendCircle
6022	Splash On 'Em	WitchDoctor	Brewing	802219	SpendCircle
6021	Ingredient: Bloodthistle	WitchDoctor	Brewing	801664	SpendSquare
4715	Loa's Blessing	WitchDoctor	Brewing	705848	SpendCircle
6498	Fresh Ingredients	WitchDoctor	Brewing	705856,707858	SpendCircle
6013	Spirit Out Of The Bottle	WitchDoctor	Brewing	301175	SpendCircle
7948	Touch of the Spirits	WitchDoctor	Brewing	578295	SpendCircle
30823	Mojo Beam	WitchDoctor	Brewing	500950	SpendSquare
6015	Mojo: Fish Bones	WitchDoctor	Brewing	705850	SpendSquare
4112	Spice: Peacebloom	WitchDoctor	Brewing	803700	SpendSquare
7130	Spice: Earthroot	WitchDoctor	Brewing	504424	SpendSquare
6016	Mojo: Frog Shrooms	WitchDoctor	Brewing	705851	SpendSquare
31137	Jungle Secrets	WitchDoctor	Brewing	707212	SpendCircle
7132	Rage Brew	WitchDoctor	Brewing	503750	SpendSquare
29753	Arcane Brew	WitchDoctor	Brewing	801689	SpendSquare
6009	Mojo: Jungle Thistle	WitchDoctor	Brewing	500472	SpendSquare
4733	Mojo Wave	WitchDoctor	Brewing	707617	SpendCircle
6020	Jungle Booms	WitchDoctor	Brewing	705859	SpendCircle
29737	Doctor of the Jungle	WitchDoctor	Brewing	706545	SpendCircle
6014	Sen'jin's Presence	WitchDoctor	Brewing	560544	SpendCircle
6023	Disciple of Sseratus	WitchDoctor	Brewing	300660	SpendCircle
29310	Base: Beast Blood	WitchDoctor	Brewing	705870	SpendSquare
30333	Voodoo Cauldron	WitchDoctor	Brewing	804684	SpendSquare
6026	Master of Concoctions	WitchDoctor	Brewing	801690	SpendCircle
29754	Base: Crystal Water	WitchDoctor	Brewing	500962	SpendSquare
13133	Spirit Link Idol	WitchDoctor	Brewing	706369	SpendSquare
6027	Unstable Concoction	WitchDoctor	Brewing	802487	SpendCircle
29740	Master Mixologist	WitchDoctor	Brewing	705864	SpendSquare
7133	Tiki Splash	WitchDoctor	Brewing	500053	SpendCircle
29896	Starburst	Starcaller	Moon Guard	801996	SpendSquare
4043	Moon Guard	Starcaller	Moon Guard	92132	SpendCircle
29656	Blanket of Stars	Starcaller	Moon Guard	804381	SpendSquare
30665	Starsweep	Starcaller	Moon Guard	805550	SpendSquare
29651	Improved Eclipse of Fury	Starcaller	Moon Guard	704793	SpendCircle
6770	Moonstone Hilt	Starcaller	Moon Guard	300250,680757	SpendCircle
33858	Nebula	Starcaller	Moon Guard	300992	SpendCircle
9245	Asteroid Belt	Starcaller	Moon Guard	574349	SpendCircle
7701	Dance In The Starlight	Starcaller	Moon Guard	503637	SpendCircle
29641	Starlit Finesse	Starcaller	Moon Guard	574350	SpendCircle
7703	Celestial Divination	Starcaller	Moon Guard	560319	SpendCircle
33856	Tyrande's Guidance	Starcaller	Moon Guard	704788	SpendCircle
30239	Astral Reconstitution	Starcaller	Moon Guard	801155	SpendSquare
7704	Moonflares	Starcaller	Moon Guard	560501	SpendCircle
9247	Crystal Shield	Starcaller	Moon Guard	680748	SpendCircle
33851	Starcovered Night	Starcaller	Moon Guard	503639	SpendCircle
33855	Pulsar Explosion	Starcaller	Moon Guard	704794,707894	SpendCircle
33799	Shrouded Stars	Starcaller	Moon Guard	704785	SpendCircle
33848	Moonveil Screen	Starcaller	Moon Guard	680779	SpendCircle
7702	Blade of the Moon	Starcaller	Moon Guard	802680	SpendCircle
33857	Starburst Invigoration	Starcaller	Moon Guard	704792	SpendCircle
7713	Cosmic Crown	Starcaller	Moon Guard	804385,807936	SpendCircle
29895	Enduring Moon	Starcaller	Moon Guard	560440	SpendCircle
30241	Vengeful Inspiration	Starcaller	Moon Guard	680784	SpendCircle
9248	Dancing in the Moonlight	Starcaller	Moon Guard	807659	SpendCircle
7027	Will of Elune	Starcaller	Moon Guard	680788	SpendCircle
7706	Starbound	Starcaller	Moon Guard	704787	SpendCircle
30654	Enchanted Aegis	Starcaller	Moon Guard	704795	SpendCircle
7707	Starlight Duelist	Starcaller	Moon Guard	805505	SpendCircle
7705	Coalesced Resilience	Starcaller	Moon Guard	680786	SpendCircle
7712	Font of Magic	Starcaller	Moon Guard	680742	SpendCircle
7715	Lunar Knight	Starcaller	Moon Guard	680791	SpendCircle
13248	Celestial Guard	Starcaller	Moon Guard	574351	SpendCircle
7717	Chosen of the Moon	Starcaller	Moon Guard	680755	SpendSquare
19699	Moonlit Bulwark	Starcaller	Moon Guard	805433	SpendSquare
30240	Mooncharged Blades	Starcaller	Moon Guard	536216	SpendCircle
6641	Aspect of the Goddess	Starcaller	Moon Priest	802203	SpendSquare
4045	Moon Priest	Starcaller	Moon Priest	92134	SpendCircle
9254	Moonflow	Starcaller	Moon Priest	575030	SpendSquare
12126	Lunar Blessing	Starcaller	Moon Priest	704756,704757	SpendCircle
29891	Prayer of Elune	Starcaller	Moon Priest	801987	SpendSquare
29490	Lunar Resplendence	Starcaller	Moon Priest	801989	SpendCircle
9241	Celestial Mind	Starcaller	Moon Priest	707638	SpendCircle
33814	Lunar Swiftness	Starcaller	Moon Priest	503779	SpendCircle
7742	Eclipsing Arrows	Starcaller	Moon Priest	800504	SpendCircle
29645	Enchanted Water	Starcaller	Moon Priest	704755,707893	SpendCircle
5112	Moonlit Slumber	Starcaller	Moon Priest	805546	SpendSquare
33807	Lunar Revelation	Starcaller	Moon Priest	681521	SpendCircle
31287	Stellar Convergence	Starcaller	Moon Priest	572784	SpendSquare
6758	Goddess Watch Over	Starcaller	Moon Priest	500582	SpendCircle
7743	Cycle of the Moon	Starcaller	Moon Priest	500206	SpendCircle
33816	Moonwell Acuity	Starcaller	Moon Priest	680809	SpendCircle
33787	Tear Drops	Starcaller	Moon Priest	560896	SpendCircle
29467	Rapid Cycle	Starcaller	Moon Priest	300249	SpendCircle
19886	Last Prayer	Starcaller	Moon Priest	707637	SpendCircle
29886	Mending Surge	Starcaller	Moon Priest	704732	SpendCircle
33822	Lunar Prophecy	Starcaller	Moon Priest	704764	SpendCircle
29892	Teachings of Elune	Starcaller	Moon Priest	704759,707554	SpendCircle
29462	Blessed By The Stars	Starcaller	Moon Priest	704741	SpendCircle
33815	Elune's Grace	Starcaller	Moon Priest	504001	SpendCircle
33800	Healing Prayers	Starcaller	Moon Priest	680805	SpendCircle
7744	Phase Guider	Starcaller	Moon Priest	300995	SpendCircle
32655	Full Cycle	Starcaller	Moon Priest	704343	SpendCircle
11013	Moon Gazing	Starcaller	Moon Priest	504786	SpendCircle
5753	Elune's Favor	Starcaller	Moon Priest	300237	SpendCircle
29452	Enchanted Stream	Starcaller	Moon Priest	504003	SpendCircle
33817	Flow of Waters	Starcaller	Moon Priest	560539	SpendCircle
6812	Final Prayer	Starcaller	Moon Priest	704745	SpendCircle
6689	Cosmic Shift	Starcaller	Moon Priest	801134	SpendSquare
33808	Rampaging Waters	Starcaller	Moon Priest	560956	SpendCircle
29663	Lunar Cascade	Starcaller	Moon Priest	704725	SpendCircle
12253	Elune's Blessing	Starcaller	Moon Priest	681407	SpendCircle
33790	Lunar Phasing	Starcaller	Moon Priest	680812	SpendCircle
6270	Celestial Form	Starcaller	Moon Priest	801231	SpendSquare
6693	Rippling Moonwater	Starcaller	Moon Priest	804733	SpendCircle
30595	Starfire Shot	Starcaller	Sentinel	801978	SpendSquare
4044	Huntress Training	Starcaller	Sentinel	92133	SpendCircle
33788	Huntress of Elune	Starcaller	Sentinel	704769,704770	SpendCircle
33839	Starcrash	Starcaller	Sentinel	560721,704766	SpendCircle
33804	Drawstring of Elune	Starcaller	Sentinel	801975	SpendSquare
29488	Starcall	Starcaller	Sentinel	800497	SpendSquare
12142	Astral Archer	Starcaller	Sentinel	681330	SpendCircle
13801	Lo'sho Amplification	Starcaller	Sentinel	500205	SpendCircle
29894	Exemplary Draw	Starcaller	Sentinel	504004	SpendCircle
33827	Cascade	Starcaller	Sentinel	704765	SpendCircle
30624	Sentinel's Focus	Starcaller	Sentinel	704740	SpendCircle
7739	Tyrande's Vigilance	Starcaller	Sentinel	680801	SpendCircle
6690	Elune's Blessing	Starcaller	Sentinel	300876	SpendCircle
8004	Eye of Elune	Starcaller	Sentinel	704783	SpendCircle
7740	Ishnu-alah	Starcaller	Sentinel	524638	SpendCircle
4243	Explosive Moonlight	Starcaller	Sentinel	800474	SpendCircle
9236	Hunter's Sight	Starcaller	Sentinel	561022	SpendCircle
5203	Tyrande's Guidance	Starcaller	Sentinel	706572	SpendCircle
29887	Trueshot	Starcaller	Sentinel	520590	SpendSquare
7256	Omnipresent Moon	Starcaller	Sentinel	520482	SpendCircle
8003	Cosmic Strides	Starcaller	Sentinel	300772	SpendCircle
33838	Moon Runner	Starcaller	Sentinel	301236	SpendCircle
33803	Enduring Hunt	Starcaller	Sentinel	680223,572221	SpendCircle
6962	Star-Guided Arrows	Starcaller	Sentinel	524642	SpendCircle
33837	Celestial Prowess	Starcaller	Sentinel	561206,561344	SpendCircle
9243	Celestial Shot	Starcaller	Sentinel	574348	SpendCircle
33802	Shattered Stars	Starcaller	Sentinel	704771	SpendCircle
9889	On The Hunt	Starcaller	Sentinel	504006	SpendCircle
29646	Arrows In The Night	Starcaller	Sentinel	520481	SpendSquare
7746	Lunar Splinters	Starcaller	Sentinel	561062	SpendCircle
30663	Moonmancer	Starcaller	Sentinel	680810	SpendCircle
7410	Starfire Power	Starcaller	Sentinel	707639	SpendCircle
30659	Night Hunter	Starcaller	Sentinel	801146	SpendCircle
31193	Lunar Amplification	Starcaller	Sentinel	680813	SpendCircle
13243	Tyrande's Training	Starcaller	Sentinel	707751	SpendCircle
7747	Starfire Barrage	Starcaller	Sentinel	704739	SpendCircle
29653	Arrow of the Goddess	Starcaller	Sentinel	563725	SpendSquare
6316	Unleashed Wisps	Starcaller	Sentinel	706230	SpendCircle
31067	Touch of Moonlight	Starcaller	Class	574328	SpendSquare
7409	Shooting Star	Starcaller	Class	800505	SpendSquare
30656	Warden's Blade	Starcaller	Class	805508	SpendSquare
29642	Infused Aegis	Starcaller	Class	704777	SpendSquare
29662	Astral Projection	Starcaller	Class	300994	SpendCircle
6314	Star Citizen	Starcaller	Class	704776	SpendCircle
7721	Flow of Mana	Starcaller	Class	704604,680758	SpendCircle
6659	Bright Moon	Starcaller	Class	801226	SpendCircle
6315	Galaxy	Starcaller	Class	800508	SpendCircle
6313	Protected by the Stars	Starcaller	Class	300258	SpendCircle
7748	Enchanted Well	Starcaller	Class	680820	SpendCircle
7254	Aspect of the Cosmos	Starcaller	Class	801123	SpendSquare
30769	Starbarian	Starcaller	Class	704778,706229	SpendCircle
30838	Astral Aegis	Starcaller	Class	806155	SpendSquare
33825	Moonlight Ripple	Starcaller	Class	503583	SpendCircle
33823	Universal Power	Starcaller	Class	300262	SpendCircle
13828	Lunar Anomaly	Starcaller	Class	300989	SpendCircle
29974	Moonlit Lancer	Starcaller	Class	560662	SpendCircle
6660	Mu'sha's Resilience	Starcaller	Class	704774	SpendCircle
6332	The Stars Align	Starcaller	Class	300251	SpendCircle
30873	Vial of Moonwell Water	Starcaller	Class	804652	SpendSquare
29649	Starshatter	Starcaller	Class	801135	SpendSquare
29648	Reverse Magic	Starcaller	Class	570231	SpendSquare
33810	Star-Charged	Starcaller	Class	500608	SpendCircle
7383	Moonwell Tides	Starcaller	Class	560951	SpendCircle
33828	Moonwalk	Starcaller	Class	300256	SpendCircle
33830	Twinkle Toes	Starcaller	Class	704775	SpendCircle
33832	Constellation Barrier	Starcaller	Class	300259	SpendCircle
11811	Moonblessed Aspects	Starcaller	Class	706232	SpendCircle
29647	Way of the Goddess	Starcaller	Class	801976	SpendCircle
7708	Guided Blades	Starcaller	Class	680738	SpendCircle
7709	Glaive Tossing	Starcaller	Class	680737	SpendCircle
9834	Cosmic Duality	Starcaller	Class	504628	SpendCircle
33834	Pouch of Stardust	Starcaller	Class	504694	SpendCircle
29493	Continual Starfall	Starcaller	Class	503584	SpendCircle
33829	Nightborne Armaments	Starcaller	Class	680789	SpendCircle
30369	Moonwell	Starcaller	Class	804739	SpendSquare
29489	Second Moon	Starcaller	Class	300252	SpendCircle
7698	Elune's Presence	Starcaller	Class	680774	SpendSquare
29644	Fan of Knives	Starcaller	Warden	680703	SpendSquare
9950	Warden Training	Starcaller	Warden	680725	SpendCircle
30669	Astral Blade	Starcaller	Warden	805563	SpendSquare
7686	Fury of the Stars	Starcaller	Warden	704603,704605	SpendCircle
7687	Lethal Pursuit	Starcaller	Warden	680770	SpendCircle
31304	Moonlit Impaler	Starcaller	Warden	561222,706235	SpendCircle
9244	Maiev's Discipline	Starcaller	Warden	680233	SpendCircle
12684	Astral Onslaught	Starcaller	Warden	704789	SpendCircle
33841	Astral Finesse	Starcaller	Warden	707636	SpendCircle
7407	Umbral Blade	Starcaller	Warden	680704	SpendSquare
29492	Sentinel Glaive	Starcaller	Warden	800506	SpendSquare
13852	Halt	Starcaller	Warden	807741	SpendSquare
31192	Moonstone	Starcaller	Warden	805503	SpendCircle
7684	Celestial Surge	Starcaller	Warden	680773	SpendCircle
6317	Warden Training	Starcaller	Warden	704790	SpendCircle
33847	Rally The Sentinels	Starcaller	Warden	704784	SpendCircle
30660	Celestial Glaives	Starcaller	Warden	805524	SpendCircle
33853	Star Pupil	Starcaller	Warden	706575	SpendCircle
6399	Astral Combatant	Starcaller	Warden	706574	SpendCircle
33852	Maiev's Guard	Starcaller	Warden	707635	SpendCircle
33860	Bonds of Justice	Starcaller	Warden	680705	SpendSquare
7697	Aspect Mastery	Starcaller	Warden	704389,572416	SpendCircle
33849	Wrath of Elune	Starcaller	Warden	704786	SpendCircle
33844	Vigil of the Watchers	Starcaller	Warden	680709	SpendCircle
33797	Stellar Amplification	Starcaller	Warden	801143	SpendCircle
6398	Scattering Blades	Starcaller	Warden	806738	SpendCircle
7413	Warrior of Elune	Starcaller	Warden	704798	SpendCircle
11660	Astral Blessing	Starcaller	Warden	801145	SpendCircle
7406	Lunar Charge	Starcaller	Warden	680215	SpendCircle
7384	Wrath of the Moon	Starcaller	Warden	680775	SpendCircle
30653	Infused Blades	Starcaller	Warden	807160	SpendCircle
7690	Warden's Precision	Starcaller	Warden	680212	SpendCircle
7699	Pierce The Night	Starcaller	Warden	680708	SpendCircle
7700	Moontouched Weapons	Starcaller	Warden	680777	SpendCircle
7685	Spirit of Vengeance	Starcaller	Warden	680711	SpendCircle
30626	Shadowsong's Mandate	Starcaller	Warden	805439	SpendSquare
11360	Lunar Combatant	Starcaller	Warden	805828	SpendCircle
30625	Pulverizing Blade	Starcaller	Warden	805437	SpendCircle
7749	Avatar of Vengeance	Starcaller	Warden	680822	SpendSquare
7692	Highest Order	Starcaller	Warden	680771	SpendCircle
31185	Ice Barrage	Necromancer	Rime	801760	SpendSquare
4035	Tundra Warriors	Necromancer	Rime	92122	SpendCircle
6901	Refreshing Chill	Necromancer	Rime	300940	SpendCircle
7213	Frigid Winds	Necromancer	Rime	504357	SpendCircle
34976	Piercing Icicles	Necromancer	Rime	524687	SpendCircle
6893	Glacial Impact	Necromancer	Rime	704355	SpendSquare
4436	Ice Mastery	Necromancer	Rime	560045	SpendCircle
33725	Bone Legion	Necromancer	Rime	707006,707881	SpendCircle
34978	Curse of the Lich	Necromancer	Rime	300240	SpendCircle
33720	Runic Reservoir	Necromancer	Rime	704670,803850	SpendCircle
6488	Hoarfrost Hands	Necromancer	Rime	803291	SpendCircle
5605	Frigid Death	Necromancer	Rime	560851	SpendCircle
30605	Freeze Dry	Necromancer	Rime	704680	SpendCircle
7214	Heartchill	Necromancer	Rime	801739	SpendSquare
6891	Necrotic Chains	Necromancer	Rime	801733	SpendCircle
12891	Ner'zhul's Blessing	Necromancer	Rime	803797	SpendCircle
29778	Giant Bones	Necromancer	Rime	805427	SpendCircle
29773	Glacier Lord	Necromancer	Rime	560852	SpendCircle
30621	Icecrown	Necromancer	Rime	531135	SpendCircle
4437	Frigidness	Necromancer	Rime	704669	SpendCircle
30622	Raise: Skeletal Mage	Necromancer	Rime	500331	SpendSquare
30599	Dominion of Frost	Necromancer	Rime	537208	SpendCircle
29779	Frozen Power	Necromancer	Rime	301303	SpendCircle
33731	Frigid Power	Necromancer	Rime	560620	SpendCircle
12212	Command: Bonefreeze	Necromancer	Rime	504489	SpendSquare
4615	Blood and Ice	Necromancer	Rime	561164	SpendCircle
30355	Death and Ice	Necromancer	Rime	560012	SpendCircle
19778	Frozen Bodies	Necromancer	Rime	707562	SpendCircle
29772	Champion of Kel'thuzad	Necromancer	Rime	704676	SpendCircle
30619	Deathly Chill	Necromancer	Rime	805424	SpendCircle
4438	Lich Form	Necromancer	Rime	500981	SpendSquare
30617	Crown's Call	Necromancer	Rime	805429,807924	SpendCircle
33723	Chilling Presence	Necromancer	Rime	300958	SpendCircle
8100	Arch Lich	Necromancer	Rime	707588	SpendCircle
6892	Raising the Kirin Tor	Necromancer	Rime	805649	SpendCircle
30620	Harrowing Winds	Necromancer	Rime	705745	SpendCircle
29317	Soulfreeze	Necromancer	Rime	572023	SpendCircle
11438	Permafrost	Necromancer	Rime	704681	SpendCircle
6900	Grave Mages	Necromancer	Rime	807937	SpendCircle
5892	Army of the North	Necromancer	Rime	561138	SpendSquare
33738	Master Lich	Necromancer	Rime	560848	SpendCircle
29364	Raise: Abomination	Necromancer	Class	500335	SpendSquare
29244	Fetid Ward	Necromancer	Class	680388	SpendSquare
29787	Glacial Tap	Necromancer	Class	805369	SpendSquare
5314	Command: Hook	Necromancer	Class	504316	SpendSquare
6885	Hulking Hordes	Necromancer	Class	300748,301326	SpendCircle
7785	Lich Essence	Necromancer	Class	802988	SpendCircle
6459	Icecrown Scriptures	Necromancer	Class	300234,301325	SpendCircle
6458	Vampiric Aura	Necromancer	Class	300241	SpendCircle
30833	Living Dead	Necromancer	Class	302888,302920	SpendCircle
34980	Create Frozen Reliquary	Necromancer	Class	803772	SpendSquare
6903	Life For Power	Necromancer	Class	705746	SpendCircle
29774	Bone Tithe	Necromancer	Class	802121	SpendSquare
31143	Ner'zhul's Blessing	Necromancer	Class	704729	SpendCircle
7371	Phylactery	Necromancer	Class	500933	SpendSquare
6897	Overwhelming Force	Necromancer	Class	531128	SpendCircle
29196	Tears of Lordaeron	Necromancer	Class	705752	SpendCircle
29788	Death's Due	Necromancer	Class	807796	SpendSquare
29865	Gravedigger	Necromancer	Class	704715	SpendCircle
31048	Reclaimed Life	Necromancer	Class	707670	SpendCircle
33778	Mass Grave	Necromancer	Class	803741	SpendSquare
33784	Disciple of Kel'thuzad	Necromancer	Class	560615,560616	SpendCircle
34977	Improved Mandates	Necromancer	Class	560613	SpendCircle
29520	Game of Bones	Necromancer	Class	301198	SpendCircle
5781	Lich Commander	Necromancer	Class	704713	SpendCircle
12381	Corpse Commander	Necromancer	Class	707739	SpendCircle
33751	Dead Man Walking	Necromancer	Class	300233	SpendCircle
6555	Cobalt-Plated Armor	Necromancer	Class	300945	SpendCircle
33780	Naxxramas Prodigy	Necromancer	Class	560622	SpendCircle
6886	Putrid Summoner	Necromancer	Class	560595	SpendCircle
33740	Deadly Defense	Necromancer	Class	300580	SpendCircle
33733	Winds of Northrend	Necromancer	Class	301333	SpendCircle
7348	Raise: Decaying Colossus	Necromancer	Class	500989	SpendSquare
33732	Foul Invocation	Necromancer	Class	804371	SpendSquare
33771	Frost Runes	Necromancer	Class	705750	SpendCircle
33764	Command: Blight	Necromancer	Class	504050	SpendSquare
34981	Study of Death	Necromancer	Class	704721	SpendCircle
33777	Raise: Banshee	Necromancer	Class	504861	SpendSquare
30600	Animate: Frost Wyrm	Necromancer	Class	805428	SpendSquare
29866	Flesh to Worms	Necromancer	Death	500338	SpendSquare
4034	Crypt Plague	Necromancer	Death	92121	SpendCircle
11904	Cycle of Death	Necromancer	Death	560727	SpendCircle
33752	Master of Death	Necromancer	Death	806328	SpendCircle
7808	Rotting Flesh	Necromancer	Death	301304	SpendCircle
6904	Swarmer	Necromancer	Death	704528	SpendCircle
6863	Damnation	Necromancer	Death	806149,807925	SpendCircle
19222	Plague Science	Necromancer	Death	704163	SpendCircle
31245	Plague of Undeath	Necromancer	Death	801945	SpendSquare
6295	Creeping Crypt	Necromancer	Death	300960	SpendCircle
30821	Dark Harvester	Necromancer	Death	807960	SpendCircle
34982	Expunge	Necromancer	Death	705754	SpendCircle
30804	Virulency	Necromancer	Death	801938	SpendSquare
6960	Foul Contagion	Necromancer	Death	300965	SpendCircle
30835	Necrosis	Necromancer	Death	802990	SpendCircle
9223	Rotting Flesh	Necromancer	Death	574138	SpendCircle
6965	Touch of Death	Necromancer	Death	707113	SpendCircle
29241	Crypt Explosion	Necromancer	Death	500572	SpendCircle
30917	Creeping Plagues	Necromancer	Death	572130	SpendCircle
33759	Pandemic	Necromancer	Death	560798	SpendCircle
6961	Festering Decay	Necromancer	Death	806324	SpendCircle
33753	Unholy Runes	Necromancer	Death	561353	SpendCircle
33763	Expediting Death	Necromancer	Death	300236	SpendCircle
4620	Mutation	Necromancer	Death	500342	SpendSquare
29864	Plague Revenant	Necromancer	Death	806321	SpendCircle
4623	Withering	Necromancer	Death	301250	SpendCircle
29946	Parasite Plague	Necromancer	Death	560730	SpendCircle
33761	Fleshcrafting	Necromancer	Death	300941	SpendCircle
30919	Apothecary's Cauldron	Necromancer	Death	560537	SpendCircle
10918	Death Commander	Necromancer	Death	300235	SpendCircle
7807	Fiend	Necromancer	Death	707627	SpendCircle
29242	Putricide's Formula	Necromancer	Death	707001,707882	SpendCircle
30912	Lichplague	Necromancer	Death	802132	SpendSquare
29861	Rot Fetishist	Necromancer	Death	805675	SpendCircle
33760	Wormfood	Necromancer	Death	560800	SpendCircle
11623	Unholy Erosion	Necromancer	Death	807700	SpendCircle
33750	Waking Crypts	Necromancer	Death	570136	SpendCircle
30822	Raise: Gargoyle	Necromancer	Death	500329	SpendSquare
30915	Muck Summoner	Necromancer	Death	806086	SpendCircle
7345	Animate: Skeletal Archer	Necromancer	Animation	805040	SpendSquare
4036	Summoning Adept	Necromancer	Animation	92123	SpendCircle
7143	Bone King	Necromancer	Animation	707175	SpendCircle
30022	Graverobber	Necromancer	Animation	503757	SpendCircle
33774	Summoning Prodigy	Necromancer	Animation	704682	SpendCircle
12165	Sepulchral Might	Necromancer	Animation	706472,572638	SpendCircle
30497	Forbidden Technique	Necromancer	Animation	561215	SpendCircle
4236	Deadly Bond	Necromancer	Animation	704724	SpendCircle
7347	Scourge Disciple	Necromancer	Animation	531126	SpendCircle
33775	Raise: Ghoul	Necromancer	Animation	500971	SpendSquare
7145	Runic Animation	Necromancer	Animation	707445	SpendCircle
30487	Summoner	Necromancer	Animation	706953	SpendCircle
10495	Animate: Bone Wraith	Necromancer	Animation	805032	SpendSquare
30495	Animate: Tomb King	Necromancer	Animation	805044	SpendSquare
7119	Ghoul Mastery	Necromancer	Animation	503740	SpendCircle
7146	Skeletal Artillery	Necromancer	Animation	302518,302921	SpendCircle
2174	Putrifier	Necromancer	Animation	302923	SpendCircle
4237	Summoning Expert	Necromancer	Animation	807494	SpendCircle
6887	Unrelenting Army	Necromancer	Animation	705747,707880	SpendCircle
33748	Animate: Plaguefather	Necromancer	Animation	805048	SpendSquare
29943	March of the Dead	Necromancer	Animation	707007	SpendSquare
5766	Depravity	Necromancer	Animation	638403	SpendCircle
33766	Mindless Fury	Necromancer	Animation	805674	SpendCircle
7112	Crypt Keeper	Necromancer	Animation	560596	SpendCircle
11112	Unrelenting	Necromancer	Animation	704718	SpendCircle
7298	Army of the Dead	Necromancer	Animation	525600	SpendCircle
33773	Unstoppable Frenzy	Necromancer	Animation	573426	SpendCircle
33772	Lich's Prodigy	Necromancer	Animation	302519	SpendCircle
4235	Diabolical	Necromancer	Animation	704723	SpendCircle
30488	Anti-Magic Shell	Necromancer	Animation	504866	SpendCircle
7141	Summoning Ritual	Necromancer	Animation	805038	SpendSquare
7350	Corpse Wagon	Necromancer	Animation	503738	SpendCircle
7346	Plague Protection	Necromancer	Animation	570046,570226	SpendCircle
5290	Chomp	Necromancer	Animation	707283	SpendCircle
6290	Fetid Mark	Necromancer	Animation	706948	SpendCircle
4619	Flesh Symbiosis	Necromancer	Animation	301207	SpendCircle
4238	Plague Horde	Necromancer	Animation	802986	SpendCircle
30238	Long March	Necromancer	Animation	704717	SpendCircle
9934	Grave Mastery	Necromancer	Animation	504439	SpendCircle
7117	Master Animator	Necromancer	Animation	504431	SpendCircle
33749	Underking	Necromancer	Animation	704701	SpendCircle
11619	Animate: Bone Construct	Necromancer	Animation	531130	SpendSquare
6985	Ignite	Pyromancer	Incineration	800791	SpendSquare
4037	Infernus	Pyromancer	Incineration	92124	SpendCircle
29854	Combustion	Pyromancer	Incineration	520884	SpendCircle
6986	Residual Power	Pyromancer	Incineration	300751	SpendCircle
11986	Arsonist	Pyromancer	Incineration	301286	SpendCircle
5187	Magnitude 10	Pyromancer	Incineration	520485,520873	SpendCircle
11304	Scorched	Pyromancer	Incineration	704801	SpendCircle
7804	Cataclysmic Power	Pyromancer	Incineration	804617,807882,807912	SpendCircle
30304	Embrace the Fire	Pyromancer	Incineration	503636	SpendCircle
33877	Fired Up!	Pyromancer	Incineration	704823	SpendSquare
29552	Searing Power	Pyromancer	Incineration	680959	SpendCircle
30959	Pillar of Flame	Pyromancer	Incineration	805496	SpendSquare
6499	Wreath of Flames	Pyromancer	Incineration	802068	SpendCircle
33878	Flamespiller	Pyromancer	Incineration	805468	SpendCircle
7009	Melting Point	Pyromancer	Incineration	300757	SpendCircle
2306	Lighting the Fuse	Pyromancer	Incineration	807509	SpendCircle
7008	Magmatic	Pyromancer	Incineration	704807	SpendCircle
29548	Molten Storm	Pyromancer	Incineration	805483	SpendCircle
33883	To Ashes	Pyromancer	Incineration	300975	SpendCircle
6500	Roasted Alive	Pyromancer	Incineration	707482	SpendCircle
6987	Pyromantic Accelerants	Pyromancer	Incineration	706889	SpendCircle
30644	Explosive	Pyromancer	Incineration	704845,707787	SpendCircle
7006	Sizzle	Pyromancer	Incineration	800811	SpendCircle
7171	Fiery Passion	Pyromancer	Incineration	560525	SpendCircle
2305	Incinerator	Pyromancer	Incineration	807510	SpendCircle
30680	Rapid Incineration	Pyromancer	Incineration	504394	SpendCircle
6807	Pyromaniac	Pyromancer	Incineration	500166	SpendCircle
30601	Flames of Focus	Pyromancer	Incineration	680977	SpendCircle
7176	Stoke	Pyromancer	Incineration	704856	SpendCircle
7803	Dark Iron Legacy	Pyromancer	Incineration	680970	SpendCircle
11803	Destroyer's Legacy	Pyromancer	Incineration	704815	SpendCircle
30643	Pyroclastic Flow	Pyromancer	Incineration	524875	SpendCircle
33879	Heat Wave	Pyromancer	Incineration	503804	SpendCircle
7174	Pyroclasm	Pyromancer	Incineration	520019	SpendSquare
7954	Burned	Pyromancer	Incineration	572582	SpendCircle
7175	Flames of the Firelord	Pyromancer	Incineration	538441	SpendCircle
29561	Sulfuron Harbinger	Pyromancer	Incineration	807146	SpendCircle
30403	Legacy of Ragnaros	Pyromancer	Incineration	704824	SpendCircle
30206	Ember Touch	Pyromancer	Class	800818	SpendSquare
30651	Meteor	Pyromancer	Class	500135	SpendSquare
29858	Dragon Leap	Pyromancer	Class	806611	SpendSquare
29752	Shazzrah's Boon	Pyromancer	Class	807126	SpendCircle
7927	Hellscape	Pyromancer	Class	706886	SpendCircle
30832	Inferno Barrier	Pyromancer	Class	504380	SpendSquare
33904	Fire Safety	Pyromancer	Class	300970,301350	SpendCircle
6461	Flamecasting	Pyromancer	Class	804300	SpendCircle
7203	Hasty Incantation	Pyromancer	Class	802169	SpendCircle
11882	Heated	Pyromancer	Class	504754	SpendCircle
33882	Blessing of the Firelands	Pyromancer	Class	504397	SpendCircle
5854	Searing Speed	Pyromancer	Class	704800	SpendCircle
9927	Pyromancy	Pyromancer	Class	704831	SpendCircle
32499	Bright Flames	Pyromancer	Class	300759,301351	SpendCircle
7481	Volcanic Shell	Pyromancer	Class	805477	SpendSquare
29940	Cataclysm	Pyromancer	Class	520218	SpendSquare
33905	Chains of Fire	Pyromancer	Class	706862	SpendCircle
7760	Lava-Drenched	Pyromancer	Class	706650	SpendCircle
30634	Magma Guardian	Pyromancer	Class	706872	SpendCircle
29554	Fiery Demeanor	Pyromancer	Class	525059	SpendCircle
6984	Fiery Intent	Pyromancer	Class	525018	SpendCircle
6554	Dragonscales	Pyromancer	Class	524818	SpendCircle
30639	Essence of Malygos	Pyromancer	Class	802120	SpendSquare
6323	Grace of Alexstrasza	Pyromancer	Class	802167	SpendSquare
7042	Gaze of Ysera	Pyromancer	Class	806148	SpendSquare
7041	Purifying Flames	Pyromancer	Class	807159	SpendCircle
14241	Binding Flames	Pyromancer	Class	807686	SpendCircle
32368	Flaming Finesse	Pyromancer	Class	706878	SpendCircle
30976	Dragon's Bane	Pyromancer	Class	706877	SpendCircle
33906	Flamer	Pyromancer	Class	680836,520546	SpendCircle
6957	Constant Burning	Pyromancer	Class	707126	SpendCircle
3843	Ysera's Blessing	Pyromancer	Class	704820	SpendCircle
33843	Al Dente	Pyromancer	Class	300921	SpendCircle
7479	Ignis Ultimatus	Pyromancer	Class	680369	SpendSquare
7817	Obliteration	Pyromancer	Class	706894	SpendCircle
7819	Circle of Fire	Pyromancer	Class	800807	SpendSquare
7010	Ignis Fatalis	Pyromancer	Class	706893	SpendCircle
4304	Firestorm	Pyromancer	Class	802791	SpendSquare
4303	Superheated	Pyromancer	Class	681196	SpendCircle
7902	Hot Headed	Pyromancer	Class	503806	SpendCircle
29857	Echo of Nozdormu	Pyromancer	Draconic	520937	SpendSquare
4039	Dragon's Edge	Pyromancer	Draconic	300755	SpendCircle
29935	Alexstrasza's Gift	Pyromancer	Draconic	300956	SpendCircle
29964	Agonizing Burns	Pyromancer	Draconic	803452	SpendCircle
29556	Aspect's Blessing	Pyromancer	Draconic	802168	SpendSquare
7043	Critical Pressure	Pyromancer	Draconic	704804,707789	SpendCircle
31188	Aspect of Time	Pyromancer	Draconic	504750	SpendCircle
11964	Firefall	Pyromancer	Draconic	801905	SpendSquare
7045	Flames of Fate	Pyromancer	Draconic	707325	SpendCircle
11145	Lifebringer's Blessing	Pyromancer	Draconic	707479	SpendCircle
7925	Destroyer's Maw	Pyromancer	Draconic	802107	SpendSquare
7932	Cinderstorm	Pyromancer	Draconic	706875	SpendCircle
33870	Overwhelming Flames	Pyromancer	Draconic	704813	SpendCircle
33863	Timed Attacks	Pyromancer	Draconic	704812,707803	SpendCircle
29860	Searing Flames	Pyromancer	Draconic	503863	SpendCircle
11963	Mad Aspect's Scepter	Pyromancer	Draconic	706896,707790	SpendCircle
11451	Flames of the Aspects	Pyromancer	Draconic	707493	SpendCircle
29962	Draconic Aspect	Pyromancer	Draconic	92128	SpendSquare
33864	Ascender	Pyromancer	Draconic	807319	SpendCircle
29961	Invoke	Pyromancer	Draconic	573283	SpendCircle
7196	Fire and Brimstone	Pyromancer	Draconic	704849	SpendCircle
9871	Earthwarder	Pyromancer	Draconic	706239	SpendCircle
29558	Expediting Power	Pyromancer	Draconic	704814	SpendCircle
11874	Perpetual Burning	Pyromancer	Draconic	707503	SpendCircle
33874	Flames of Execution	Pyromancer	Draconic	706238	SpendCircle
7936	Molten Fury	Pyromancer	Draconic	704818	SpendCircle
11936	Blackrock Mountaineer	Pyromancer	Draconic	707494	SpendCircle
7202	Draconic Tempest	Pyromancer	Draconic	802170	SpendCircle
7926	Soul of the Dragon	Pyromancer	Draconic	704816	SpendCircle
33873	Inner Flame	Pyromancer	Draconic	301974	SpendCircle
2309	Legacy of Deathwing	Pyromancer	Draconic	707217	SpendCircle
33872	Breath of Neltharion	Pyromancer	Draconic	511109	SpendSquare
33911	Black Magic	Pyromancer	Draconic	520381	SpendCircle
7821	Draconic Rage	Pyromancer	Draconic	802164	SpendCircle
33867	Invocation of Flames	Pyromancer	Draconic	704809	SpendCircle
7935	Death From Above	Pyromancer	Draconic	520402	SpendSquare
7931	Wild Magic	Pyromancer	Draconic	705559	SpendCircle
11309	Blackflight Resurgence	Pyromancer	Draconic	805587	SpendCircle
29966	Aspect of Eternity	Pyromancer	Draconic	520770	SpendCircle
7933	Aspect of Earth	Pyromancer	Draconic	802780	SpendCircle
7934	Aspect of Magic	Pyromancer	Draconic	681334	SpendCircle
29189	Phoenix Egg	Pyromancer	Flameweaving	800796	SpendSquare
4038	Spirit of the Phoenix	Pyromancer	Flameweaving	92126	SpendCircle
29550	Phoenix Dive	Pyromancer	Flameweaving	706854	SpendSquare
33919	Cleansing Flames	Pyromancer	Flameweaving	681145	SpendSquare
30637	Soothing Flames	Pyromancer	Flameweaving	704855	SpendCircle
30630	Ember Charm	Pyromancer	Flameweaving	704861	SpendCircle
9807	Flame Bonding	Pyromancer	Flameweaving	706858	SpendCircle
7387	Spirit of Fire	Pyromancer	Flameweaving	500167,500644	SpendCircle
30638	From The Ashes	Pyromancer	Flameweaving	560561	SpendCircle
31274	Scorching Spirit	Pyromancer	Flameweaving	805552,807935	SpendCircle
9914	Unfathomably Hot!	Pyromancer	Flameweaving	807404	SpendCircle
33914	Concentrated Fire	Pyromancer	Flameweaving	704864	SpendCircle
6950	Kael's Command	Pyromancer	Flameweaving	800816	SpendSquare
30096	Sunstrider Array	Pyromancer	Flameweaving	804230	SpendSquare
30602	Burning Crescendo	Pyromancer	Flameweaving	805378	SpendCircle
6949	Ashen Priest	Pyromancer	Flameweaving	707432	SpendCircle
7388	Rekindle	Pyromancer	Flameweaving	805448	SpendCircle
33912	Lucifron's Rage	Pyromancer	Flameweaving	300932	SpendCircle
33918	Lifebinder's Fire	Pyromancer	Flameweaving	704862	SpendCircle
30666	Offering of Executus	Pyromancer	Flameweaving	806779	SpendCircle
33916	Living Flame	Pyromancer	Flameweaving	704851	SpendCircle
29560	Neltharion's Resolve	Pyromancer	Flameweaving	520488	SpendSquare
33921	Warmth	Pyromancer	Flameweaving	706464	SpendCircle
6501	Sageweaving	Pyromancer	Flameweaving	503915	SpendCircle
31276	Burn Impurities	Pyromancer	Flameweaving	520149	SpendSquare
9949	Fiery Faith	Pyromancer	Flameweaving	503913	SpendCircle
6661	Touched by Fire	Pyromancer	Flameweaving	704848,704853	SpendCircle
33917	Invigoration	Pyromancer	Flameweaving	704863	SpendCircle
7385	Cauterizing Wounds	Pyromancer	Flameweaving	570001	SpendCircle
11185	Brilliance	Pyromancer	Flameweaving	570207	SpendCircle
33885	Tender Touch	Pyromancer	Flameweaving	704273,707786	SpendCircle
29559	Shielded by Flames	Pyromancer	Flameweaving	704275	SpendCircle
31273	Roaring Pyre	Pyromancer	Flameweaving	704278	SpendSquare
7478	Veins of Fire	Pyromancer	Flameweaving	706859	SpendCircle
30642	Inferno	Pyromancer	Flameweaving	806736	SpendCircle
9964	Burning Passion	Pyromancer	Flameweaving	504733	SpendCircle
7386	Fueling the Fire	Pyromancer	Flameweaving	806747	SpendCircle
7389	Emberheart	Pyromancer	Flameweaving	680378	SpendSquare
6951	Scepter of Fire	Pyromancer	Flameweaving	706860	SpendCircle
9921	Blessing of the Inferno	Pyromancer	Flameweaving	707451	SpendCircle
12263	Hunt	WitchHunter	Inquisition	802006	SpendSquare
4012	Flames of Sin	WitchHunter	Inquisition	92094	SpendCircle
7097	Dusk Blade	WitchHunter	Inquisition	802020	SpendSquare
30851	Sermon of Flame	WitchHunter	Inquisition	503655,504890	SpendCircle
29951	Brooding Hatred	WitchHunter	Inquisition	301251,301362	SpendCircle
12852	Interrogator	WitchHunter	Inquisition	806188	SpendCircle
29907	Purifier's Edge	WitchHunter	Inquisition	802019	SpendSquare
29953	Flexible Fighter	WitchHunter	Inquisition	681341	SpendCircle
7598	Protector of Darkshire	WitchHunter	Inquisition	300575	SpendCircle
7063	Refined Combatant	WitchHunter	Inquisition	572770	SpendCircle
29988	Smite Evil	WitchHunter	Inquisition	802004	SpendSquare
34544	Searing Hilt	WitchHunter	Inquisition	705480	SpendCircle
29901	Fiery Judgement	WitchHunter	Inquisition	802140	SpendSquare
7096	Duskwood Renegade	WitchHunter	Inquisition	504677,504891	SpendCircle
34550	Brushin' Off The Dusk	WitchHunter	Inquisition	681329,681488	SpendCircle
29950	Darkslayer's Lantern	WitchHunter	Inquisition	802139	SpendSquare
6618	Flames of the Sinned	WitchHunter	Inquisition	560207	SpendCircle
4317	Malice	WitchHunter	Inquisition	707535	SpendCircle
6857	Cinder and Ashes	WitchHunter	Inquisition	707317	SpendCircle
7599	Scarlet Inquisitor	WitchHunter	Inquisition	301338	SpendCircle
6614	Pyro Tonic	WitchHunter	Inquisition	802277	SpendSquare
5393	The Hunt Continues	WitchHunter	Inquisition	560219	SpendCircle
11393	Evil Never Sleeps	WitchHunter	Inquisition	561210	SpendCircle
34545	Flourish	WitchHunter	Inquisition	805365	SpendSquare
7066	Torchlight	WitchHunter	Inquisition	503662	SpendSquare
6610	Holy Frenzy	WitchHunter	Inquisition	681327	SpendCircle
11197	Stake	WitchHunter	Inquisition	680537	SpendSquare
4319	Heartstopper	WitchHunter	Inquisition	680540	SpendCircle
12546	Sinner	WitchHunter	Inquisition	681411	SpendCircle
34546	Sin Eater	WitchHunter	Inquisition	680542	SpendCircle
34541	Dawn	WitchHunter	Inquisition	705484	SpendCircle
34547	Dusk	WitchHunter	Inquisition	300571	SpendCircle
4589	Monster Hunting	WitchHunter	Inquisition	300872	SpendCircle
7605	Lightbringer	WitchHunter	Inquisition	680538	SpendCircle
6625	Torch the Wicked!	WitchHunter	Inquisition	560226	SpendCircle
7068	Burned Alive	WitchHunter	Inquisition	705478	SpendCircle
4318	Evil Doers, Beware!	WitchHunter	Inquisition	681328	SpendCircle
7604	Purity & Wickedness	WitchHunter	Inquisition	680544	SpendCircle
7601	Cycle of Despair	WitchHunter	Inquisition	503664	SpendCircle
7074	Hatred & Vitriol	WitchHunter	Inquisition	504470	SpendCircle
31160	Witchbane	WitchHunter	Boltslinger	800165	SpendSquare
4010	Boltslinger	WitchHunter	Boltslinger	92091	SpendCircle
5076	Mechanized Crossbows	WitchHunter	Boltslinger	705514	SpendCircle
34570	My Trusty Arbalest	WitchHunter	Boltslinger	503682,504892	SpendCircle
29372	Heartseeking Bolt	WitchHunter	Boltslinger	805754	SpendSquare
9303	Kingdom Hearts	WitchHunter	Boltslinger	582310	SpendCircle
9750	Damnation	WitchHunter	Boltslinger	520062	SpendSquare
6615	Rapid Reload	WitchHunter	Boltslinger	705512,707863,712479	SpendCircle
6856	Tormentor	WitchHunter	Boltslinger	800162	SpendSquare
11171	Resourceful Pursuit	WitchHunter	Boltslinger	707648	SpendCircle
34572	Witching Bolt	WitchHunter	Boltslinger	680322	SpendCircle
29371	Neverending Pursuit	WitchHunter	Boltslinger	524970	SpendCircle
7460	One Shot	WitchHunter	Boltslinger	680331	SpendCircle
7461	Bane of Witches	WitchHunter	Boltslinger	500055	SpendCircle
29373	Rapid	WitchHunter	Boltslinger	680323	SpendCircle
34573	Relentless	WitchHunter	Boltslinger	520593	SpendCircle
7075	Strafing Shot	WitchHunter	Boltslinger	705515	SpendCircle
12303	Arbalist	WitchHunter	Boltslinger	520851	SpendCircle
7456	Daring Escape	WitchHunter	Boltslinger	500086	SpendSquare
29156	Heartless	WitchHunter	Boltslinger	680326,680327	SpendCircle
7078	Twilight Frenzy	WitchHunter	Boltslinger	805751	SpendSquare
7077	Escape Artist	WitchHunter	Boltslinger	705490	SpendCircle
5678	Bringing the Law	WitchHunter	Boltslinger	705500	SpendCircle
29277	Enchanted Bolts	WitchHunter	Boltslinger	520548	SpendCircle
7852	Evasive	WitchHunter	Boltslinger	805767	SpendCircle
34561	Crossbow Frenzy	WitchHunter	Boltslinger	705499	SpendCircle
4324	Slinging Bolts	WitchHunter	Boltslinger	804404	SpendCircle
30739	Silver Bolts	WitchHunter	Boltslinger	804026	SpendCircle
7458	Arbalest Mastery	WitchHunter	Boltslinger	706240	SpendCircle
30732	Slayer	WitchHunter	Boltslinger	300968	SpendCircle
34564	Crossbow Expert	WitchHunter	Boltslinger	680384,681490	SpendCircle
4135	Contract Killing	WitchHunter	Boltslinger	705506	SpendCircle
7459	Bolt and Dash	WitchHunter	Boltslinger	520670	SpendSquare
12259	Pavise Crossbowman	WitchHunter	Boltslinger	681453	SpendSquare
30133	Everything You Have	WitchHunter	Boltslinger	503680	SpendCircle
4325	Tormenting the Tormented	WitchHunter	Boltslinger	805758	SpendCircle
4134	Bounty Hunter	WitchHunter	Boltslinger	805773	SpendCircle
30748	Dead and Gone	WitchHunter	Boltslinger	705524	SpendCircle
30071	Heavy Crossbows	WitchHunter	Boltslinger	503681	SpendCircle
17414	Houndmaster's Whistle	WitchHunter	Houndmaster	801343	SpendSquare
4011	Houndmaster	WitchHunter	Houndmaster	92093	SpendCircle
7414	Unleash the Hounds	WitchHunter	Houndmaster	807918	SpendSquare
9414	Houndmaster's Call	WitchHunter	Houndmaster	802273	SpendSquare
7875	Expert Shot	WitchHunter	Houndmaster	705467,707889	SpendCircle
6334	Shadow Rage	WitchHunter	Houndmaster	705455	SpendCircle
9306	Sharpshooter 	WitchHunter	Houndmaster	705456	SpendCircle
30396	Quickdraw	WitchHunter	Houndmaster	804193	SpendSquare
7418	Trapper	WitchHunter	Houndmaster	681180	SpendCircle
29163	Expulsion of Evil	WitchHunter	Houndmaster	139778	SpendCircle
34540	Dark Ranger	WitchHunter	Houndmaster	705465,707861	SpendCircle
29161	Pure Agony	WitchHunter	Houndmaster	300789	SpendCircle
6858	Darkrider	WitchHunter	Houndmaster	705453	SpendCircle
30188	Decimate	WitchHunter	Houndmaster	804194	SpendSquare
6411	Houndfeeder	WitchHunter	Houndmaster	705477	SpendCircle
7417	Darkflock	WitchHunter	Houndmaster	520270	SpendSquare
9307	Dark Mind	WitchHunter	Houndmaster	574148	SpendCircle
29162	Reload	WitchHunter	Houndmaster	804190	SpendCircle
34528	Darkhunter	WitchHunter	Houndmaster	503669	SpendCircle
34527	Hail of Gunfire	WitchHunter	Houndmaster	804187	SpendCircle
29984	Kennel Master	WitchHunter	Houndmaster	706365,707891	SpendCircle
7416	Defender of Darkshire	WitchHunter	Houndmaster	705531	SpendCircle
7430	Anguish	WitchHunter	Houndmaster	504742	SpendCircle
7415	Repulse	WitchHunter	Houndmaster	680236	SpendSquare
29159	Houndmaster	WitchHunter	Houndmaster	705450	SpendCircle
30185	Loksey's Journal	WitchHunter	Houndmaster	504903	SpendCircle
4367	Daredevil	WitchHunter	Houndmaster	681173	SpendCircle
6379	Bringer of Darkness	WitchHunter	Houndmaster	500101	SpendCircle
34532	Silver Bullets	WitchHunter	Houndmaster	574149,574163	SpendCircle
34530	Veiled in Darkness	WitchHunter	Houndmaster	524854	SpendCircle
31161	Scent of Magic	WitchHunter	Houndmaster	706260	SpendCircle
34524	Rampaging Hounds	WitchHunter	Houndmaster	570726	SpendCircle
7422	Rearmament	WitchHunter	Houndmaster	805738	SpendSquare
7420	Low Dawn	WitchHunter	Houndmaster	680247	SpendCircle
34531	Coordinated Killing	WitchHunter	Houndmaster	705463	SpendCircle
9967	Sixfold Shot	WitchHunter	Houndmaster	500567	SpendCircle
30186	Deal With The Devil	WitchHunter	Houndmaster	680255	SpendCircle
8005	Lethal Pursuit	WitchHunter	Houndmaster	572530	SpendCircle
7427	Feast of Talons	WitchHunter	Houndmaster	500056	SpendCircle
29150	Vault	WitchHunter	Class	500085	SpendSquare
30187	Shadow Trap	WitchHunter	Class	680238	SpendSquare
6622	Burrow Bolt	WitchHunter	Class	802269	SpendSquare
34592	Night Walker	WitchHunter	Class	789256	SpendCircle
34538	Night Stalker	WitchHunter	Class	300792,300793	SpendCircle
7451	Plagueland Survivalist	WitchHunter	Class	681169	SpendCircle
6415	Combat Training	WitchHunter	Class	680529,681484	SpendCircle
6457	Brimming Hatred	WitchHunter	Class	705496	SpendCircle
6417	Vishas' Memoir	WitchHunter	Class	300795	SpendCircle
6326	Inquisitor's Trap	WitchHunter	Class	681445	SpendSquare
7424	Evil Never Sleeps	WitchHunter	Class	804185	SpendCircle
6413	Witchblood Tonic	WitchHunter	Class	802278	SpendSquare
29952	Trap Card	WitchHunter	Class	680253	SpendCircle
34583	Follow The Edict	WitchHunter	Class	503698	SpendCircle
34595	Vengeful Intent	WitchHunter	Class	705534	SpendCircle
7482	Just A Sip	WitchHunter	Class	705533	SpendCircle
34558	Regenerative Elixirs	WitchHunter	Class	705528	SpendCircle
6529	Death Trap	WitchHunter	Class	681450	SpendSquare
34588	Brand of the Unworthy	WitchHunter	Class	501380	SpendSquare
7095	Witching Shroud	WitchHunter	Class	805770	SpendSquare
9417	Three Sevens	WitchHunter	Class	300572	SpendCircle
7588	Strategist	WitchHunter	Class	681156	SpendCircle
30736	Vampire Hunter	WitchHunter	Class	803638	SpendCircle
34555	Dark Intuition	WitchHunter	Class	806195	SpendCircle
34560	Alertness	WitchHunter	Class	681152	SpendCircle
9415	Resilient to Darkness	WitchHunter	Class	681092	SpendCircle
7093	Renegade	WitchHunter	Class	524812	SpendCircle
34556	Alchemical Research	WitchHunter	Class	705498,707862	SpendCircle
11218	Dark Souls	WitchHunter	Class	802011	SpendCircle
30738	Smoke Grenade	WitchHunter	Class	805756	SpendSquare
34593	Purified Bola	WitchHunter	Class	707230	SpendCircle
34557	Slayer of Darkness	WitchHunter	Class	804024	SpendCircle
29986	Vampiric Tonic	WitchHunter	Class	802276	SpendSquare
34587	Trickster	WitchHunter	Class	705526	SpendCircle
31006	Slayer's Mark	WitchHunter	Class	804068	SpendSquare
6325	Tonic Supply	WitchHunter	Class	705497	SpendCircle
7569	Noctis Blade	WitchHunter	Black Knight	802280	SpendSquare
7553	Grasp of the Undying	WitchHunter	Black Knight	707064	SpendCircle
7574	Shadow Brand	WitchHunter	Black Knight	680516	SpendCircle
7595	Dark Chivalry	WitchHunter	Black Knight	680525	SpendCircle
6613	Dark Penance	WitchHunter	Black Knight	805533,807907	SpendCircle
4552	Dusk Knight	WitchHunter	Black Knight	681200	SpendCircle
7575	March of the Black King	WitchHunter	Black Knight	681095	SpendSquare
7061	Shadow Order	WitchHunter	Black Knight	680503,681486	SpendCircle
7594	Wide Swings	WitchHunter	Black Knight	681098	SpendCircle
7586	Desecrate	WitchHunter	Black Knight	680518	SpendSquare
31213	No Regrets	WitchHunter	Black Knight	681093	SpendCircle
7577	Witchblight	WitchHunter	Black Knight	680494	SpendSquare
29947	Knight's Seal	WitchHunter	Black Knight	680498	SpendSquare
4550	Dark Power	WitchHunter	Black Knight	681340	SpendCircle
7571	Dark Riposte	WitchHunter	Black Knight	503659	SpendCircle
7579	Black Guard	WitchHunter	Black Knight	680523	SpendCircle
7064	Noctis Protection	WitchHunter	Black Knight	681100	SpendCircle
30661	Secret Society	WitchHunter	Black Knight	680611,680514	SpendCircle
29904	Dark Juggernaut	WitchHunter	Black Knight	560208	SpendCircle
9751	Wicked Intent	WitchHunter	Black Knight	504645	SpendCircle
7583	Bulwark of Darkness	WitchHunter	Black Knight	680496	SpendCircle
7587	Clinch Fighting	WitchHunter	Black Knight	680492	SpendCircle
7590	Calm Under Pressure	WitchHunter	Black Knight	705519	SpendCircle
11375	Dark Barrier	WitchHunter	Black Knight	705520	SpendCircle
7580	Shadowy Tendrils	WitchHunter	Black Knight	707407	SpendCircle
30853	Guardbreaker	WitchHunter	Black Knight	681097,681493	SpendCircle
7633	Witching Idol	WitchHunter	Black Knight	804051	SpendSquare
7585	Destroyer of Evil	WitchHunter	Black Knight	680528	SpendCircle
7596	Foresight	WitchHunter	Black Knight	680599	SpendCircle
7584	Chains of Darkness	WitchHunter	Black Knight	680521	SpendSquare
7589	Undying	WitchHunter	Black Knight	680504	SpendCircle
7582	Witch Knight	WitchHunter	Black Knight	805346	SpendCircle
7630	Shadowstorm	WitchHunter	Black Knight	520277	SpendCircle
7592	Night King	WitchHunter	Black Knight	707067	SpendCircle
9580	Dawn Knight	WitchHunter	Black Knight	680497	SpendCircle
7591	Secret of Raven Hill	WitchHunter	Black Knight	680513	SpendCircle
29949	Gaze of the Black Knight	WitchHunter	Black Knight	802138	SpendSquare
7597	Blade of the Misbegotten	WitchHunter	Black Knight	680530	SpendCircle
31182	Ripple	Chronomancer	Time	806296	SpendSquare
4032	Aeon of Resilience	Chronomancer	Time	92119	SpendSquare
19979	Sands of Life	Chronomancer	Time	560383,560283	SpendCircle
6700	Endless Sands	Chronomancer	Time	806338	SpendCircle
19980	Correct the Mistake	Chronomancer	Time	572352	SpendSquare
9177	Aeon of Protection	Chronomancer	Time	806292	SpendSquare
6183	Time Wizard	Chronomancer	Time	706779,707829	SpendCircle
6190	Keep Accelerating	Chronomancer	Time	520042	SpendCircle
6187	Time Beacon	Chronomancer	Time	574310,574362	SpendCircle
29681	Cadence of Time	Chronomancer	Time	560397	SpendCircle
6699	Carbon Dating	Chronomancer	Time	706102	SpendCircle
6196	Timeless	Chronomancer	Time	706131	SpendCircle
19978	Fabric of Time	Chronomancer	Time	806299	SpendSquare
9181	Aeon of Renewal	Chronomancer	Time	806290	SpendSquare
30901	A Ripple In Time	Chronomancer	Time	706096	SpendCircle
30903	Ideal Time	Chronomancer	Time	807036	SpendCircle
7912	Continuum Restoration	Chronomancer	Time	801271	SpendSquare
29571	Time Skip	Chronomancer	Time	804451	SpendCircle
30264	Orderly Protector	Chronomancer	Time	806162	SpendCircle
30902	Displacement	Chronomancer	Time	806727	SpendSquare
30780	Mark of Order	Chronomancer	Time	704488	SpendCircle
6702	Timeline Tether	Chronomancer	Time	804505	SpendCircle
29570	Shimmering Shard	Chronomancer	Time	806302	SpendCircle
6841	Aeon of Oblivion	Chronomancer	Time	806293	SpendSquare
10728	Nozdormu's Gaze	Chronomancer	Time	807691	SpendCircle
30268	Titan's Gaze	Chronomancer	Time	804462	SpendCircle
10922	Overcorrection	Chronomancer	Time	707657	SpendCircle
30922	Bronze Timeways	Chronomancer	Time	807309	SpendCircle
29670	Wonders of Time	Chronomancer	Time	560541	SpendCircle
6652	Chronicler	Chronomancer	Time	706134	SpendCircle
30905	Through The Aeons	Chronomancer	Time	560310	SpendCircle
6184	Rapid Acceleration	Chronomancer	Time	570149	SpendCircle
29682	Shield of the Ages	Chronomancer	Time	804444	SpendCircle
7826	Converge the Infinite	Chronomancer	Time	520045	SpendCircle
6192	Epic Recovery	Chronomancer	Time	706098	SpendCircle
9182	Eternity Warper	Chronomancer	Time	806301	SpendCircle
9986	Timeblender	Chronomancer	Time	555737	SpendCircle
6182	The Vast Infinite	Chronomancer	Time	706083	SpendSquare
30261	Buy Time	Chronomancer	Time	520188	SpendSquare
31183	Shatter Echo	Chronomancer	Artificer	804503	SpendSquare
12853	Artificer's Wand	Chronomancer	Artificer	804478	SpendSquare
4033	Echo Fragments	Chronomancer	Artificer	92120	SpendCircle
7853	Caverns of Time	Chronomancer	Artificer	520166	SpendCircle
7391	Artificer's Empowerment	Chronomancer	Artificer	806167,807895,807896	SpendCircle
30256	Wand Master	Chronomancer	Artificer	707551,707831	SpendCircle
9175	Wand Expert	Chronomancer	Artificer	574308	SpendCircle
6576	Discovery	Chronomancer	Artificer	500116	SpendCircle
6574	Concentrated Fate	Chronomancer	Artificer	706122	SpendCircle
30265	Bronze Echoes	Chronomancer	Artificer	520800	SpendCircle
7854	Singularity Core	Chronomancer	Artificer	804438	SpendSquare
6170	Archaeology	Chronomancer	Artificer	560130	SpendCircle
30250	Hyperwand	Chronomancer	Artificer	706071	SpendCircle
6575	Elder Wand	Chronomancer	Artificer	560129	SpendCircle
6171	Temporal Convergence	Chronomancer	Artificer	807588	SpendCircle
30844	Conduction Burst	Chronomancer	Artificer	804452	SpendCircle
6172	Crystal Cannon	Chronomancer	Artificer	806204	SpendCircle
6175	Unstable Chronoglass	Chronomancer	Artificer	503836	SpendSquare
7937	Clocked In	Chronomancer	Artificer	706076	SpendCircle
30856	Flux Emitter	Chronomancer	Artificer	804435	SpendSquare
30857	Hands of Time	Chronomancer	Artificer	524856	SpendCircle
6174	Paradox Cannon	Chronomancer	Artificer	806203	SpendSquare
6173	Borrowed Time	Chronomancer	Artificer	680373	SpendCircle
1803	Sporadic Incantations	Chronomancer	Artificer	570061	SpendCircle
6884	Tamed Incantations	Chronomancer	Artificer	706077	SpendCircle
12279	Reverse Engineering	Chronomancer	Artificer	520875	SpendCircle
30279	Erode Armaments	Chronomancer	Artificer	520386	SpendCircle
11472	Time Is A Circle	Chronomancer	Artificer	806206	SpendCircle
7914	Fate Twister	Chronomancer	Artificer	706133	SpendCircle
30282	Magic Sensitivity	Chronomancer	Artificer	520171	SpendCircle
31332	Infinity Stone	Chronomancer	Artificer	300873	SpendCircle
6178	Splitting Time	Chronomancer	Artificer	706130	SpendCircle
4520	Resonance	Chronomancer	Artificer	706079	SpendCircle
31120	Timemage	Chronomancer	Artificer	806753	SpendCircle
7855	Aether Compression	Chronomancer	Artificer	804436	SpendSquare
7856	Arc Collision	Chronomancer	Artificer	524853	SpendSquare
30859	Pulse Driver	Chronomancer	Artificer	706121	SpendCircle
11273	Intuition	Chronomancer	Artificer	807589	SpendCircle
7873	Cheating Time	Chronomancer	Artificer	524945	SpendCircle
31333	Threads of Eternity	Chronomancer	Artificer	806209	SpendCircle
30861	Wand Mastery	Chronomancer	Artificer	806216	SpendCircle
3997	Timerend	Chronomancer	Infinite	707430	SpendSquare
4031	Infinite Power	Chronomancer	Infinite	92118	SpendCircle
7200	Melt Reality	Chronomancer	Infinite	806335	SpendSquare
6156	Anomaly Spikes	Chronomancer	Infinite	503825,504886	SpendCircle
31139	Mind Melt	Chronomancer	Infinite	572771	SpendCircle
9185	Gift of the Infinite Dragonflight	Chronomancer	Infinite	706114	SpendCircle
7201	Chromatic Shard	Chronomancer	Infinite	801292	SpendSquare
29680	Deconstruction	Chronomancer	Infinite	805851,807894	SpendCircle
7216	Warpstriker	Chronomancer	Infinite	707556,707830	SpendCircle
30776	Chronological	Chronomancer	Infinite	592008	SpendCircle
31336	Unearthed Power	Chronomancer	Infinite	503831	SpendCircle
1802	Time Means Nothing	Chronomancer	Infinite	572357	SpendCircle
6200	Hourglass of Eternity	Chronomancer	Infinite	806337	SpendCircle
11175	Excruciating Discord	Chronomancer	Infinite	582356	SpendCircle
12184	Timelost Power	Chronomancer	Infinite	807754	SpendCircle
11685	Warping Reality	Chronomancer	Infinite	504602	SpendCircle
5168	Incarnation of Chaos	Chronomancer	Infinite	570067	SpendSquare
29677	Infinity Crash	Chronomancer	Infinite	706040	SpendCircle
6522	Destabilize Time	Chronomancer	Infinite	680971	SpendSquare
5367	Black Hole	Chronomancer	Infinite	707557	SpendCircle
11170	Chaos Fusion	Chronomancer	Infinite	807578	SpendCircle
11176	Pure Chaos	Chronomancer	Infinite	807569	SpendCircle
7159	Paradox	Chronomancer	Infinite	680946	SpendCircle
7209	Slipstream	Chronomancer	Infinite	707555	SpendSquare
6514	Gift of the Timeways	Chronomancer	Infinite	704487	SpendCircle
4161	End of Time	Chronomancer	Infinite	807690	SpendCircle
6161	Eternity	Chronomancer	Infinite	805844	SpendCircle
6164	Distorted Time	Chronomancer	Infinite	707553	SpendCircle
9186	Infinite Guard	Chronomancer	Infinite	574312	SpendCircle
6159	Shifting Chaos	Chronomancer	Infinite	706059	SpendCircle
31334	Crown of Power	Chronomancer	Infinite	805854	SpendCircle
6158	Infinite Horizon	Chronomancer	Infinite	560528	SpendCircle
7920	Magic Erosion	Chronomancer	Infinite	706046	SpendCircle
2125	Erasion	Chronomancer	Infinite	704489	SpendCircle
4316	Aeon Rend	Chronomancer	Infinite	583248	SpendCircle
11861	End of Time	Chronomancer	Infinite	704490	SpendCircle
30908	Null Orbs	Chronomancer	Infinite	572722	SpendCircle
5486	Chaotic Time	Chronomancer	Infinite	583245	SpendCircle
5861	Infinite Keeper	Chronomancer	Infinite	806312	SpendCircle
30277	Accelerated Recovery	Chronomancer	Class	800857	SpendSquare
30249	Clasp of Infinity	Chronomancer	Class	805847	SpendSquare
30855	Waves of Time	Chronomancer	Class	801277	SpendSquare
6697	Improved Reverse Wound	Chronomancer	Class	706053	SpendCircle
7911	Luck	Chronomancer	Class	706085,707828	SpendCircle
30280	Unearthed Pools	Chronomancer	Class	574309	SpendCircle
6226	Perfect Timing	Chronomancer	Class	520164,520874	SpendCircle
30251	Temporal Dissonance	Chronomancer	Class	520922	SpendCircle
6228	Fortify Timeline	Chronomancer	Class	804491	SpendSquare
7917	Impeccable Timing	Chronomancer	Class	560949	SpendCircle
30269	Timeguard	Chronomancer	Class	804441	SpendSquare
6162	Rippling Power	Chronomancer	Class	806300,807893	SpendCircle
30260	Temporal Anomaly	Chronomancer	Class	806315	SpendSquare
7198	Eternal	Chronomancer	Class	706777	SpendCircle
32547	Infinite Sands	Chronomancer	Class	500115	SpendCircle
6696	Desynchronization	Chronomancer	Class	561310	SpendSquare
30276	Constant Recovery	Chronomancer	Class	555729	SpendCircle
9198	Mind Over Matter	Chronomancer	Class	520923	SpendCircle
6698	Temporal Focus	Chronomancer	Class	806165	SpendSquare
7226	Entropy Overload	Chronomancer	Class	706084	SpendCircle
6213	Expediting Time	Chronomancer	Class	706055	SpendCircle
5122	Unmaker of Realities	Chronomancer	Class	706107	SpendCircle
11122	Maker of Realities	Chronomancer	Class	707656	SpendCircle
6214	Ahead of the Game	Chronomancer	Class	560948	SpendCircle
6215	Timekeeper	Chronomancer	Class	680845	SpendCircle
12215	Procrastination	Chronomancer	Class	520854	SpendCircle
6199	Entropy Reversal	Chronomancer	Class	520780	SpendCircle
9547	Timewalking	Chronomancer	Class	572527	SpendCircle
30267	Tripping the Rift	Chronomancer	Class	520173	SpendCircle
31335	Life Cycles	Chronomancer	Class	680808	SpendCircle
7915	Infinite Shield	Chronomancer	Class	520457	SpendSquare
6194	The Bieko Effect	Chronomancer	Class	706099	SpendCircle
30257	Gravity Bomb	Chronomancer	Class	801281	SpendSquare
7916	Infinity	Chronomancer	Class	706128	SpendCircle
6221	Mass Babify	Chronomancer	Class	520855	SpendSquare
29684	Dimensional Divergence	Chronomancer	Class	802790	SpendSquare
6223	Chaos Omen	Chronomancer	Class	706063	SpendCircle
6195	Charm of Power	Chronomancer	Class	706100	SpendCircle
7750	Sanguine Essence	SonOfArugal	Fleshweaver	505188	SpendSquare
9905	Pooled Vitality	SonOfArugal	Fleshweaver	681078	SpendCircle
7681	Consolidation	SonOfArugal	Fleshweaver	706603	SpendCircle
7435	Raging Hunger	SonOfArugal	Fleshweaver	681336	SpendCircle
7677	Dark Liturgy	SonOfArugal	Fleshweaver	800781	SpendSquare
7443	Gift of Lana'thel	SonOfArugal	Fleshweaver	706598,707864	SpendCircle
7447	Vampyr's Kiss	SonOfArugal	Fleshweaver	504275	SpendSquare
11206	Fleshbending	SonOfArugal	Fleshweaver	680684	SpendCircle
11237	Invigorated Flesh	SonOfArugal	Fleshweaver	704632	SpendCircle
7694	Dark Blood	SonOfArugal	Fleshweaver	804807,807919	SpendCircle
7440	Organ Orbs	SonOfArugal	Fleshweaver	807490	SpendCircle
7668	Lingering Essence	SonOfArugal	Fleshweaver	680695	SpendCircle
7438	Dark Essence	SonOfArugal	Fleshweaver	680732	SpendCircle
7433	Infuse	SonOfArugal	Fleshweaver	681403	SpendSquare
4355	Gruesome Rituals	SonOfArugal	Fleshweaver	680696	SpendCircle
7450	Crimson Tide	SonOfArugal	Fleshweaver	504282	SpendSquare
7449	Black Heart	SonOfArugal	Fleshweaver	680731	SpendCircle
9906	Blood-Cursed Weapons	SonOfArugal	Fleshweaver	684331	SpendCircle
12906	Blood-Cursed Armor	SonOfArugal	Fleshweaver	685028	SpendCircle
7445	Hemal Excision	SonOfArugal	Fleshweaver	803681	SpendSquare
7751	Universal Donor	SonOfArugal	Fleshweaver	806428	SpendCircle
11251	Acquired Taste	SonOfArugal	Fleshweaver	807566	SpendCircle
7436	Aortic Aegis	SonOfArugal	Fleshweaver	806274	SpendCircle
7437	Sovereignty	SonOfArugal	Fleshweaver	806049	SpendCircle
7669	Arterial Bind	SonOfArugal	Fleshweaver	681077	SpendSquare
7448	Dissipation	SonOfArugal	Fleshweaver	680730,681491	SpendCircle
7752	Heart Rupturer	SonOfArugal	Fleshweaver	680685	SpendCircle
7880	Vitality For Later	SonOfArugal	Fleshweaver	681026	SpendCircle
13435	Waves of Blood	SonOfArugal	Fleshweaver	681427	SpendCircle
7680	Spice of Life	SonOfArugal	Fleshweaver	680823	SpendCircle
4906	Cursed Blood	SonOfArugal	Fleshweaver	681792	SpendCircle
11906	Heartbreak	SonOfArugal	Fleshweaver	520314	SpendSquare
7434	Blood Redistribution	SonOfArugal	Fleshweaver	706256	SpendCircle
5444	Sanguine Scion	SonOfArugal	Fleshweaver	807292	SpendCircle
7444	Crimson Scion	SonOfArugal	Fleshweaver	806424	SpendCircle
30401	Excess Blood	SonOfArugal	Fleshweaver	504100	SpendCircle
7439	Flesh Foundry	SonOfArugal	Fleshweaver	704633	SpendCircle
7691	Gorge	SonOfArugal	Fleshweaver	804805	SpendSquare
7754	Darkfallen Lament	SonOfArugal	Fleshweaver	680828	SpendSquare
4916	Red Thirst	SonOfArugal	Fleshweaver	520493	SpendSquare
11916	Purify Blood	SonOfArugal	Fleshweaver	680679	SpendSquare
30400	Hemoglobe	SonOfArugal	Fleshweaver	524907	SpendSquare
7679	Adrenaline Boost	SonOfArugal	Fleshweaver	680675	SpendCircle
7695	Bloodcraft	SonOfArugal	Fleshweaver	680733	SpendCircle
30191	Rotclaw	SonOfArugal	Eternal	804197	SpendSquare
4027	Eternal Curse	SonOfArugal	Eternal	92114	SpendCircle
6881	Heightened Reflexes	SonOfArugal	Eternal	704627,704628	SpendCircle
33683	Thick Pelt	SonOfArugal	Eternal	704626	SpendCircle
33682	Eternal Hunt	SonOfArugal	Eternal	804201	SpendCircle
30194	Enduring	SonOfArugal	Eternal	300585	SpendCircle
34633	Eternal Resolve	SonOfArugal	Eternal	801962	SpendSquare
4627	Uncanny Movement	SonOfArugal	Eternal	301064	SpendCircle
30198	Blood Howl	SonOfArugal	Eternal	800782	SpendSquare
13684	Coated In Blood	SonOfArugal	Eternal	707626	SpendCircle
33684	Coated In Darkness	SonOfArugal	Eternal	704625	SpendCircle
29541	Bloodguard	SonOfArugal	Eternal	570746	SpendCircle
33681	Packleader	SonOfArugal	Eternal	504290	SpendCircle
6769	Vitality	SonOfArugal	Eternal	704166	SpendCircle
29872	Monstrous Howl	SonOfArugal	Eternal	804811	SpendSquare
7379	Shadows In The Night	SonOfArugal	Eternal	704662	SpendCircle
12379	Blood Moon	SonOfArugal	Eternal	707623	SpendCircle
33705	Uncanny Speed	SonOfArugal	Eternal	807491	SpendCircle
4629	Feral Strength	SonOfArugal	Eternal	704661	SpendCircle
9705	Night Hunter's Howl	SonOfArugal	Eternal	500124	SpendSquare
33675	Blood Plague	SonOfArugal	Eternal	575335	SpendCircle
30192	Festering Maw	SonOfArugal	Eternal	706683	SpendCircle
29544	No Mercy	SonOfArugal	Eternal	704660	SpendCircle
30196	Petrified Legions	SonOfArugal	Eternal	500012	SpendCircle
33704	Rabid	SonOfArugal	Eternal	705732	SpendCircle
33680	Appetite for Blood	SonOfArugal	Eternal	560479	SpendCircle
13706	Blood Mark	SonOfArugal	Eternal	707624	SpendCircle
33706	Dark Mark	SonOfArugal	Eternal	705731	SpendCircle
33717	Cursed Strikes	SonOfArugal	Eternal	300982,301363	SpendCircle
9418	Enraging Wounds	SonOfArugal	Eternal	300978	SpendCircle
34974	Grim Omen	SonOfArugal	Eternal	800154	SpendCircle
30224	Eternal Presence	SonOfArugal	Eternal	560001	SpendCircle
6463	Rejuvenating Shadows	SonOfArugal	Eternal	704623	SpendCircle
30193	Infection	SonOfArugal	Eternal	704624	SpendCircle
33714	Screech of the Darkwing	SonOfArugal	Eternal	300260	SpendCircle
30402	Enraging Howls	SonOfArugal	Eternal	800766	SpendCircle
30195	Iron Claws	SonOfArugal	Eternal	572783	SpendCircle
4305	Bloodmoon Strength	SonOfArugal	Eternal	578120	SpendCircle
30190	Eyes In The Night	SonOfArugal	Eternal	801959	SpendCircle
33716	Shadow Strength	SonOfArugal	Eternal	801960	SpendCircle
31247	Bloody Claws	SonOfArugal	Eternal	572800	SpendCircle
29543	Scarlet Delirium	SonOfArugal	Class	801074	SpendSquare
29629	Fleshcraft	SonOfArugal	Class	801952	SpendSquare
31117	Blood Pact	SonOfArugal	Class	801955	SpendSquare
7288	Night Stalker	SonOfArugal	Class	807774	SpendCircle
29871	Alacrity	SonOfArugal	Class	504285,504893	SpendCircle
5384	Blood Runs Cold	SonOfArugal	Class	560257	SpendCircle
34628	Bloody Sacrifice	SonOfArugal	Class	705742	SpendCircle
8352	Dark Curse	SonOfArugal	Class	704649,560252	SpendCircle
33688	Liquify	SonOfArugal	Class	806310	SpendSquare
6630	Blood Rush	SonOfArugal	Class	560254	SpendCircle
33715	Shadow Howl	SonOfArugal	Class	806177	SpendSquare
7661	Blood Clot	SonOfArugal	Class	680657	SpendCircle
11661	Mucking Around	SonOfArugal	Class	681444	SpendCircle
7289	Bloodbender	SonOfArugal	Class	704635	SpendCircle
7287	Hemostasis	SonOfArugal	Class	681304	SpendSquare
30846	Mortal Wounds	SonOfArugal	Class	504292	SpendCircle
8357	Crimson Etchings	SonOfArugal	Class	570735	SpendCircle
12357	Bloodbound Etchings	SonOfArugal	Class	570758	SpendCircle
30334	Veins of Vengeance	SonOfArugal	Class	560074	SpendCircle
6629	Dark Mending	SonOfArugal	Class	561278	SpendCircle
34965	Saturating Sutures	SonOfArugal	Class	504098	SpendCircle
29484	Blood Moon	SonOfArugal	Class	804199	SpendCircle
7285	Infected Blood	SonOfArugal	Class	805035	SpendCircle
34969	Blood Veil	SonOfArugal	Class	504263	SpendSquare
5907	Easy Prey	SonOfArugal	Class	704621	SpendCircle
29173	Wicked Howl	SonOfArugal	Class	804207	SpendSquare
7283	Vampiric Pools	SonOfArugal	Class	504088	SpendCircle
29876	Bloodmoon Power	SonOfArugal	Class	801961	SpendCircle
33737	Adrenaline	SonOfArugal	Class	300986	SpendCircle
9970	Life Scent	SonOfArugal	Class	706617	SpendCircle
5354	Visceral Magic	SonOfArugal	Class	707371	SpendCircle
7354	Coagulation	SonOfArugal	Class	706258	SpendCircle
34963	Crimson Curse	SonOfArugal	Class	706656	SpendCircle
4969	Bloodleaper	SonOfArugal	Class	806423	SpendCircle
8191	Everhungry	SonOfArugal	Class	804599	SpendCircle
34964	Predator	SonOfArugal	Class	300590	SpendCircle
31215	Blood Trails	SonOfArugal	Class	804858	SpendCircle
34966	Transfusion	SonOfArugal	Class	705734	SpendSquare
29370	Nightmare	SonOfArugal	Class	300226	SpendCircle
8215	Blood Bond	SonOfArugal	Class	504627	SpendSquare
31175	Transgression	SonOfArugal	Sanguine	504728	SpendSquare
4525	Vampiric Fang	SonOfArugal	Sanguine	804726	SpendSquare
4025	Thirst	SonOfArugal	Sanguine	92112	SpendCircle
30360	Valanar's Vengeance	SonOfArugal	Sanguine	560315	SpendSquare
29195	Atherann's Wickedness	SonOfArugal	Sanguine	704642,707865	SpendCircle
6410	Fearmonger	SonOfArugal	Sanguine	501132	SpendCircle
4526	Cunning of Atherann	SonOfArugal	Sanguine	706599	SpendCircle
11324	Blood Constructor	SonOfArugal	Sanguine	561196	SpendCircle
29628	Aneurysm	SonOfArugal	Sanguine	806099	SpendSquare
33690	Darkfallen's Embrace	SonOfArugal	Sanguine	560261,561348	SpendCircle
6405	Blood Banquet	SonOfArugal	Sanguine	560250,561347	SpendCircle
33692	The Cup Runneth Over	SonOfArugal	Sanguine	807544	SpendCircle
7293	Lifedrinker	SonOfArugal	Sanguine	802576	SpendCircle
6847	Essence Harvester	SonOfArugal	Sanguine	806421	SpendCircle
12304	Night Feast	SonOfArugal	Sanguine	563736	SpendCircle
7305	Blood Prince's Command	SonOfArugal	Sanguine	704641	SpendCircle
33698	Swarm of Flies	SonOfArugal	Sanguine	704646	SpendCircle
11528	Bloodsores	SonOfArugal	Sanguine	805591	SpendCircle
7762	Malediction	SonOfArugal	Sanguine	800776	SpendSquare
6633	Atherann's Anguish	SonOfArugal	Sanguine	680680	SpendSquare
7672	Keleseth's Calamity	SonOfArugal	Sanguine	560249	SpendSquare
30676	Hematoma	SonOfArugal	Sanguine	504758,504896	SpendCircle
30952	Dominion of Blood	SonOfArugal	Sanguine	680716	SpendCircle
30950	Dark Presence	SonOfArugal	Sanguine	300957	SpendCircle
6408	Twisted Magic	SonOfArugal	Sanguine	704634	SpendCircle
6627	Bloodwell Eruption	SonOfArugal	Sanguine	560072	SpendCircle
11627	Cursed Ground	SonOfArugal	Sanguine	561195	SpendCircle
7463	Blood Parasites	SonOfArugal	Sanguine	802315	SpendCircle
4528	Reckless Abandon	SonOfArugal	Sanguine	504252	SpendCircle
7670	Blood Craving	SonOfArugal	Sanguine	800780	SpendSquare
7304	Vampyr Lord	SonOfArugal	Sanguine	560259	SpendCircle
7342	Enthraller	SonOfArugal	Sanguine	706619	SpendCircle
33695	Blood Lord	SonOfArugal	Sanguine	704636,707866	SpendCircle
7674	Cardiac Arrest	SonOfArugal	Sanguine	806944	SpendCircle
6634	Agonizing Pain	SonOfArugal	Sanguine	680745	SpendCircle
5563	Crimson Terror	SonOfArugal	Sanguine	560073	SpendCircle
12448	Thirst for Blood	SonOfArugal	Sanguine	570023	SpendCircle
6656	The Council Assembled	SonOfArugal	Sanguine	504103	SpendCircle
29630	Sacrificial Rite	SonOfArugal	Sanguine	800785	SpendSquare
7676	Torture	SonOfArugal	Sanguine	504071	SpendCircle
29485	Accursed Form	SonOfArugal	Accursed	504710	SpendSquare
4026	Unchained	SonOfArugal	Accursed	92113	SpendHex
33745	Reave	SonOfArugal	Accursed	800490	SpendSquare
6328	Puncturing Fangs	SonOfArugal	Accursed	804604	SpendCircle
7318	Fang Over Fang	SonOfArugal	Accursed	504116	SpendCircle
33709	Barely Human	SonOfArugal	Accursed	504254,504894	SpendCircle
4127	Forbidden Power	SonOfArugal	Accursed	500445	SpendHex
30290	Veinburst	SonOfArugal	Accursed	504260	SpendSquare
12896	Shadow Pact	SonOfArugal	Accursed	561227	SpendCircle
30291	Dark Pact	SonOfArugal	Accursed	560256	SpendCircle
7295	Rage	SonOfArugal	Accursed	504241,504895	SpendCircle
7297	Aortic Assault	SonOfArugal	Accursed	806212	SpendSquare
33701	Terrorizer	SonOfArugal	Accursed	806210	SpendCircle
33741	Sanguine Scripture	SonOfArugal	Accursed	804851	SpendCircle
33707	Dark Hunt	SonOfArugal	Accursed	705733	SpendCircle
11419	Gore Tome	SonOfArugal	Accursed	807788	SpendCircle
30419	Leeching Tome	SonOfArugal	Accursed	807489	SpendCircle
11444	Dark Intent	SonOfArugal	Accursed	707622	SpendCircle
30294	Cruel Intent	SonOfArugal	Accursed	704653	SpendCircle
4128	Blood Shards	SonOfArugal	Accursed	804849	SpendHex
29878	Cursed Blood	SonOfArugal	Accursed	707435	SpendCircle
30292	Corrupted Blood	SonOfArugal	Accursed	704692	SpendCircle
6848	Bloodsurge	SonOfArugal	Accursed	553267	SpendSquare
30848	Dark Sigil	SonOfArugal	Accursed	560535	SpendCircle
33708	Gore Barrage	SonOfArugal	Accursed	807345	SpendCircle
7303	Crimson Expedition	SonOfArugal	Accursed	523727	SpendCircle
33744	Killer Instinct	SonOfArugal	Accursed	704690	SpendCircle
30864	Crimson Feast	SonOfArugal	Accursed	804602	SpendCircle
7411	Endure the Curse	SonOfArugal	Accursed	681190	SpendSquare
7294	Dark Frenzy	SonOfArugal	Accursed	704644	SpendCircle
30293	Clotting	SonOfArugal	Accursed	704115	SpendCircle
4129	Relentless	SonOfArugal	Accursed	704652	SpendHex
33746	Everlasting Hunt	SonOfArugal	Accursed	804686	SpendCircle
30420	One Man's Curse...	SonOfArugal	Accursed	680661	SpendCircle
30202	Battleweaver	SonOfArugal	Accursed	801963	SpendCircle
33742	Inhumane	SonOfArugal	Accursed	807488	SpendCircle
7662	Night Hunter	SonOfArugal	Accursed	704659	SpendCircle
31251	Blood Scent	SonOfArugal	Accursed	804223	SpendCircle
6510	Ultra Instinct	SonOfArugal	Accursed	704654	SpendCircle
4306	The Hunter and the Hunted	SonOfArugal	Accursed	807487	SpendHex
30421	Hemoburst	SonOfArugal	Accursed	572855	SpendSquare
30418	Final Embrace	SonOfArugal	Accursed	524865	SpendSquare
30342	Darkcasting	SonOfArugal	Accursed	706247	SpendCircle
31179	Ravage	Ranger	Brigand	803851	SpendSquare
4029	Ravager	Ranger	Brigand	92116	SpendCircle
1389	Banditry	Ranger	Brigand	520574,520879	SpendCircle
29328	Knuckleduster	Ranger	Brigand	806957	SpendCircle
34166	Jagged Cuts	Ranger	Brigand	807668	SpendCircle
12449	Assassin	Ranger	Brigand	807626	SpendCircle
29449	Excessive But Necessary	Ranger	Brigand	804939	SpendCircle
6672	Close Quarters	Ranger	Brigand	301146,301248	SpendCircle
31357	Beatdown	Ranger	Brigand	705047	SpendCircle
5430	Assault	Ranger	Brigand	803108	SpendSquare
30049	Dirty Blades	Ranger	Brigand	680276	SpendSquare
6673	Bounty Hunter	Ranger	Brigand	803114	SpendCircle
34139	Dice Games	Ranger	Brigand	801438	SpendCircle
30461	Hookshot	Ranger	Brigand	800360	SpendSquare
6671	Highwayman	Ranger	Brigand	707744	SpendCircle
30459	Ambuscade	Ranger	Brigand	705053	SpendCircle
3871	Rub It In	Ranger	Brigand	705085	SpendCircle
7428	Throatpunch	Ranger	Brigand	500617	SpendSquare
8010	Trueshot Lodge Training	Ranger	Brigand	803113,803855	SpendCircle
6676	Focused Fighter	Ranger	Brigand	807206	SpendCircle
34175	Wild Man	Ranger	Brigand	560344	SpendCircle
7048	Assassin	Ranger	Brigand	803871	SpendCircle
34141	Stalker	Ranger	Brigand	561110	SpendCircle
6675	'Tactical' Advantage	Ranger	Brigand	706748	SpendCircle
29701	Quills	Ranger	Brigand	560966	SpendSquare
34140	Underhanded	Ranger	Brigand	705061,707884	SpendCircle
13164	Polearm Craft	Ranger	Brigand	707885	SpendCircle
34164	Pilfering	Ranger	Brigand	705087	SpendCircle
9275	Lacerations	Ranger	Brigand	573044	SpendCircle
11349	Quick-Witted	Ranger	Brigand	704311	SpendCircle
11167	Tip of the Spear	Ranger	Brigand	807023	SpendCircle
34167	Marked for Death	Ranger	Brigand	806973	SpendCircle
1387	Guile of the Cutthroat	Ranger	Brigand	560531	SpendCircle
1388	Dirty Fighter	Ranger	Brigand	806978	SpendCircle
5045	Outmaneuver	Ranger	Brigand	557325	SpendSquare
34176	Stonemason's Secret	Ranger	Brigand	524654	SpendCircle
9277	Dastardly	Ranger	Brigand	706483	SpendCircle
7429	Viper's Bite	Ranger	Brigand	803104	SpendSquare
17429	Skewer	Ranger	Brigand	800093	SpendSquare
30045	Instinctual Combatant	Ranger	Brigand	707319	SpendCircle
30462	Barbed Quills	Ranger	Brigand	800077	SpendCircle
29144	Crippling Shot	Ranger	Class	804725	SpendSquare
30352	Survival Potion	Ranger	Class	802839	SpendSquare
29337	Knockout	Ranger	Class	801435	SpendSquare
30351	Improved Waterskins	Ranger	Class	573057	SpendCircle
7258	Survival Kit	Ranger	Class	504329	SpendCircle
6670	Elusive Character	Ranger	Class	560340	SpendCircle
34169	Snapseed	Ranger	Class	804027	SpendSquare
29416	Grace	Ranger	Class	705092,707848,712477	SpendCircle
34172	Cutthroat	Ranger	Class	800359	SpendSquare
34171	Resourceful	Ranger	Class	504008	SpendCircle
29331	Briar Veil	Ranger	Class	800084	SpendSquare
34159	Deft Hands	Ranger	Class	707417	SpendCircle
34168	Camper	Ranger	Class	705026	SpendCircle
34157	Pinpoint Accuracy	Ranger	Class	801468	SpendCircle
7791	Survival Expert	Ranger	Class	560959	SpendCircle
30051	Dirty Fighter	Ranger	Class	705044	SpendCircle
6682	Outlaw	Ranger	Class	706277	SpendCircle
30053	Woodland Adept	Ranger	Class	570015	SpendSquare
5908	Bloody Focus	Ranger	Class	520804	SpendCircle
7908	No Mercy	Ranger	Class	520581	SpendCircle
7790	Blur	Ranger	Class	520369	SpendCircle
34188	Snatch	Ranger	Class	803115	SpendSquare
6347	Sly	Ranger	Class	560339	SpendCircle
5311	Endurance Training	Ranger	Class	705039	SpendCircle
6946	Adrenaline Rush	Ranger	Class	520578	SpendSquare
1906	Guise	Ranger	Class	520753	SpendSquare
4936	Lethal Cunning	Ranger	Class	704320	SpendCircle
6782	Whats Yours Is Mine	Ranger	Class	560495	SpendCircle
9782	Grappling Arrows	Ranger	Class	561106	SpendCircle
4186	Double The Pace	Ranger	Class	705031	SpendCircle
6938	Surefooted	Ranger	Class	560814	SpendCircle
12938	Heightened Senses	Ranger	Class	561320	SpendCircle
30050	Woodland Stalker	Ranger	Class	705034	SpendCircle
6945	Natural Disguise	Ranger	Class	520585	SpendSquare
7906	Guile of the Ranger	Ranger	Class	520353	SpendCircle
6947	Forest Dweller	Ranger	Class	524864	SpendCircle
4156	Elven Tactics	Ranger	Class	560701	SpendCircle
34156	Rapid Strikes	Ranger	Class	560341	SpendCircle
6952	Onslaught	Ranger	Class	801951	SpendSquare
31133	Falconstrike	Ranger	Farstrider	573060	SpendSquare
4030	Dream Flowers	Ranger	Farstrider	92117	SpendCircle
30926	Cunning	Ranger	Farstrider	520615,520878	SpendCircle
7050	Blow the Horns!	Ranger	Farstrider	573042,573074	SpendCircle
34181	Falcon's Call	Ranger	Farstrider	804715	SpendSquare
34184	Backstep	Ranger	Farstrider	800685	SpendSquare
30932	Woodland Arrow	Ranger	Farstrider	806368	SpendSquare
6955	Horn of War	Ranger	Farstrider	800086	SpendSquare
11255	Battle Prowess	Ranger	Farstrider	805888	SpendCircle
8358	Falcon Charmer	Ranger	Farstrider	705076	SpendCircle
4631	Survivalist	Ranger	Farstrider	707418	SpendCircle
34147	Quel'dorei Poison	Ranger	Farstrider	560802	SpendCircle
6436	War Falconer	Ranger	Farstrider	705067	SpendCircle
11336	Aerial Assault	Ranger	Farstrider	705068	SpendCircle
6437	Falcon Guide	Ranger	Farstrider	520586	SpendCircle
11437	Scavenger	Ranger	Farstrider	520834	SpendCircle
19631	Emerald Arrow	Ranger	Farstrider	804712	SpendSquare
29631	Falcon Diving	Ranger	Farstrider	520783	SpendCircle
34201	Forest Fighter	Ranger	Farstrider	706282	SpendCircle
11955	Gutpiercer	Ranger	Farstrider	573059	SpendCircle
11956	Battle Screech	Ranger	Farstrider	705070	SpendSquare
34199	Dragonhawk Tamer	Ranger	Farstrider	573056	SpendCircle
34192	Windrunner's Reach	Ranger	Farstrider	573043,573069	SpendCircle
34185	Forest Herald	Ranger	Farstrider	800150	SpendCircle
5431	Wingman	Ranger	Farstrider	705098	SpendCircle
11431	Guidance	Ranger	Farstrider	532261	SpendCircle
5054	Venom-Coated Seeds	Ranger	Farstrider	807459	SpendCircle
4554	Freedom	Ranger	Farstrider	520628	SpendSquare
34195	Falcon's Aid	Ranger	Farstrider	705075	SpendCircle
30924	Highlander	Ranger	Farstrider	707534	SpendCircle
11930	Defense of the Ancients	Ranger	Farstrider	705094	SpendCircle
30930	Horn of Alacrity	Ranger	Farstrider	806360	SpendSquare
34179	Phoenix Plumes	Ranger	Farstrider	705074	SpendCircle
34196	Razorquills	Ranger	Farstrider	705072	SpendCircle
9274	Thread The Needle	Ranger	Farstrider	524831	SpendCircle
3924	To The Skies!	Ranger	Farstrider	301365	SpendCircle
6346	Hunting Tactics	Ranger	Farstrider	300897	SpendCircle
30931	Pecking	Ranger	Farstrider	570737	SpendCircle
30925	Plumes of War	Ranger	Farstrider	705071	SpendCircle
30929	Whipvine Arrow	Ranger	Farstrider	806342	SpendSquare
10054	Frenzy	Ranger	Farstrider	520492	SpendSquare
30054	Command Aura	Ranger	Farstrider	524600	SpendSquare
34182	Coordination	Ranger	Farstrider	520621	SpendCircle
34180	Thalassian Brand	Ranger	Farstrider	560805	SpendSquare
9454	Petalkeeper	Ranger	Farstrider	520925	SpendCircle
31178	Precision Shot	Ranger	Archery	500075	SpendSquare
4028	Skirmisher	Ranger	Archery	92115	SpendCircle
34151	Devastating Shots	Ranger	Archery	705032,707849	SpendCircle
31283	Studded Arrows	Ranger	Archery	300706,301359	SpendCircle
34153	Improved Serrated Shot	Ranger	Archery	707888	SpendCircle
7787	Skirmish	Ranger	Archery	802039	SpendSquare
31284	Opportunist	Ranger	Archery	807493	SpendCircle
4429	Sniper's Focus	Ranger	Archery	680470	SpendCircle
7788	Boots of Elvenkind	Ranger	Archery	704317	SpendCircle
29447	Deadeye	Ranger	Archery	300700	SpendCircle
29660	Hunting Shot	Ranger	Archery	801191	SpendSquare
8009	A Quick Demise	Ranger	Archery	560810	SpendCircle
29914	Maximum Power	Ranger	Archery	560688	SpendCircle
34136	Deadshot	Ranger	Archery	520227	SpendSquare
34148	Neurotoxin Arrow	Ranger	Archery	500071	SpendSquare
4430	Nimble	Ranger	Archery	301066	SpendCircle
29148	Hunting with Precision	Ranger	Archery	524867	SpendCircle
30350	Serrations	Ranger	Archery	705050,707850	SpendCircle
7789	Swiftshot	Ranger	Archery	705028	SpendCircle
30046	Corrosive Shot	Ranger	Archery	572372	SpendCircle
34155	Superb Shot	Ranger	Archery	301249	SpendCircle
30180	Lethal Wounds	Ranger	Archery	705055	SpendCircle
7905	Mortal Shots	Ranger	Archery	707380	SpendCircle
6944	An Arrow for Everything	Ranger	Archery	560812	SpendCircle
34152	New-Age Archery	Ranger	Archery	704312	SpendCircle
4431	Bleeding Edge	Ranger	Archery	300460	SpendCircle
34137	Hawkeye	Ranger	Archery	800358	SpendCircle
34133	Strike Where It Hurts	Ranger	Archery	804178	SpendCircle
6348	Archery Master	Ranger	Archery	706281	SpendCircle
4794	Light Arrows	Ranger	Archery	681292	SpendCircle
7794	Masterful Archery	Ranger	Archery	680469	SpendCircle
6941	Pierced	Ranger	Archery	705033	SpendCircle
7904	Incendiary Shot	Ranger	Archery	524870	SpendSquare
31281	Pathfinder	Ranger	Archery	706284	SpendCircle
7793	Headshots Only	Ranger	Archery	680931	SpendCircle
7952	Sharpshooter	Ranger	Archery	582855	SpendCircle
31280	Elven Enchantments	Ranger	Archery	705054	SpendCircle
7551	Silent, But Deadly	Ranger	Archery	524873	SpendCircle
12551	One Shot, One Kill	Ranger	Archery	525048	SpendCircle
7792	Brutal Shot	Ranger	Archery	570014	SpendSquare
5744	Decapitate	Barbarian	Brutality	804414	SpendSquare
4001	Excessive Power	Barbarian	Brutality	92081	SpendCircle
6744	Beheader	Barbarian	Brutality	705222	SpendCircle
30792	Reckless Movements	Barbarian	Brutality	705204	SpendCircle
29281	Killing Spree	Barbarian	Brutality	850021	SpendSquare
6742	Pure Power	Barbarian	Brutality	705173,707761	SpendCircle
9170	Relentless	Barbarian	Brutality	300505	SpendCircle
34268	Brutal Swing	Barbarian	Brutality	500913	SpendSquare
29791	Overkill	Barbarian	Brutality	560444	SpendCircle
31151	Crush	Barbarian	Brutality	500915	SpendSquare
6750	Bloody Fighter	Barbarian	Brutality	705167,707760	SpendCircle
6350	Headlopper	Barbarian	Brutality	300499	SpendCircle
30042	Spiked Weapons	Barbarian	Brutality	705186	SpendCircle
6739	Horde Breaker	Barbarian	Brutality	804745	SpendCircle
12739	Power Swings	Barbarian	Brutality	707762	SpendCircle
4720	Thirst for Battle	Barbarian	Brutality	570236	SpendCircle
30760	Rancor	Barbarian	Brutality	704876	SpendCircle
34271	Battering Ram	Barbarian	Brutality	561326,561331	SpendCircle
14265	Crusher	Barbarian	Brutality	807183	SpendCircle
34265	Hail of Hammers	Barbarian	Brutality	807047	SpendCircle
6834	Anger Issues	Barbarian	Brutality	560450	SpendCircle
30377	Whirling Assault	Barbarian	Brutality	560563	SpendCircle
34266	Efficient Killer	Barbarian	Brutality	803085	SpendCircle
6737	Mounting Fury	Barbarian	Brutality	805927	SpendCircle
12737	Savage	Barbarian	Brutality	560441	SpendCircle
33958	Ancestral Trauma	Barbarian	Brutality	560446	SpendCircle
14171	Ogre's Strength	Barbarian	Brutality	561160	SpendCircle
34313	Reckful	Barbarian	Brutality	681063,681466	SpendCircle
2277	Incredibly Strong	Barbarian	Brutality	804749	SpendCircle
12277	Giant Tosser	Barbarian	Brutality	807863	SpendCircle
30374	Symbol of the Warspear	Barbarian	Brutality	804730	SpendCircle
34274	Brutal Spirit	Barbarian	Brutality	706653	SpendCircle
13958	Crusher	Barbarian	Brutality	803817,807875	SpendCircle
6706	Maximum Carnage	Barbarian	Brutality	561359	SpendCircle
29514	Storm of Steel	Barbarian	Brutality	800637	SpendSquare
9171	Body Builder	Barbarian	Brutality	706481	SpendCircle
30378	Steelslinger	Barbarian	Brutality	804750	SpendCircle
6740	Utter Devastation	Barbarian	Brutality	560910	SpendCircle
34314	Steel Fury	Barbarian	Brutality	704240	SpendCircle
6741	Sustaining Swings	Barbarian	Brutality	520539	SpendCircle
30162	Maiming Spear	Barbarian	Class	804139	SpendSquare
29783	Jawbreaker	Barbarian	Class	802792	SpendSquare
30762	Ancestral Roar	Barbarian	Class	500918	SpendSquare
34291	Unrelenting	Barbarian	Class	705169	SpendCircle
34277	Savage Strength	Barbarian	Class	560886,561323	SpendCircle
14277	One With The Ancestors	Barbarian	Class	560452,560889	SpendCircle
34279	Athleticism	Barbarian	Class	560456	SpendCircle
6802	Strength of Goria	Barbarian	Class	705202	SpendCircle
6462	Unstoppable Rage	Barbarian	Class	706353	SpendCircle
6790	War Tales	Barbarian	Class	706352	SpendCircle
29793	Headhunter's Spear	Barbarian	Class	804137	SpendSquare
30870	Defiance	Barbarian	Class	806228	SpendSquare
7720	Warband	Barbarian	Class	560883	SpendSquare
34299	Dauntless	Barbarian	Class	804746	SpendCircle
6844	Savagery	Barbarian	Class	800943	SpendCircle
14304	Savage Cadence	Barbarian	Class	807861	SpendCircle
6871	Knockout Artist	Barbarian	Class	705196	SpendCircle
4297	Bloodbound	Barbarian	Class	801767	SpendCircle
12770	Rage Whirling	Barbarian	Class	561321	SpendCircle
30770	Forward Advance	Barbarian	Class	707207	SpendCircle
12563	Skull Smash	Barbarian	Class	560532	SpendSquare
11302	Bloody Onslaught	Barbarian	Class	707583	SpendCircle
34302	Rapid Recovery	Barbarian	Class	705171	SpendCircle
6374	Thick Skull	Barbarian	Class	801549	SpendSquare
34276	Bellowing Voice	Barbarian	Class	561322	SpendCircle
34303	Blood and Glory	Barbarian	Class	805821	SpendCircle
11168	Smasher	Barbarian	Class	561394	SpendCircle
13168	Plugging the Hole	Barbarian	Class	561314	SpendCircle
34320	Ogre's Endurance	Barbarian	Class	705206	SpendCircle
29608	Face Smasher	Barbarian	Class	706354	SpendCircle
6753	Drunken Brawler	Barbarian	Class	560364	SpendCircle
12463	Powerful Grip	Barbarian	Class	804728	SpendCircle
5373	Born Killer	Barbarian	Class	800131	SpendCircle
14303	Battle Rhythm	Barbarian	Class	800193	SpendCircle
34295	Iron Gut	Barbarian	Class	707721	SpendCircle
29322	Outrage	Barbarian	Class	801759	SpendSquare
29803	First Blood	Barbarian	Class	560906	SpendCircle
30767	Hodir's Wrath	Barbarian	Class	800152	SpendSquare
7764	Bloodthirsty	Barbarian	Class	300497	SpendCircle
7848	Mak'Gora	Barbarian	Class	561360	SpendCircle
7847	Frozen Warlord	Barbarian	Class	560939	SpendCircle
13572	Keg Smash	Barbarian	Ancestry	805808	SpendSquare
4003	Fill Level	Barbarian	Ancestry	92083	SpendCircle
31153	Ancestor's Call	Barbarian	Ancestry	804729	SpendSquare
34306	Breath of The North	Barbarian	Ancestry	800838	SpendSquare
29284	Ale of The God-King	Barbarian	Ancestry	805780	SpendSquare
9172	Frozen Blades	Barbarian	Ancestry	573256	SpendCircle
11172	Ancestral Wisdom	Barbarian	Ancestry	803511	SpendCircle
34258	Frostbite	Barbarian	Ancestry	705158	SpendCircle
31220	Ancestral Fury	Barbarian	Ancestry	804731	SpendCircle
29799	Ancestral Combat	Barbarian	Ancestry	801782	SpendSquare
34259	Trip to the Alehouse	Barbarian	Ancestry	705152,707766	SpendCircle
34260	Drinking Frenzy	Barbarian	Ancestry	706821	SpendCircle
4354	Frost Giant's Fury	Barbarian	Ancestry	805812	SpendCircle
12153	Frozen Tankard	Barbarian	Ancestry	805815	SpendSquare
29800	Improved Ancestral Combat	Barbarian	Ancestry	705209,705210,707777	SpendCircle
30763	Cheers!	Barbarian	Ancestry	805810	SpendSquare
34263	The Finest Ale	Barbarian	Ancestry	705218	SpendCircle
11257	Crystal Enhancements	Barbarian	Ancestry	707541	SpendCircle
34257	Uniting Voice	Barbarian	Ancestry	705162	SpendCircle
34262	Icebound Ancestry	Barbarian	Ancestry	705216	SpendCircle
34264	Hodir's Revenge	Barbarian	Ancestry	705214	SpendCircle
11219	Thane's Grip	Barbarian	Ancestry	803798	SpendCircle
31219	Thane's Guard	Barbarian	Ancestry	800132	SpendCircle
34304	Liquid Courage	Barbarian	Ancestry	681060	SpendCircle
12261	Breaking Morale	Barbarian	Ancestry	681473	SpendCircle
30386	Ice Cold Bubbles	Barbarian	Ancestry	705161,707778	SpendCircle
30387	Unified Rage	Barbarian	Ancestry	705212	SpendCircle
29348	Blind Stupor	Barbarian	Ancestry	805811	SpendCircle
9861	To The Bone	Barbarian	Ancestry	712673	SpendCircle
30764	Splash Zone	Barbarian	Ancestry	705156	SpendSquare
34305	Drunken Frenzy	Barbarian	Ancestry	572799	SpendCircle
34261	Ancestor's Fury	Barbarian	Ancestry	705168	SpendCircle
30754	Cold Brew	Barbarian	Ancestry	705211	SpendCircle
34309	Ancestral Spirit	Barbarian	Ancestry	705153,705154	SpendCircle
34311	The Spins	Barbarian	Ancestry	705208	SpendCircle
29366	Ramhorn Rage	Barbarian	Ancestry	805804	SpendSquare
29782	War Cry	Barbarian	Ancestry	500995	SpendSquare
12112	Clanlord's Totem	Barbarian	Ancestry	804737	SpendSquare
13111	Tavern Brawl!	Barbarian	Ancestry	804456	SpendSquare
34312	Might of Utgarde	Barbarian	Ancestry	804768	SpendCircle
34307	Rage of the North	Barbarian	Ancestry	705221	SpendCircle
6713	Fury of the North	Barbarian	Ancestry	560938	SpendCircle
7846	Rally Behind Me!	Barbarian	Ancestry	712429	SpendCircle
30163	Berserker Axe	Barbarian	Headhunting	804138	SpendSquare
4002	Headhunter	Barbarian	Headhunting	92082	SpendCircle
6796	You Want Axe?	Barbarian	Headhunting	560564	SpendCircle
34319	Barbed Spear	Barbarian	Headhunting	560881	SpendSquare
31152	Gutspiller	Barbarian	Headhunting	805832	SpendSquare
9192	Savage	Barbarian	Headhunting	705242	SpendCircle
6785	Puncture Wounds	Barbarian	Headhunting	805997	SpendCircle
5318	Strong Arm	Barbarian	Headhunting	705176	SpendCircle
5327	Vital Spirit	Barbarian	Headhunting	805835,807864	SpendCircle
30771	Guts Splatter	Barbarian	Headhunting	560586,561332	SpendCircle
6608	Deep Fury	Barbarian	Headhunting	705240	SpendCircle
34325	Headhunting	Barbarian	Headhunting	500060	SpendCircle
13576	Axe Twirling	Barbarian	Headhunting	800401	SpendSquare
6803	Entrails	Barbarian	Headhunting	705238	SpendCircle
19192	Spear Thrower	Barbarian	Headhunting	574321	SpendCircle
6511	Frothing Savage	Barbarian	Headhunting	705234,707779	SpendCircle
5794	Impaling Spear	Barbarian	Headhunting	500984	SpendSquare
30773	Time To Kill!	Barbarian	Headhunting	926591	SpendCircle
5329	Berserker Rush	Barbarian	Headhunting	560518	SpendSquare
6799	Gruesome	Barbarian	Headhunting	705227,707765	SpendCircle
6797	Spear Shards	Barbarian	Headhunting	805893	SpendCircle
5124	Furious Berserker	Barbarian	Headhunting	707389	SpendCircle
6794	Hunting for Sport	Barbarian	Headhunting	706558	SpendCircle
34293	Vengeance For Zul'jin	Barbarian	Headhunting	560205	SpendCircle
5192	Bloody Fighter	Barbarian	Headhunting	570235	SpendCircle
30166	Legacy of the Amani	Barbarian	Headhunting	706804	SpendCircle
34275	Raging Spirit	Barbarian	Headhunting	707410	SpendCircle
29468	No Survivors	Barbarian	Headhunting	805864	SpendCircle
34326	Manhunter	Barbarian	Headhunting	300879	SpendCircle
5608	To The Bone	Barbarian	Headhunting	560880	SpendCircle
34329	Skullseeker	Barbarian	Headhunting	560517	SpendCircle
7338	Brutal Form	Barbarian	Headhunting	705235	SpendCircle
30167	Berserker	Barbarian	Headhunting	561397	SpendCircle
34321	Payback	Barbarian	Headhunting	705232	SpendCircle
14237	Power Tosser	Barbarian	Headhunting	570242	SpendCircle
6798	Gurubashi Technique	Barbarian	Headhunting	705198	SpendCircle
6801	Sen'jin's Guidance	Barbarian	Headhunting	707661	SpendSquare
7337	Spite	Barbarian	Headhunting	707584	SpendSquare
31173	Sacred Swing	Monk	Oathkeeper	705293	SpendSquare
4023	Keeping the Oath	Monk	Oathkeeper	92109	SpendCircle
34395	Blessed Padding	Monk	Oathkeeper	301311,301360	SpendCircle
29717	Staffguard	Monk	Oathkeeper	705295	SpendCircle
30437	Paragon	Monk	Oathkeeper	706357	SpendCircle
6376	Reckoning	Monk	Oathkeeper	805421	SpendSquare
30436	Bells of Light	Monk	Oathkeeper	801204,803842	SpendCircle
12293	Graceful Fighter	Monk	Oathkeeper	705303	SpendCircle
29712	Sacred Oath	Monk	Oathkeeper	712346	SpendCircle
34385	Sacred Resistance	Monk	Oathkeeper	301309	SpendCircle
34392	Grace of Aman'thul	Monk	Oathkeeper	301059	SpendCircle
34397	Faith Guard	Monk	Oathkeeper	705259	SpendCircle
34386	Absolution	Monk	Oathkeeper	800424	SpendSquare
34391	Conviction	Monk	Oathkeeper	712677	SpendCircle
11294	Holy Books	Monk	Oathkeeper	706468	SpendCircle
34398	Disciplined Mind	Monk	Oathkeeper	680399,681483	SpendCircle
10913	Disciplined Blows	Monk	Oathkeeper	680397	SpendCircle
6862	Call of the Monastery	Monk	Oathkeeper	560550	SpendCircle
7758	Fortified Body	Monk	Oathkeeper	300515	SpendCircle
29473	Holy Warstaff	Monk	Oathkeeper	705307	SpendCircle
34399	Way of the Monk	Monk	Oathkeeper	805420	SpendCircle
30287	Parry Dance	Monk	Oathkeeper	804912	SpendCircle
19451	Justicar of the Light	Monk	Oathkeeper	707663	SpendCircle
30451	Guardian of the Light	Monk	Oathkeeper	707364	SpendCircle
30614	Barrier of Light	Monk	Oathkeeper	805417	SpendSquare
30453	Duty Calls	Monk	Oathkeeper	705286	SpendCircle
11295	Lorescribe	Monk	Oathkeeper	804927	SpendCircle
7483	Spiritual Abdicator	Monk	Oathkeeper	803219	SpendCircle
34400	Untainted	Monk	Oathkeeper	705298	SpendCircle
10363	Patience	Monk	Oathkeeper	712678	SpendCircle
30613	Justice	Monk	Oathkeeper	712437	SpendCircle
34396	Uther's Legacy	Monk	Oathkeeper	706385	SpendCircle
5227	Transcendent Guardian	Monk	Oathkeeper	804571	SpendCircle
7486	Armor of Faith	Monk	Oathkeeper	804930	SpendCircle
30445	Eternal Blessing	Monk	Oathkeeper	705300	SpendSquare
31226	Mending Ward	Monk	Oathkeeper	806273	SpendCircle
31225	Battlepriest	Monk	Oathkeeper	801202	SpendCircle
12295	Light's Ward	Monk	Oathkeeper	300529	SpendCircle
30450	Eternally Devoted	Monk	Oathkeeper	573452	SpendCircle
30615	Tome of Light	Monk	Oathkeeper	805422	SpendSquare
34390	Lightkeeper	Monk	Oathkeeper	560835	SpendCircle
34402	Testament of Fortitude	Monk	Class	500678	SpendSquare
29704	Blade of Faith	Monk	Class	803872	SpendSquare
31314	Divine Force	Monk	Class	806153	SpendSquare
6358	Spiritual	Monk	Class	560833	SpendCircle
34341	Courage	Monk	Class	707754,712466	SpendCircle
34379	Sacred Style	Monk	Class	705278	SpendCircle
6356	Deep Meditation	Monk	Class	300522	SpendCircle
4348	Pious	Monk	Class	706431	SpendCircle
34353	Testament of Hope	Monk	Class	1397742	SpendSquare
34340	Libram of Tenacity	Monk	Class	801461	SpendSquare
5713	Libram of Fervor	Monk	Class	805423	SpendSquare
34356	Holy Crusader	Monk	Class	524747	SpendCircle
34357	Scarlet Judicator	Monk	Class	525024	SpendCircle
34368	Improved Benediction	Monk	Class	705287	SpendCircle
34377	Judicator	Monk	Class	706359	SpendCircle
30611	Liberty	Monk	Class	705266	SpendCircle
29714	Blessed Strikes	Monk	Class	704180	SpendCircle
6924	Interdict	Monk	Class	560116	SpendSquare
6375	Tyr's Guard	Monk	Class	560649	SpendCircle
6355	Sacred Candle	Monk	Class	300501	SpendCircle
34348	Deep Secrets	Monk	Class	705263	SpendCircle
34342	Holy Constitution	Monk	Class	706323	SpendCircle
29706	Martyr	Monk	Class	300530	SpendCircle
6354	Testament of Will	Monk	Class	801455	SpendSquare
34337	Tenacious Defender	Monk	Class	707385	SpendCircle
34345	Sturdy	Monk	Class	681009,681537	SpendCircle
34349	Final Prayer	Monk	Class	705268	SpendCircle
29707	Mark of Aggramar	Monk	Class	804928	SpendCircle
31313	Finesse	Monk	Class	705271,707851	SpendCircle
34347	Judgement of the Gods	Monk	Class	524767	SpendCircle
5156	Determined	Monk	Class	705256	SpendCircle
30063	Profound Enlightenment	Monk	Class	680953	SpendSquare
34350	Sacred Defense	Monk	Class	705306	SpendCircle
7814	Sanctify	Monk	Class	705274	SpendCircle
7775	Pulverizing	Monk	Class	524620	SpendCircle
34352	Silverhand Incantation	Monk	Class	801465	SpendSquare
34375	Binding Scripture	Monk	Class	801457	SpendCircle
29259	Glory	Monk	Class	801481	SpendSquare
31172	Vindication	Monk	Zealot	801446	SpendSquare
4022	Zealotry	Monk	Zealot	92108	SpendCircle
29255	Righteous Upheaval	Monk	Zealot	501562	SpendSquare
6401	Solemn Soldier	Monk	Zealot	572546,572555	SpendCircle
34334	Combat Training	Monk	Zealot	706320	SpendCircle
11288	Calm Combatant	Monk	Zealot	705281	SpendCircle
34355	Oath Flow	Monk	Zealot	705283	SpendCircle
33166	Radiance	Monk	Zealot	706318	SpendCircle
4253	Battle Hardened	Monk	Zealot	706309	SpendCircle
31253	Upheave!	Monk	Zealot	520442	SpendCircle
34338	Martial Paladin	Monk	Zealot	705250,705251	SpendCircle
34339	Bursting Impact	Monk	Zealot	705276	SpendCircle
29715	Libram of Zeal	Monk	Zealot	801466	SpendSquare
30960	Chakra of Power	Monk	Zealot	803158	SpendCircle
9289	Holy Upheaval	Monk	Zealot	572547	SpendCircle
5438	Holy Light	Monk	Zealot	706449	SpendCircle
30438	Light's Guidance	Monk	Zealot	524765	SpendCircle
30449	Blade Sermon	Monk	Zealot	572548,572554	SpendCircle
11455	Paladin Training	Monk	Zealot	504808	SpendCircle
30455	Priest Training	Monk	Zealot	504561	SpendCircle
30066	One-Punch Man	Monk	Zealot	705284	SpendCircle
30836	Chakra of Light	Monk	Zealot	803159,803844	SpendCircle
34346	Force of Golganneth	Monk	Zealot	500694	SpendSquare
34358	Deliverance	Monk	Zealot	704116	SpendCircle
30443	Condemnation	Monk	Zealot	704175	SpendCircle
34359	Iron Penance	Monk	Zealot	523712	SpendCircle
9290	Divine Fury	Monk	Zealot	504107	SpendCircle
30067	Pious Sweep	Monk	Zealot	520034	SpendCircle
31254	Heaven's Finest	Monk	Zealot	806516	SpendCircle
31256	Transcending Strikes	Monk	Zealot	804897	SpendCircle
30070	Devotion of Khaz'goroth	Monk	Zealot	560096	SpendCircle
11384	Fervent Castigation	Monk	Zealot	707606	SpendCircle
34384	Condemnation	Monk	Zealot	706325	SpendCircle
7757	One With The Light	Monk	Zealot	504807	SpendCircle
7813	Might of Aggramar	Monk	Zealot	803163	SpendCircle
34335	Blessing of Eonar	Monk	Zealot	705290	SpendCircle
11290	Unbroken Creed	Monk	Zealot	804932	SpendCircle
9757	Norgannon's Wrath	Monk	Zealot	524739	SpendSquare
31255	Blessing of Aggramar	Monk	Zealot	300502	SpendCircle
29720	Fury of Aggramar	Monk	Zealot	801480	SpendCircle
34372	Righteous Tempest	Monk	Crusader	805409	SpendSquare
4024	Scourgebane	Monk	Crusader	92111	SpendCircle
29708	Argent Blade	Monk	Crusader	804929	SpendSquare
31174	Aggramar's Rage	Monk	Crusader	560650,561346	SpendCircle
30440	Pure Focus	Monk	Crusader	705253,707852	SpendCircle
11287	Light's Chosen	Monk	Crusader	301310	SpendCircle
7822	Warrior of Tyr	Monk	Crusader	301253	SpendCircle
34382	Chivalric	Monk	Crusader	705272	SpendCircle
30965	Warrior of Dawn	Monk	Crusader	560648	SpendCircle
34343	Righteousness	Monk	Crusader	680891	SpendCircle
6861	Paladin Training	Monk	Crusader	520009	SpendCircle
5351	Scarlet Secrets	Monk	Crusader	520812	SpendCircle
6351	Teachings of the Cathedral	Monk	Crusader	520032	SpendCircle
7823	Scourge-Defense Training	Monk	Crusader	520608	SpendCircle
12361	Holy Tempest	Monk	Crusader	301339	SpendCircle
34361	Whirling Tempest	Monk	Crusader	300504	SpendCircle
4287	Scarlet Training	Monk	Crusader	301065	SpendCircle
6920	Tyr's Blessing	Monk	Crusader	705285	SpendCircle
34373	Retribution	Monk	Crusader	707391	SpendCircle
30448	Judgement	Monk	Crusader	300520	SpendCircle
34371	Focused	Monk	Crusader	300524	SpendCircle
7024	Templar's Might	Monk	Crusader	705291	SpendCircle
6566	Crusader's Brand	Monk	Crusader	300513	SpendSquare
6352	Light's Echo	Monk	Crusader	520017,520883	SpendCircle
30608	Divine Charge	Monk	Crusader	527023	SpendSquare
30607	Radiant Blade	Monk	Crusader	524822,525080	SpendCircle
4288	Improved Scarlet Hammer	Monk	Crusader	301254	SpendCircle
34381	Holy Edge	Monk	Crusader	706312,707853	SpendCircle
6567	Holy Combatant	Monk	Crusader	500011	SpendCircle
31312	Serendipity	Monk	Crusader	300929	SpendCircle
34369	Divine Strikes	Monk	Crusader	705255	SpendCircle
30610	Argent Knight	Monk	Crusader	300512	SpendCircle
30963	Testament of Strength	Monk	Crusader	300514	SpendSquare
6921	Legacy of the Silver Hand	Monk	Crusader	806522	SpendCircle
9888	Martial Training	Monk	Crusader	806525	SpendCircle
30439	Templar Rituals	Monk	Crusader	520534	SpendCircle
34366	Titanfall	Monk	Crusader	300607	SpendCircle
4364	Scarlet Champion	Monk	Crusader	805415	SpendCircle
31263	Cloudburst	Stormbringer	Class	801838	SpendSquare
29814	Charge	Stormbringer	Class	804826	SpendSquare
29138	Body of Lightning	Stormbringer	Class	500041	SpendSquare
34924	Wind Shift	Stormbringer	Class	503596,504879	SpendCircle
34693	Arcane Lightning	Stormbringer	Class	300618	SpendCircle
30878	Conjuration Mastery	Stormbringer	Class	300595	SpendCircle
29830	Invigorating Winds	Stormbringer	Class	705661	SpendSquare
6556	Studious	Stormbringer	Class	705657	SpendCircle
29139	Eye of the Storm	Stormbringer	Class	806307	SpendSquare
34694	Airing Out	Stormbringer	Class	705675	SpendCircle
34650	Storm Warning	Stormbringer	Class	567533	SpendCircle
12919	Concentrated Static	Stormbringer	Class	570722	SpendCircle
34919	Altered Course	Stormbringer	Class	707053	SpendCircle
34920	Surge Overload	Stormbringer	Class	300596	SpendCircle
34938	Improved Body of Lightning	Stormbringer	Class	705693	SpendCircle
11926	Ionic Aura	Stormbringer	Class	707652	SpendCircle
34926	Storm Sorcery	Stormbringer	Class	705689	SpendCircle
34931	Aethermancy	Stormbringer	Class	705690,705691	SpendCircle
7858	Eye of the Tornado	Stormbringer	Class	706297	SpendCircle
34912	Storm Chaser	Stormbringer	Class	300612	SpendCircle
34922	Exhale	Stormbringer	Class	705672	SpendSquare
29341	Stormcloak	Stormbringer	Class	804833	SpendSquare
7474	Storm Ascendance	Stormbringer	Class	681110	SpendSquare
29410	Storm Rider	Stormbringer	Class	705677	SpendCircle
34916	Aether Mastery	Stormbringer	Class	807462,807887	SpendCircle
12317	Storm Channeling	Stormbringer	Class	804040	SpendCircle
7029	Magic Elimination	Stormbringer	Class	705668	SpendCircle
13029	Pulse Conversion	Stormbringer	Class	707619	SpendCircle
34956	Spellstorm Mastery	Stormbringer	Class	705659,705660	SpendCircle
34638	Heavy Winds	Stormbringer	Class	567542	SpendCircle
34935	Aviana's Blessing	Stormbringer	Class	705720	SpendCircle
30295	Residual Power	Stormbringer	Class	804605	SpendCircle
34917	Thunder Grip	Stormbringer	Class	301219	SpendCircle
30868	Predictable Weather	Stormbringer	Class	807233	SpendCircle
34695	Lingering Storm	Stormbringer	Class	705652	SpendCircle
30406	Power Surge	Stormbringer	Class	800699	SpendCircle
34915	Fog	Stormbringer	Class	806100	SpendSquare
34690	Waterfall	Stormbringer	Class	806412	SpendCircle
30906	Thunder King	Stormbringer	Class	804591	SpendSquare
31163	Arm of Thorim	Stormbringer	Lightning	801847	SpendSquare
4013	Electrocutioner	Stormbringer	Lightning	92096	SpendCircle
29837	Superconductor	Stormbringer	Lightning	705646	SpendCircle
29833	Forked Lightning	Stormbringer	Lightning	801851	SpendSquare
29290	Volt	Stormbringer	Lightning	500928	SpendSquare
9253	Thunderous	Stormbringer	Lightning	804827	SpendCircle
34692	Thorim's Gift	Stormbringer	Lightning	570173	SpendCircle
34691	Titanic Thunderbolt	Stormbringer	Lightning	705653,707794	SpendCircle
9641	Fulmination	Stormbringer	Lightning	707055,707792	SpendCircle
34641	Improved Forked Lightning	Stormbringer	Lightning	300597	SpendCircle
30126	Electric Energy	Stormbringer	Lightning	804278	SpendCircle
7766	Electrifying Aura	Stormbringer	Lightning	560568	SpendCircle
34673	Tome of Lightning	Stormbringer	Lightning	300606	SpendCircle
9930	Wicked Storms	Stormbringer	Lightning	705650	SpendCircle
9255	Fast as Lightning	Stormbringer	Lightning	570057	SpendCircle
7769	Stormy Days	Stormbringer	Lightning	705655	SpendCircle
34674	Invoking Storms	Stormbringer	Lightning	705667,707793	SpendCircle
7473	Lightning Cage	Stormbringer	Lightning	560030	SpendSquare
34696	Never Strikes Twice?	Stormbringer	Lightning	804828	SpendCircle
34911	Jolt	Stormbringer	Lightning	707054,707859	SpendCircle
6851	Lightning Rod	Stormbringer	Lightning	300609	SpendCircle
34937	Thundershocker	Stormbringer	Lightning	300610	SpendCircle
34646	Storm Barrier	Stormbringer	Lightning	707204	SpendCircle
34930	Critical Circuit	Stormbringer	Lightning	807314	SpendCircle
7763	Sparks	Stormbringer	Lightning	301298	SpendCircle
9755	Piercing Lightning	Stormbringer	Lightning	578302	SpendCircle
30408	High Voltage	Stormbringer	Lightning	570191	SpendCircle
5738	Voltaic Bursts	Stormbringer	Lightning	705639	SpendCircle
5475	Titanstorm	Stormbringer	Lightning	801869	SpendCircle
34635	Dark Skies	Stormbringer	Lightning	300593	SpendCircle
1930	Flux Arc	Stormbringer	Lightning	705643	SpendCircle
34687	Crackling Devastation	Stormbringer	Lightning	705645	SpendCircle
7768	Electrical Charge	Stormbringer	Lightning	704149	SpendCircle
10755	Ascension	Stormbringer	Lightning	301260	SpendCircle
9050	Lord of Lightning	Stormbringer	Lightning	707618	SpendCircle
29828	Ride the Lightning	Stormbringer	Lightning	800099	SpendSquare
30127	Thunder Wave	Stormbringer	Lightning	705692	SpendCircle
31165	Tempest Sovereign	Stormbringer	Maelstrom	560020	SpendSquare
4015	Conductive	Stormbringer	Maelstrom	92098	SpendCircle
34676	Stormflow	Stormbringer	Maelstrom	567555	SpendSquare
34685	Torrential Rage	Stormbringer	Maelstrom	807196,807884	SpendCircle
29836	Conduit	Stormbringer	Maelstrom	806374	SpendCircle
34686	Disciple of Thorim	Stormbringer	Maelstrom	705727,707795,707798	SpendCircle
9250	Whirling Maelstrom	Stormbringer	Maelstrom	705725	SpendCircle
6850	Prodigy of Lei Shen	Stormbringer	Maelstrom	560023	SpendCircle
11151	Blessing of Lei Shen	Stormbringer	Maelstrom	561228	SpendCircle
30945	Drown	Stormbringer	Maelstrom	806407	SpendSquare
34679	Raining and Pouring	Stormbringer	Maelstrom	706660	SpendCircle
29518	Deluge	Stormbringer	Maelstrom	806400	SpendSquare
30940	Flow of Wrath	Stormbringer	Maelstrom	801855	SpendCircle
8613	Undertow	Stormbringer	Maelstrom	705666,707796	SpendCircle
6466	Mystic Thunder	Stormbringer	Maelstrom	504846	SpendSquare
9251	Unbridled Flow	Stormbringer	Maelstrom	578299	SpendCircle
6467	Voltaic Mastery	Stormbringer	Maelstrom	706661	SpendCircle
34918	Stormcaller	Stormbringer	Maelstrom	300611,300615	SpendCircle
6468	Bursting	Stormbringer	Maelstrom	806397	SpendCircle
11468	Washed Away	Stormbringer	Maelstrom	807657	SpendCircle
30288	Cloudsurfer	Stormbringer	Maelstrom	806414	SpendCircle
29141	Lethal Current	Stormbringer	Maelstrom	705663,707797	SpendCircle
30946	Unstable	Stormbringer	Maelstrom	705723	SpendCircle
34958	Thunder Ward	Stormbringer	Maelstrom	800098	SpendSquare
30947	Kinetic Energy	Stormbringer	Maelstrom	806409	SpendCircle
11252	Storm Synergy	Stormbringer	Maelstrom	578300	SpendCircle
29834	Amped Flow	Stormbringer	Maelstrom	806411	SpendCircle
30944	Static Electricity	Stormbringer	Maelstrom	524954	SpendCircle
6469	Conductor In Charge	Stormbringer	Maelstrom	300961	SpendCircle
34960	Hydro Powered	Stormbringer	Maelstrom	300616	SpendCircle
30934	Binder of Storms	Stormbringer	Maelstrom	707542	SpendCircle
7184	Electrified Waters	Stormbringer	Maelstrom	573436	SpendCircle
29835	Stormfury	Stormbringer	Maelstrom	532751	SpendSquare
11253	Hydromatic	Stormbringer	Maelstrom	300619	SpendCircle
5934	Spheres of Power	Stormbringer	Maelstrom	706434	SpendCircle
34684	Stormcloud	Stormbringer	Maelstrom	801859	SpendSquare
19684	Shockingly Powerful	Stormbringer	Maelstrom	572310	SpendCircle
31164	Tempest Calling	Stormbringer	Wind	707615	SpendSquare
4014	Air Elemental	Stormbringer	Wind	92097	SpendSquare
30141	Power the Elements	Stormbringer	Wind	705721,707799	SpendCircle
9234	Storm Bond	Stormbringer	Wind	500580	SpendCircle
34948	Flow	Stormbringer	Wind	570128	SpendCircle
9265	Air Flow	Stormbringer	Wind	707548	SpendCircle
31264	Invigoration	Stormbringer	Wind	705700	SpendCircle
11940	Clear Skies	Stormbringer	Wind	500069	SpendCircle
34940	Focal Point	Stormbringer	Wind	706629	SpendCircle
7838	Quickdraft	Stormbringer	Wind	705704,707801	SpendCircle
31267	Gale	Stormbringer	Wind	804036	SpendSquare
30819	Everlasting Invigoration	Stormbringer	Wind	706628,707800	SpendCircle
29137	Kiss of the Clouds	Stormbringer	Wind	500039	SpendSquare
6337	Unrelenting Winds	Stormbringer	Wind	704211	SpendCircle
30139	Evergale	Stormbringer	Wind	705717	SpendCircle
34955	Master Airbender	Stormbringer	Wind	705719	SpendCircle
6427	Unshackle	Stormbringer	Wind	706625	SpendSquare
11584	Enveloping Winds	Stormbringer	Wind	707546	SpendCircle
34914	Tailwind	Stormbringer	Wind	804035	SpendSquare
6418	Gift of Air	Stormbringer	Wind	705715	SpendCircle
11949	Cyclone's Embrace	Stormbringer	Wind	301318	SpendCircle
34949	Cyclone's Recharge	Stormbringer	Wind	300827	SpendCircle
7186	Aeromancy	Stormbringer	Wind	705708	SpendCircle
31266	Windrunner	Stormbringer	Wind	707719	SpendCircle
6425	Wrath of Al'Akir	Stormbringer	Wind	300834	SpendCircle
30132	Windsurf	Stormbringer	Wind	500042	SpendSquare
30138	Clearsky Pendant	Stormbringer	Wind	705709	SpendCircle
29831	Master Elementalist	Stormbringer	Wind	705662	SpendCircle
34941	Unbound Elementalist	Stormbringer	Wind	705702	SpendCircle
6435	Flurry	Stormbringer	Wind	707543	SpendSquare
11235	Aerodynamics	Stormbringer	Wind	806124	SpendSquare
6426	Child of the Storm	Stormbringer	Wind	804038	SpendCircle
34943	Storm Clouds	Stormbringer	Wind	705686	SpendCircle
31268	Lexicon of Servitude	Stormbringer	Wind	520087	SpendSquare
7837	Comforting Winds	Stormbringer	Wind	704209	SpendCircle
34957	Hurricanes	Stormbringer	Wind	300839	SpendCircle
29839	Wind Gate	Stormbringer	Wind	504401	SpendSquare
30410	Skyfall	Stormbringer	Wind	804830	SpendSquare
11435	Tempest's Call	Stormbringer	Wind	560567	SpendSquare
11436	Surge of Might	Stormbringer	Wind	520083	SpendSquare
30807	Nimbus	Stormbringer	Wind	704212	SpendSquare
34951	Raging Zephyr	Stormbringer	Wind	704222	SpendSquare
11857	Aurat Scripts	Stormbringer	Wind	712431	SpendCircle
12201	Widowmaker	Venomancer	Stalking	804961	SpendSquare
4053	Brood Marks	Venomancer	Stalking	92143	SpendCircle
31201	Widow's Kiss	Venomancer	Stalking	807600	SpendCircle
7152	Withering Venom	Venomancer	Stalking	706962	SpendSquare
29580	Nerubian Sting	Venomancer	Stalking	800882	SpendSquare
9285	Prowler	Venomancer	Stalking	804342	SpendCircle
30471	Vile Fangs	Venomancer	Stalking	706036	SpendCircle
30974	Venomagus	Venomancer	Stalking	300682,301364	SpendCircle
30863	Virulent Resonance	Venomancer	Stalking	804969	SpendCircle
6078	Boding Dread	Venomancer	Stalking	804975,807920	SpendCircle
30794	Glory To Shadra!	Venomancer	Stalking	706033	SpendCircle
13472	Corrosive Toxin	Venomancer	Stalking	807243	SpendCircle
30472	Withered	Venomancer	Stalking	706038	SpendCircle
7263	Potency	Venomancer	Stalking	503854	SpendCircle
4394	Essence of Decay	Venomancer	Stalking	707382	SpendCircle
30975	Rotfang	Venomancer	Stalking	804977	SpendSquare
7150	Acidfang	Venomancer	Stalking	806603	SpendCircle
30464	Facemelter	Venomancer	Stalking	800871	SpendSquare
30473	Death Spray	Venomancer	Stalking	706271	SpendCircle
29577	Noxious Empowerment	Venomancer	Stalking	804964	SpendSquare
6144	Blistering Fangs	Venomancer	Stalking	706270	SpendCircle
6148	Rotting Sores	Venomancer	Stalking	807601	SpendCircle
6342	Shadra's Seance	Venomancer	Stalking	300678	SpendCircle
7192	Virulent Opening	Venomancer	Stalking	574353	SpendCircle
7204	Black Widow	Venomancer	Stalking	805933	SpendCircle
11804	Caustic	Venomancer	Stalking	807610	SpendCircle
29582	Deadly Kiss	Venomancer	Stalking	504704	SpendCircle
6341	Lethality	Venomancer	Stalking	503852	SpendCircle
9325	Vulnerability	Venomancer	Stalking	574354	SpendCircle
29586	Corrosive Bile	Venomancer	Stalking	630934	SpendCircle
7190	Contagion	Venomancer	Stalking	503851	SpendSquare
7191	Bile Eruption	Venomancer	Stalking	500230	SpendCircle
6146	Tunneler	Venomancer	Stalking	630932	SpendCircle
6080	Bugging	Venomancer	Stalking	706026	SpendCircle
6147	Nature Against Nature	Venomancer	Stalking	680871	SpendCircle
7189	Venomous Bite	Venomancer	Stalking	630900	SpendCircle
7264	One Man's Poison...	Venomancer	Stalking	503799	SpendCircle
30469	Deadly Neurotoxins	Venomancer	Stalking	504375	SpendCircle
9324	Black Widow	Venomancer	Stalking	504322	SpendCircle
7195	Serpent Lord	Venomancer	Stalking	805104	SpendCircle
7188	Brood Lord	Venomancer	Stalking	707668	SpendCircle
30524	Cunning of the Nerub'ar	Venomancer	Stalking	805140	SpendCircle
29598	Alkahest	Venomancer	Vizier	504342	SpendSquare
9951	Shadra's Vigil	Venomancer	Vizier	680800	SpendCircle
1788	Mycelial Healing	Venomancer	Vizier	806449	SpendCircle
29592	Mending Mist	Venomancer	Vizier	800899	SpendSquare
11788	Mycelial Healing	Venomancer	Vizier	520153	SpendSquare
7223	Shadra's Gift	Venomancer	Vizier	706937,707868	SpendCircle
9283	Spiritual Healing	Venomancer	Vizier	706211	SpendCircle
7736	Venom Glands	Venomancer	Vizier	706015	SpendCircle
29591	Fang Blessing	Venomancer	Vizier	503970,504898	SpendCircle
7733	Fangbinder	Venomancer	Vizier	560195	SpendCircle
6141	Ritualistic	Venomancer	Vizier	503918	SpendCircle
7732	The Antidote	Venomancer	Vizier	681315	SpendCircle
7738	Good Venom	Venomancer	Vizier	680797	SpendCircle
6128	Soothing Venoms	Venomancer	Vizier	707726,707869	SpendCircle
7217	Melioration	Venomancer	Vizier	706945	SpendCircle
7734	Lifemender	Venomancer	Vizier	706477	SpendCircle
7735	Book of Shadra	Venomancer	Vizier	705957	SpendCircle
11735	Venomcult Scrolls	Venomancer	Vizier	707574	SpendCircle
13783	Vizier Form	Venomancer	Vizier	504798	SpendSquare
6132	Spirit of the Jungle	Venomancer	Vizier	681048	SpendCircle
7723	Worship	Venomancer	Vizier	706016	SpendCircle
30749	Mycelial Replenishment	Venomancer	Vizier	706021	SpendSquare
5291	Sage	Venomancer	Vizier	680768	SpendCircle
6607	Bountiful Gifts	Venomancer	Vizier	706009,706010	SpendCircle
6140	Advisor's Perfidy	Venomancer	Vizier	300685	SpendCircle
6133	Toxic Communion	Venomancer	Vizier	680767	SpendSquare
7122	Shadra's Presence	Venomancer	Vizier	504348	SpendCircle
6324	Blight Antidote	Venomancer	Vizier	808082	SpendSquare
7120	Widow's Watch	Venomancer	Vizier	706014	SpendCircle
4783	Occultist	Venomancer	Vizier	504339	SpendCircle
7121	Ophidian Renewal	Venomancer	Vizier	706938	SpendCircle
12223	Extraction	Venomancer	Vizier	805884	SpendSquare
5302	Sublime Extraction	Venomancer	Vizier	681320	SpendCircle
6302	Venom Fanatic	Venomancer	Vizier	681059	SpendCircle
30073	Shadra's Aid	Venomancer	Vizier	504352	SpendSquare
29599	Venom Weaving	Venomancer	Vizier	504736	SpendCircle
29596	Serpent Lord's Amulet	Venomancer	Vizier	800914	SpendSquare
9597	Ritual Healing	Venomancer	Vizier	681047	SpendCircle
7124	Mycelial Synchronization	Venomancer	Vizier	504356	SpendCircle
7737	Cycle of Rebirth	Venomancer	Vizier	560200	SpendCircle
6139	Serpent Lord's Ritual	Venomancer	Vizier	706018	SpendCircle
31202	Expulsion	Venomancer	Fortitude	805094	SpendSquare
4054	Exposed Flesh	Venomancer	Fortitude	92144	SpendCircle
12325	Carapace Regeneration	Venomancer	Fortitude	805931	SpendSquare
6101	Reinforced Exoskeleton	Venomancer	Fortitude	706002,707873	SpendCircle
6107	Vile Fury	Venomancer	Fortitude	706006,707874	SpendCircle
6122	Enchanted Chitin	Venomancer	Fortitude	706955,707872	SpendCircle
9280	Magic Shell	Venomancer	Fortitude	705970	SpendCircle
6120	Agitation	Venomancer	Fortitude	705969	SpendCircle
7170	Regrow Exoskeleton	Venomancer	Fortitude	803197	SpendSquare
30793	Venomtip Poison	Venomancer	Fortitude	803195	SpendSquare
6089	Slimy	Venomancer	Fortitude	705998	SpendCircle
30087	Slimy Stingers	Venomancer	Fortitude	706001	SpendCircle
7160	Pendo's Charm	Venomancer	Fortitude	504400	SpendCircle
29589	Catalyst	Venomancer	Fortitude	800895	SpendSquare
6104	Empowered Exoskeleton	Venomancer	Fortitude	804993	SpendCircle
7455	Chitinous Surge	Venomancer	Fortitude	705973	SpendCircle
6843	Natural Weapons	Venomancer	Fortitude	504393	SpendCircle
12485	Poison for Everyone!	Venomancer	Fortitude	504837	SpendCircle
30485	Drown In Poison	Venomancer	Fortitude	504407	SpendCircle
30505	Reformed	Venomancer	Fortitude	805103	SpendCircle
7452	Deadly Sting	Venomancer	Fortitude	560264	SpendCircle
6099	Charmed Plating	Venomancer	Fortitude	300974	SpendCircle
6110	Wicked Poison	Venomancer	Fortitude	705982	SpendCircle
30080	Barbed Stinger	Venomancer	Fortitude	803196	SpendSquare
30078	Potent Expulsion	Venomancer	Fortitude	560266	SpendCircle
6125	Charm of Warding	Venomancer	Fortitude	705967	SpendCircle
6106	Alacrity	Venomancer	Fortitude	705980	SpendCircle
19106	Cunning	Venomancer	Fortitude	805093	SpendCircle
7169	Impale	Venomancer	Fortitude	560248	SpendSquare
30081	Beetle Poison	Venomancer	Fortitude	705876	SpendCircle
6103	Wicked Barbs	Venomancer	Fortitude	504402	SpendCircle
6108	Toxic Expulsion	Venomancer	Fortitude	705959	SpendCircle
33505	Poisonous	Venomancer	Fortitude	707320	SpendCircle
6115	Venomics	Venomancer	Fortitude	705975	SpendCircle
7166	Cover	Venomancer	Fortitude	300680	SpendCircle
6102	Shadra's Gift	Venomancer	Fortitude	503812	SpendCircle
30499	Unbreakable	Venomancer	Fortitude	705991	SpendCircle
6119	Locust Swarm	Venomancer	Fortitude	560247	SpendSquare
30084	Reconstructive Carapace	Venomancer	Fortitude	705999	SpendCircle
13505	Protogenesis	Venomancer	Fortitude	707620	SpendCircle
6112	Molt	Venomancer	Fortitude	805102	SpendSquare
6113	Spider Lord	Venomancer	Fortitude	704264	SpendCircle
7177	Regenerative Properties	Venomancer	Fortitude	803210	SpendCircle
7229	Hive Instinct	Venomancer	Class	804968	SpendSquare
29607	Envenomed Weapons	Venomancer	Class	300855	SpendSquare
7722	Green Salve	Venomancer	Class	800902	SpendSquare
6082	Acute Senses	Venomancer	Class	300664,300665	SpendCircle
30482	Playing With Poison	Venomancer	Class	707563	SpendCircle
29588	Reinforced Shell	Venomancer	Class	705966	SpendCircle
6117	Genesis	Venomancer	Class	705962	SpendCircle
7241	Hallucinogenic Venom	Venomancer	Class	560188	SpendCircle
6118	Tranquil Essence	Venomancer	Class	504799,505204	SpendCircle
6116	Weakening Venom	Venomancer	Class	805778	SpendSquare
7252	Spindlebind	Venomancer	Class	800887	SpendSquare
7249	Shadra's Balm	Venomancer	Class	800901	SpendSquare
7237	Chitinous Spikes	Venomancer	Class	504406	SpendCircle
6095	Versatile and Deadly	Venomancer	Class	681052,681492	SpendCircle
7248	Skin Shedder	Venomancer	Class	705949	SpendCircle
7235	Tome of Ahn'kahet	Venomancer	Class	705993	SpendCircle
6096	Blightcap Ingestion	Venomancer	Class	560282	SpendCircle
6756	Pinch	Venomancer	Class	704235	SpendSquare
6098	Fury of Anub'Rekhan	Venomancer	Class	800894	SpendCircle
29576	Empowering Pheromones	Venomancer	Class	705996	SpendCircle
6086	Adrenal Venom	Venomancer	Class	805775	SpendSquare
7453	Runed Carapace	Venomancer	Class	705961	SpendCircle
7147	Venomancy Expert	Venomancer	Class	706027	SpendCircle
7244	Mamba Mentality	Venomancer	Class	503976	SpendCircle
30465	Celerity	Venomancer	Class	804962	SpendSquare
7247	Master of Venoms	Venomancer	Class	504326	SpendCircle
7231	Venomizer	Venomancer	Class	680794	SpendCircle
5571	Enduring Exoskeleton	Venomancer	Class	503960	SpendCircle
7953	Relentless	Venomancer	Class	578320	SpendCircle
6079	Burrow	Venomancer	Class	806154	SpendSquare
9590	Lifeblood	Venomancer	Class	804963	SpendSquare
6097	Fury of Shadra	Venomancer	Class	503850	SpendCircle
29574	Ambush Predator	Venomancer	Class	800878	SpendCircle
6331	Surprise Strategy	Venomancer	Class	706035	SpendCircle
7242	Shadra's Lair	Venomancer	Class	804978	SpendSquare
6090	Avatar of Shadra	Venomancer	Class	503856	SpendCircle
6553	Toxic Stride	Venomancer	Class	504347	SpendSquare
30477	Wilt	Venomancer	Venom	804982	SpendSquare
4052	Rot Lich	Venomancer	Venom	92142	SpendCircle
30606	Spore	Venomancer	Venom	804983	SpendSquare
7219	Protraction	Venomancer	Venom	706942,707871	SpendCircle
6137	Fungal Growth	Venomancer	Venom	804987	SpendCircle
6687	Acid Bolt	Venomancer	Venom	706025,707870,712480	SpendCircle
9897	Shadra's Gift	Venomancer	Venom	570336	SpendCircle
9575	Rotting Away	Venomancer	Venom	706370	SpendCircle
29575	Wilting Away	Venomancer	Venom	706012	SpendCircle
30479	Mycosis	Venomancer	Venom	804986	SpendSquare
6138	Envenom	Venomancer	Venom	805900	SpendCircle
7222	Lethargy	Venomancer	Venom	573307	SpendCircle
29584	Rotpriest	Venomancer	Venom	706209	SpendCircle
5215	Captivation	Venomancer	Venom	503930	SpendCircle
6646	Serpent's Embrace	Venomancer	Venom	560194,561349	SpendCircle
7724	Blightfang	Venomancer	Venom	680763	SpendCircle
4295	Weaver Form	Venomancer	Venom	706940	SpendSquare
7726	Decay	Venomancer	Venom	800910	SpendSquare
6143	Necessary Preparations	Venomancer	Venom	503919	SpendCircle
6685	Sepsis Bloom	Venomancer	Venom	504867	SpendSquare
6130	A Pit of Snakes	Venomancer	Venom	706007	SpendCircle
7210	Fungal Assailant	Venomancer	Venom	504344	SpendSquare
30483	Limb Decayer	Venomancer	Venom	681057	SpendCircle
6552	Septic Trauma	Venomancer	Venom	504361	SpendCircle
6131	Venom Saturation	Venomancer	Venom	804984	SpendCircle
6842	Infestation	Venomancer	Venom	706030	SpendCircle
7727	Venoxis Rage	Venomancer	Venom	707224	SpendCircle
7215	Intoxicating Venoms	Venomancer	Venom	706023	SpendCircle
5575	From Death Comes Life	Venomancer	Venom	504355	SpendCircle
7123	Fungal Link	Venomancer	Venom	300959	SpendCircle
6605	Sporelord	Venomancer	Venom	804989	SpendCircle
7728	Fungic	Venomancer	Venom	706455	SpendCircle
6142	Prophetic Speaker	Venomancer	Venom	706956	SpendCircle
7731	Suffocating Coils	Venomancer	Venom	707233	SpendCircle
30481	Serpent Lord's Ring	Venomancer	Venom	503923	SpendSquare
11215	Cycle of Decay	Venomancer	Venom	500219	SpendCircle
7221	Mycelial Ring	Venomancer	Venom	805238	SpendSquare
7730	From Life Comes Death	Venomancer	Venom	504855	SpendCircle
7225	Fungal Allies	Venomancer	Venom	681054	SpendCircle
31159	Carve	DemonHunter	Tyrant	800206	SpendSquare
4009	Burning Commander	DemonHunter	Tyrant	92089	SpendCircle
29845	Demonic Will	DemonHunter	Tyrant	800209	SpendSquare
11121	Annihilan Rituals	DemonHunter	Tyrant	520831	SpendCircle
30567	Quick Carving	DemonHunter	Tyrant	520254	SpendCircle
6338	Nether Disciple	DemonHunter	Tyrant	560576,561343	SpendCircle
7869	Demon Hide	DemonHunter	Tyrant	520252,520253	SpendCircle
9231	Hulking Demon	DemonHunter	Tyrant	805246	SpendCircle
29442	Felrend	DemonHunter	Tyrant	800210	SpendSquare
34222	Pure Hatred	DemonHunter	Tyrant	803478	SpendCircle
34226	Burning Legionnaire	DemonHunter	Tyrant	520885	SpendCircle
6774	Outland Slaver	DemonHunter	Tyrant	705123,707846	SpendCircle
30566	Battle Finesse	DemonHunter	Tyrant	704611	SpendCircle
34221	Unholy Endurance	DemonHunter	Tyrant	300466	SpendCircle
30556	Felspill	DemonHunter	Tyrant	706267	SpendCircle
34220	Infernal Constitution	DemonHunter	Tyrant	805256	SpendCircle
11213	Abyssal Conditioning	DemonHunter	Tyrant	807431	SpendCircle
30563	Illidari Training	DemonHunter	Tyrant	805249	SpendCircle
9832	Hellfire Carver	DemonHunter	Tyrant	707444	SpendCircle
29398	Vengeance	DemonHunter	Tyrant	520817	SpendCircle
34219	Bulwark of Azzinoth	DemonHunter	Tyrant	705122	SpendCircle
30558	Burning Hatred	DemonHunter	Tyrant	805239	SpendSquare
34229	Betrayer	DemonHunter	Tyrant	300476	SpendCircle
30557	Tyrant's Gaze	DemonHunter	Tyrant	805240	SpendSquare
9218	Straight to the Nether	DemonHunter	Tyrant	560503	SpendCircle
7870	Illidan's Favor	DemonHunter	Tyrant	520592	SpendCircle
12170	Fel Torpedo	DemonHunter	Tyrant	520853	SpendSquare
6815	Nether Strength	DemonHunter	Tyrant	520240	SpendCircle
11217	Demonic Blood	DemonHunter	Tyrant	807438	SpendCircle
34217	Demonic Fortitude	DemonHunter	Tyrant	805245	SpendCircle
6877	Expose	DemonHunter	Tyrant	300474	SpendCircle
9233	Felblade	DemonHunter	Tyrant	574146	SpendCircle
6339	Doomscarring	DemonHunter	Tyrant	685321	SpendCircle
11111	Fel Daze	DemonHunter	Tyrant	705131	SpendCircle
30561	Dark Lord	DemonHunter	Tyrant	300470	SpendCircle
30560	Eye of the Tyrant	DemonHunter	Tyrant	560549	SpendCircle
6876	Vengeance Is Mine	DemonHunter	Tyrant	804822	SpendCircle
30404	Mannoroth's Rage	DemonHunter	Tyrant	805255	SpendCircle
34224	Infernal Whipcrack	DemonHunter	Tyrant	805243	SpendSquare
11233	Fel Monstrosity	DemonHunter	Tyrant	500067	SpendCircle
30405	Tyrannical Resolve	DemonHunter	Tyrant	804823	SpendSquare
34228	Grommash's Folly	DemonHunter	Tyrant	805236	SpendCircle
29407	Taskmaster's Army	DemonHunter	Tyrant	800220	SpendCircle
29686	Annihilation	DemonHunter	Class	803904	SpendSquare
29367	Manaburn	DemonHunter	Class	805248	SpendSquare
30554	Hateforged Barrier	DemonHunter	Class	705129	SpendSquare
7862	Cruelty	DemonHunter	Class	705109,520249	SpendCircle
34207	Demonborn	DemonHunter	Class	705102,707842	SpendCircle
34203	Demonic Evasion	DemonHunter	Class	705108	SpendCircle
34211	Focused Hatred	DemonHunter	Class	704606	SpendCircle
34205	Felwracked	DemonHunter	Class	704374	SpendCircle
7863	Infernal Armor	DemonHunter	Class	300467	SpendCircle
6868	Whispers of the Pit	DemonHunter	Class	805235	SpendSquare
33670	Embracing Evil	DemonHunter	Class	800352	SpendCircle
30559	Skull of Gul'dan	DemonHunter	Class	800225	SpendSquare
33668	Felgorged	DemonHunter	Class	560573	SpendCircle
34212	Felheart	DemonHunter	Class	301287	SpendCircle
29400	Doomstride	DemonHunter	Class	804613	SpendCircle
34213	Demonic Embrace	DemonHunter	Class	520257	SpendCircle
29924	Illidan's Guile	DemonHunter	Class	806109	SpendSquare
6423	Dark Teachings	DemonHunter	Class	520251	SpendCircle
29399	Legion March	DemonHunter	Class	805244	SpendCircle
30552	Felbane	DemonHunter	Class	525001	SpendSquare
34204	Warden's End	DemonHunter	Class	705125	SpendCircle
31294	Cunning	DemonHunter	Class	300465	SpendCircle
30565	Pact Hunter	DemonHunter	Class	704612	SpendCircle
11227	Suffering	DemonHunter	Class	807430	SpendCircle
34227	Gul'dan's Gift	DemonHunter	Class	804609	SpendCircle
33674	Elemental Bane	DemonHunter	Class	704607	SpendCircle
30553	Magic Fiend	DemonHunter	Class	704613	SpendCircle
6875	Fel Communion	DemonHunter	Class	705105	SpendCircle
5210	Felguard	DemonHunter	Class	704360	SpendCircle
11210	Felstrider	DemonHunter	Class	707513	SpendCircle
33671	Armaments of the Legion	DemonHunter	Class	706266,707844	SpendCircle
7860	Warlock Training	DemonHunter	Class	560641	SpendCircle
5685	Chaotic	DemonHunter	Class	681376	SpendCircle
30301	Anti-Magic	DemonHunter	Class	560822	SpendCircle
7865	Reckoning	DemonHunter	Class	802058	SpendSquare
7868	Mark of Chaos	DemonHunter	Class	524947	SpendCircle
29409	Illidari Barrier	DemonHunter	Class	300468	SpendCircle
34243	Azzinoth's Assault	DemonHunter	Slayer	801904	SpendSquare
4007	Dancing Blades	DemonHunter	Slayer	92087	SpendCircle
6512	Slice & Dice	DemonHunter	Slayer	704361,707845	SpendCircle
29387	Annihilan Strike	DemonHunter	Slayer	801903	SpendSquare
6526	Immolation Aura	DemonHunter	Slayer	800207	SpendSquare
9228	True Self	DemonHunter	Slayer	574140	SpendCircle
34236	Twin Fury	DemonHunter	Slayer	801892	SpendCircle
30300	Azzinoth's Rage	DemonHunter	Slayer	804611,807901,807914	SpendCircle
30299	Chaos Soldier	DemonHunter	Slayer	560057	SpendCircle
29927	Legionfall	DemonHunter	Slayer	801899	SpendCircle
31308	Scars of Suffering	DemonHunter	Slayer	570158	SpendCircle
34238	Fel Blades	DemonHunter	Slayer	300484	SpendCircle
29405	Pit Lord's Strength	DemonHunter	Slayer	802076,802110	SpendCircle
34252	Burning Rage	DemonHunter	Slayer	707907	SpendCircle
11228	Unbound	DemonHunter	Slayer	574153	SpendCircle
31301	Spite	DemonHunter	Slayer	800188,803840	SpendCircle
29396	Felhoof Charge	DemonHunter	Slayer	800204	SpendSquare
29852	You Cheat, Gul'dan!	DemonHunter	Slayer	705127	SpendCircle
7432	Nether Champion	DemonHunter	Slayer	705145	SpendCircle
34245	Demonic Machinations	DemonHunter	Slayer	806111	SpendCircle
11814	Consumed By Fel	DemonHunter	Slayer	300485	SpendCircle
6919	A Thousand Cuts	DemonHunter	Slayer	704610	SpendCircle
31299	Scars of the Past	DemonHunter	Slayer	520805	SpendCircle
29402	Blighted Strikes	DemonHunter	Slayer	570077	SpendCircle
34244	Fury Unleashed	DemonHunter	Slayer	555738	SpendSquare
9229	Chaotic	DemonHunter	Slayer	574143	SpendCircle
31300	Fel Instincts	DemonHunter	Slayer	560645	SpendCircle
29132	Reckless Assault	DemonHunter	Slayer	804610	SpendCircle
6513	Fel Haze	DemonHunter	Slayer	803903	SpendCircle
34209	Felguard	DemonHunter	Slayer	560542	SpendCircle
6524	Perpetual Fury	DemonHunter	Slayer	520244	SpendCircle
34251	Glaiving	DemonHunter	Slayer	560578	SpendCircle
34249	Reachwalker	DemonHunter	Slayer	705135	SpendCircle
6968	Azzinoth's Battery	DemonHunter	Slayer	705137	SpendCircle
31392	Oblivion	DemonHunter	Slayer	572889	SpendCircle
9230	Felcaked Blades	DemonHunter	Slayer	574145	SpendCircle
30811	Pit Lord's Rage	DemonHunter	Slayer	705141	SpendCircle
29926	Fury of the Illidari	DemonHunter	Slayer	561216	SpendSquare
29842	Whirling Vengeance	DemonHunter	Slayer	704602	SpendCircle
31158	Ruin	DemonHunter	Infernal	801895	SpendSquare
4008	Fel Apprentice	DemonHunter	Infernal	92088	SpendCircle
34256	Dark Magician	DemonHunter	Infernal	560637	SpendCircle
31297	Wrath of Sargeras	DemonHunter	Infernal	806103,807902	SpendCircle
29933	Bane of Chaos	DemonHunter	Infernal	704368	SpendSquare
31291	Felfire Adept	DemonHunter	Infernal	560836,561345	SpendCircle
6931	Gul'dan's Prodigy	DemonHunter	Infernal	704378	SpendCircle
11224	Hidden Power	DemonHunter	Infernal	802108	SpendCircle
30302	Felforged	DemonHunter	Infernal	300490	SpendCircle
6340	Fel Cannon	DemonHunter	Infernal	802180	SpendCircle
6915	Felwrath	DemonHunter	Infernal	520236	SpendSquare
30808	Withering	DemonHunter	Infernal	707416	SpendCircle
31298	Black Magic	DemonHunter	Infernal	524950,525079	SpendCircle
7861	Cursed Flames	DemonHunter	Infernal	300478	SpendCircle
29968	Illidari Magi	DemonHunter	Infernal	560639	SpendCircle
9225	Sculptor of Doom	DemonHunter	Infernal	801235	SpendCircle
34230	Felbreak	DemonHunter	Infernal	800203	SpendSquare
29923	Shadow Magi	DemonHunter	Infernal	803905	SpendCircle
31295	Infernal	DemonHunter	Infernal	560284	SpendSquare
6911	Illidari Smiter	DemonHunter	Infernal	520246	SpendCircle
6909	Fel Flamecasting	DemonHunter	Infernal	805998	SpendCircle
10909	Herald of the Legion	DemonHunter	Infernal	807461	SpendCircle
6912	The True Blessing	DemonHunter	Infernal	560838	SpendCircle
4292	Infernal Summoner	DemonHunter	Infernal	300480	SpendCircle
11292	Doomsayer	DemonHunter	Infernal	520833	SpendCircle
6914	Infernal Ruin	DemonHunter	Infernal	560840	SpendCircle
11914	Oppressive Ruin	DemonHunter	Infernal	561201	SpendCircle
9226	Unphased	DemonHunter	Infernal	803645	SpendCircle
30874	Curse of Argus	DemonHunter	Infernal	704370	SpendCircle
6910	Felshock	DemonHunter	Infernal	806235	SpendCircle
34231	Fel Infusion	DemonHunter	Infernal	560533	SpendCircle
34237	Archimonde's Wrath	DemonHunter	Infernal	300489	SpendCircle
29849	Infernal Doom	DemonHunter	Infernal	804219	SpendCircle
34234	Nether Spirit	DemonHunter	Infernal	300477	SpendCircle
29922	Chaotic Intuition	DemonHunter	Infernal	300483	SpendCircle
4226	Man'ari Teachings	DemonHunter	Infernal	705150	SpendCircle
29445	Sargeras Embrace	DemonHunter	Infernal	800355	SpendSquare
34232	Malice of Gul'dan	DemonHunter	Infernal	800214	SpendCircle
30200	Fury of Archimonde	DemonHunter	Infernal	706425	SpendCircle
31209	Hammer of Life	Primalist	Life	803973	SpendCircle
4060	Grove Training	Primalist	Life	92150	SpendCircle
29230	Seismic Wave	Primalist	Life	805462	SpendSquare
29363	Spirit Charge	Primalist	Life	800144	SpendSquare
6509	Tranquil Mind	Primalist	Life	504223,504882	SpendCircle
30785	Nature's Fury	Primalist	Life	300742	SpendCircle
6236	Spiritual Warrior	Primalist	Life	504220	SpendCircle
6243	Vitality Surge	Primalist	Life	504214	SpendCircle
11243	Grovekeeper's Presence	Primalist	Life	805443	SpendCircle
9687	Hand of a God	Primalist	Life	561208	SpendCircle
30508	Blessing of Neptulon	Primalist	Life	560055	SpendCircle
7335	Power Hammer	Primalist	Life	303014	SpendCircle
30346	Ancient Power	Primalist	Life	300740,301354	SpendCircle
6238	Battleweaver	Primalist	Life	300733	SpendCircle
30949	Elemental Cascade	Primalist	Life	504196	SpendCircle
30968	Thorns	Primalist	Life	504732	SpendCircle
30966	Earth's Guidance	Primalist	Life	706138	SpendCircle
7334	Crashing Out	Primalist	Life	574313	SpendCircle
11334	Tears of the Earthmother	Primalist	Life	574326	SpendCircle
9193	Infused With Power	Primalist	Life	503718	SpendCircle
11193	Protector's Hand	Primalist	Life	300730	SpendCircle
6651	Primal Power	Primalist	Life	706216	SpendCircle
6246	Ring of Life	Primalist	Life	804705	SpendCircle
29350	Sacred Grove	Primalist	Life	800180	SpendSquare
6230	Keeper of the Grove	Primalist	Life	706137	SpendCircle
6654	Running on Instinct	Primalist	Life	300744	SpendCircle
7107	Earthmother's Binding	Primalist	Life	805107	SpendSquare
30628	Verdant Warrior	Primalist	Life	301299,573132	SpendCircle
11184	Earthmother's Warden	Primalist	Life	707514	SpendCircle
30784	Grove Tender	Primalist	Life	706148	SpendCircle
9733	Douse	Primalist	Life	807558	SpendCircle
11163	Flourishing Growth	Primalist	Life	805442	SpendSquare
6240	Ride the Wave	Primalist	Life	300867	SpendCircle
6662	Nature's Blessing	Primalist	Life	807466	SpendCircle
6242	Infusion of Neptulon	Primalist	Life	300731	SpendCircle
6234	Earthmother's Empowerment	Primalist	Life	300738	SpendCircle
14234	Earthmother's Roar	Primalist	Life	301306	SpendCircle
11236	Druid Training	Primalist	Life	707560	SpendCircle
30967	Shaman Training	Primalist	Life	805445	SpendCircle
6235	Primordial Earth	Primalist	Life	806536	SpendCircle
29664	Verdant Chase	Primalist	Life	560305	SpendCircle
11134	Neptulon's Wrath	Primalist	Life	807467	SpendSquare
11153	Primal Awakening	Primalist	Life	807560	SpendSquare
7333	Ancient of Lore	Primalist	Life	805105	SpendSquare
29383	Ancient of War	Primalist	Life	504222	SpendSquare
30020	Eternally Chosen	Primalist	Life	802888	SpendCircle
7535	Seismic Tremor	Primalist	Geomancy	680442	SpendSquare
4059	Earthshaping	Primalist	Geomancy	92149	SpendCircle
7533	Whispers of the Earth	Primalist	Geomancy	681494	SpendCircle
7801	Gaze of Therazane	Primalist	Geomancy	680453,680458	SpendCircle
6600	Stoneskin	Primalist	Geomancy	706162,707809	SpendCircle
7797	Terrasurge	Primalist	Geomancy	681119	SpendSquare
7532	Cataclysm	Primalist	Geomancy	680444	SpendCircle
9207	Lithic Lance	Primalist	Geomancy	706159	SpendCircle
7358	Primal Shaman's Mask	Primalist	Geomancy	800185	SpendCircle
7531	Rockslide	Primalist	Geomancy	560154	SpendCircle
7357	One With The Earth	Primalist	Geomancy	704402	SpendCircle
6155	Volcanic Blast	Primalist	Geomancy	680451,681480	SpendCircle
6586	Dream	Primalist	Geomancy	680452	SpendCircle
7538	Golem Form	Primalist	Geomancy	805335	SpendSquare
5532	Nature's Will	Primalist	Geomancy	560140	SpendCircle
6594	Therazane's Might	Primalist	Geomancy	805336	SpendCircle
9999	Cave Dweller	Primalist	Geomancy	560167	SpendCircle
7800	Cracking the Earth	Primalist	Geomancy	560145	SpendCircle
6588	Stone Tosser	Primalist	Geomancy	680862	SpendCircle
6578	Earth Pummeling	Primalist	Geomancy	560182	SpendCircle
6303	Trembling Rage	Primalist	Geomancy	560135	SpendCircle
9453	Everlasting Rage	Primalist	Geomancy	561190	SpendCircle
31309	Earth's Embrace	Primalist	Geomancy	806143	SpendSquare
29258	Molten Fervor	Primalist	Geomancy	680476	SpendCircle
5544	Magma Fissure	Primalist	Geomancy	802793	SpendSquare
4207	Crushing the Earth	Primalist	Geomancy	300697	SpendCircle
7543	Tectonic Resonance	Primalist	Geomancy	707173	SpendCircle
12543	Tectonic Power	Primalist	Geomancy	707810	SpendCircle
5193	Embraced By Earth!	Primalist	Geomancy	561037	SpendCircle
6593	Cragforming	Primalist	Geomancy	560481	SpendCircle
6267	Cave In	Primalist	Geomancy	500615	SpendSquare
7537	Cave Dweller	Primalist	Geomancy	574314,574361	SpendCircle
2386	Blessing of Therazane	Primalist	Geomancy	680439	SpendCircle
6788	Eruption	Primalist	Geomancy	802335	SpendSquare
30104	Journey To The Core	Primalist	Geomancy	560510	SpendCircle
7545	Geomolding	Primalist	Geomancy	560169	SpendCircle
4208	Therazane's Blessing	Primalist	Geomancy	560156	SpendCircle
6257	Magmatism	Primalist	Geomancy	706174	SpendCircle
6587	Heavy Earth	Primalist	Geomancy	706160	SpendCircle
7547	Rupturer	Primalist	Geomancy	706208	SpendCircle
30633	Grip	Primalist	Class	800145	SpendSquare
30254	Primal Rush	Primalist	Class	500696	SpendSquare
29252	Boulder Dash	Primalist	Class	500692	SpendSquare
6445	Heavy Handed	Primalist	Class	706344	SpendCircle
12208	Environmentalist	Primalist	Class	300729	SpendCircle
7105	Tectonic Flow	Primalist	Class	802494	SpendCircle
6289	Rolling Momentum	Primalist	Class	680446	SpendCircle
6665	Rage Rolling	Primalist	Class	561191	SpendCircle
6298	Bountiful Boons	Primalist	Class	706203,706204	SpendCircle
7326	Keen Senses	Primalist	Class	806533	SpendCircle
7844	Focus	Primalist	Class	680936,681477	SpendCircle
29299	Bramblepatch	Primalist	Class	806415	SpendSquare
7796	Primal Convergence	Primalist	Class	800181	SpendSquare
7321	Rock Barrier	Primalist	Class	503630	SpendSquare
6260	Fury of the Elements	Primalist	Class	706165	SpendCircle
12360	Untamed	Primalist	Class	681478	SpendCircle
12567	Primal Strikes	Primalist	Class	706171	SpendCircle
30689	Primal Fury	Primalist	Class	504193	SpendCircle
7843	Nature's Call	Primalist	Class	706150,707807	SpendCircle
7327	Protective Roar	Primalist	Class	802782	SpendSquare
6590	Stone Cold	Primalist	Class	560158,560159	SpendCircle
7798	Dreamslip	Primalist	Class	805867	SpendSquare
29233	Earthmother's Precision	Primalist	Class	555723	SpendCircle
6305	Stonefaced	Primalist	Class	706201	SpendCircle
29362	Bearskin	Primalist	Class	800094	SpendSquare
29231	Fae Presence	Primalist	Class	681281	SpendCircle
7323	Mending Touch	Primalist	Class	524971	SpendCircle
9843	Emerald Will	Primalist	Class	500302	SpendCircle
6262	Therazane's Gift	Primalist	Class	504219	SpendCircle
6211	Mineralization	Primalist	Class	520464	SpendCircle
7339	Natural Efficiency	Primalist	Class	706167	SpendCircle
7108	Grove Guardian	Primalist	Class	503721	SpendSquare
30591	Earthmother's Pendant	Primalist	Class	504446	SpendCircle
7548	Earthmother's Blessing	Primalist	Class	560157	SpendCircle
7322	Protector of the Grove	Primalist	Class	504198	SpendCircle
6269	Primal Totem	Primalist	Class	504229	SpendSquare
30105	Wildheart	Primalist	Class	803980	SpendSquare
7488	Quake	Primalist	Mountain King	803974	SpendSquare
4064	Mountain Giant	Primalist	Mountain King	680395	SpendCircle
7514	Unyielding Form	Primalist	Mountain King	706161,707808	SpendCircle
7507	Seismically Efficient	Primalist	Mountain King	680413	SpendCircle
7501	Stone Soldier	Primalist	Mountain King	570157,570225	SpendCircle
9214	King of the Mountain	Primalist	Mountain King	570183	SpendCircle
7516	Spiritbound	Primalist	Mountain King	681364	SpendCircle
7493	Mountain Hammer	Primalist	Mountain King	681130	SpendSquare
7492	Blessed by the Earth	Primalist	Mountain King	300695	SpendCircle
7494	Bash	Primalist	Mountain King	680964	SpendSquare
7527	Everythings A Nail	Primalist	Mountain King	680405	SpendCircle
13527	Hammer Time!	Primalist	Mountain King	681435	SpendCircle
7510	Thane's Guidance	Primalist	Mountain King	680410	SpendCircle
7515	Stonebound	Primalist	Mountain King	680415	SpendCircle
9215	Stone Skin	Primalist	Mountain King	806583	SpendCircle
7487	Tilling the Earth	Primalist	Mountain King	680409,681375	SpendCircle
7528	Raging Earth	Primalist	Mountain King	706622	SpendCircle
7518	Earthen Avatar	Primalist	Mountain King	680421	SpendSquare
7499	Terrasmash	Primalist	Mountain King	706220	SpendCircle
7508	Mountain Thane	Primalist	Mountain King	680404,681479	SpendCircle
7513	Earthbreaker	Primalist	Mountain King	560147	SpendCircle
7524	Primal Guardian	Primalist	Mountain King	300728	SpendCircle
7506	Earthenforged Barrier	Primalist	Mountain King	680408	SpendCircle
11196	Rock Solid	Primalist	Mountain King	681363	SpendCircle
9216	Call of the Mountain	Primalist	Mountain King	680406	SpendCircle
7805	Quakeformer	Primalist	Mountain King	680419	SpendCircle
7500	Resources of the Earth	Primalist	Mountain King	560548	SpendCircle
7503	Mountain Mover	Primalist	Mountain King	805643	SpendCircle
7502	Improved Ursoc's Bellow	Primalist	Mountain King	560505	SpendCircle
7517	Fury of the Earthmother	Primalist	Mountain King	680412	SpendCircle
7505	Earthmother's Protection	Primalist	Mountain King	560298	SpendCircle
8000	Judgement of The Three Hammers	Primalist	Mountain King	520466	SpendSquare
7525	Legacy of the Bronzebeards	Primalist	Mountain King	680424	SpendCircle
7519	Mountain Fury	Primalist	Mountain King	806185	SpendSquare
13216	Mountain Avatar	Primalist	Mountain King	707616	SpendCircle
8001	Shattering	Primalist	Mountain King	520469	SpendCircle
7498	Seismic Smash	Primalist	Mountain King	300693	SpendSquare
11418	Quaking Thane	Primalist	Mountain King	561193	SpendCircle
7520	Earthmaker	Primalist	Mountain King	560150	SpendCircle
7521	Earth Destroyer	Primalist	Mountain King	560508	SpendCircle
29667	Rylak's Bite	Primalist	Primal	706342	SpendSquare
4058	Spirit Beast Master	Primalist	Primal	92148	SpendCircle
7109	Fury of the Wild	Primalist	Primal	801234	SpendCircle
29382	Totemic Smash	Primalist	Primal	800178	SpendSquare
6205	Primal Shred	Primalist	Primal	500940	SpendSquare
9212	Primal Weapons	Primalist	Primal	537218	SpendCircle
6261	Pulverize	Primalist	Primal	706153,707811	SpendCircle
6201	Wild At Heart	Primalist	Primal	524677	SpendCircle
6831	Raptor Talons	Primalist	Primal	704096,707812	SpendCircle
6149	Torn to Shreds	Primalist	Primal	500294	SpendCircle
29296	Pulverize	Primalist	Primal	301087	SpendCircle
6365	Primal Resurgence	Primalist	Primal	300688	SpendCircle
31230	Rips and Tears	Primalist	Primal	800141	SpendCircle
6251	Primal Rage	Primalist	Primal	300690	SpendCircle
9851	Wild Rage	Primalist	Primal	301280	SpendCircle
30971	Bring Me Their Bones	Primalist	Primal	806552	SpendSquare
29339	Lacerations	Primalist	Primal	560286	SpendCircle
9208	Tremors	Primalist	Primal	574323	SpendCircle
8008	Elemental Berserker	Primalist	Primal	706338	SpendCircle
29349	Earthshaker	Primalist	Primal	300698	SpendCircle
7332	Savage Frenzy	Primalist	Primal	806549	SpendSquare
29357	Wild Rampage	Primalist	Primal	504197,504881	SpendCircle
31207	Spiritual Frenzy	Primalist	Primal	707367	SpendCircle
6202	Throat Clamp	Primalist	Primal	500764	SpendSquare
7330	Sharpened Claws	Primalist	Primal	504226	SpendCircle
12430	Bloody Claws	Primalist	Primal	504874	SpendCircle
6367	Spinebreaker	Primalist	Primal	537212	SpendCircle
8006	Wild Carnage	Primalist	Primal	503717	SpendCircle
6206	Rush of the Hunt	Primalist	Primal	300691	SpendCircle
9908	Spirit Beast Communion	Primalist	Primal	573365	SpendSquare
11207	Killer's Path	Primalist	Primal	706633	SpendCircle
6826	Bestial Wrath	Primalist	Primal	803347	SpendCircle
30972	Rylak's Blessing	Primalist	Primal	802595	SpendCircle
5151	Totem Warrior	Primalist	Primal	704099	SpendCircle
30969	Totemic Echoes	Primalist	Primal	500937	SpendCircle
4384	Frenzied Roar	Primalist	Primal	800133	SpendSquare
6151	Rexxar's Might	Primalist	Primal	806559	SpendCircle
9909	Empowered Boons	Primalist	Primal	706340	SpendCircle
5008	Son of Ursoc	Primalist	Primal	706176	SpendCircle
29385	Legacy of Rexxar	Primalist	Primal	800184	SpendCircle
29689	Deathchaser	Reaper	Soul	805190	SpendSquare
4056	Weakened Souls	Reaper	Soul	92146	SpendCircle
6716	Soulforged Weaponry	Reaper	Soul	561127,561340	SpendCircle
34466	Mark of Death	Reaper	Soul	560917	SpendCircle
9831	Dirge	Reaper	Soul	801328	SpendSquare
6643	Ghostly Weapon	Reaper	Soul	803997	SpendSquare
6723	Shattered Souls	Reaper	Soul	705441	SpendCircle
9430	Spirit Render	Reaper	Soul	570338	SpendCircle
30315	Soul Generator	Reaper	Soul	520056	SpendCircle
34464	Lamenting	Reaper	Soul	705397	SpendCircle
34465	Death Dealer	Reaper	Soul	705401	SpendCircle
30111	Deathwail	Reaper	Soul	300791	SpendCircle
30118	Ghostly Magic	Reaper	Soul	803998,807889	SpendCircle
34507	Ghastly Hilt	Reaper	Soul	560927	SpendCircle
6755	Soulbender	Reaper	Soul	804004	SpendCircle
9267	Spectre	Reaper	Soul	561170	SpendCircle
30112	Anima Ambusher	Reaper	Soul	705424	SpendCircle
10543	Fleeting Soul	Reaper	Soul	712683	SpendCircle
30543	Soul Piercer	Reaper	Soul	712484	SpendCircle
34469	Reaver	Reaper	Soul	807419	SpendCircle
6390	Essence Harvest	Reaper	Soul	707908	SpendCircle
6709	Chasing Death	Reaper	Soul	707455	SpendCircle
5470	Spirit Chaser	Reaper	Soul	560434	SpendCircle
7315	Apparition	Reaper	Soul	705389	SpendCircle
12843	Shade	Reaper	Soul	573038	SpendSquare
6521	Purgatory	Reaper	Soul	504046	SpendCircle
34470	Soul Bane	Reaper	Soul	705392	SpendCircle
4267	Beyond the Veil	Reaper	Soul	804053	SpendCircle
30536	The Jailer's Call	Reaper	Soul	805195	SpendCircle
8292	Spiritual Reflexes	Reaper	Soul	705436	SpendCircle
30549	Death's Presence	Reaper	Soul	520371	SpendCircle
6724	Spectre's Call	Reaper	Soul	705386,707802	SpendCircle
29601	Endbringer	Reaper	Soul	800922	SpendSquare
31366	The End Is Near	Reaper	Soul	680996	SpendCircle
30548	Lord of Death	Reaper	Soul	805194	SpendCircle
4266	Sepulchral Renewal	Reaper	Soul	561102	SpendSquare
5182	Gravesite	Reaper	Soul	572213	SpendCircle
7782	Soulrot	Reaper	Soul	805196	SpendCircle
34460	Beyond Death	Reaper	Soul	301193	SpendCircle
30107	Wraithblade	Reaper	Class	805258	SpendSquare
29248	Scythe Rush	Reaper	Class	500359	SpendSquare
30113	Tormented Souls	Reaper	Class	500483	SpendSquare
30109	Mysterious Omen	Reaper	Class	561108	SpendCircle
6708	Backswing	Reaper	Class	706790	SpendCircle
6722	Soul Harvester	Reaper	Class	804311	SpendCircle
34461	Soulfused Constitution	Reaper	Class	561100	SpendCircle
6719	Veilwalk	Reaper	Class	803990	SpendSquare
34510	Soul Warden	Reaper	Class	560419,561337	SpendCircle
9322	Jailer's Bargain	Reaper	Class	805718	SpendSquare
6778	Ghastly Form	Reaper	Class	704357	SpendCircle
34495	Withering Touch	Reaper	Class	573071	SpendSquare
34505	Harvester's Scythe	Reaper	Class	805188	SpendCircle
5495	Soulstrider	Reaper	Class	572340	SpendCircle
7945	From the Shadows	Reaper	Class	561099	SpendCircle
7271	Dominion	Reaper	Class	803999	SpendCircle
6780	Burial Rites	Reaper	Class	560422	SpendCircle
9321	Ghastly Screech	Reaper	Class	806146	SpendSquare
34489	Spectre Strength	Reaper	Class	804671,807886	SpendCircle
5600	Limbo	Reaper	Class	800845	SpendSquare
34492	Ghastly Advance	Reaper	Class	805192,807885	SpendCircle
7272	Damned	Reaper	Class	706786	SpendCircle
29564	Soul Tap	Reaper	Class	807397	SpendSquare
34497	Soul Protector	Reaper	Class	300553	SpendCircle
6726	Dark Passage	Reaper	Class	704558	SpendCircle
13500	Into The Shadow Realm	Reaper	Class	561342	SpendCircle
34500	Between Shadows	Reaper	Class	560412	SpendCircle
31125	Mawborn	Reaper	Class	805203	SpendCircle
30324	Essence Invigoration	Reaper	Class	805186	SpendCircle
5464	Sinister Litany	Reaper	Class	805185	SpendSquare
30535	Masochistic Rage	Reaper	Class	803030	SpendSquare
34502	Soul Harvest	Reaper	Class	504012	SpendCircle
7783	Ghost	Reaper	Class	705426	SpendCircle
30534	Painbringer	Reaper	Class	680995	SpendCircle
34499	Soul Furnace	Reaper	Class	805184	SpendCircle
30720	Dreadwake	Reaper	Domination	803992	SpendSquare
4057	Tormentor	Reaper	Domination	92147	SpendCircle
34515	Empyrean Fortitude	Reaper	Domination	706795	SpendCircle
6710	Dark Soldier	Reaper	Domination	560490,561338	SpendCircle
6768	Soultaker	Reaper	Domination	704356	SpendCircle
8293	Requiem	Reaper	Domination	805717	SpendSquare
5722	Lifestealer	Reaper	Domination	301366	SpendCircle
30722	Dominator	Reaper	Domination	301213	SpendCircle
9271	Behemoth	Reaper	Domination	573041	SpendCircle
31289	Bolstered Form	Reaper	Domination	680337	SpendSquare
7946	Dreadknight	Reaper	Domination	300560,301352	SpendCircle
29249	Spectral Scythe	Reaper	Domination	500484	SpendSquare
34520	Intimidating Presence	Reaper	Domination	560478	SpendCircle
34473	Essence Binder	Reaper	Domination	560919	SpendCircle
34521	Soulsight	Reaper	Domination	300565	SpendCircle
6730	Well of Souls	Reaper	Domination	706792	SpendCircle
12330	Well of Eternity	Reaper	Domination	706793	SpendCircle
4272	Soul Slip	Reaper	Domination	500286	SpendCircle
34474	Harnessed Life	Reaper	Domination	705406	SpendCircle
7876	Ethereal Guard	Reaper	Domination	300969	SpendCircle
34472	Fatesealer	Reaper	Domination	705442	SpendCircle
6703	Jailer's Will	Reaper	Domination	524939	SpendCircle
4111	To The Shadowlands	Reaper	Domination	707909	SpendCircle
34516	Spirit Realm	Reaper	Domination	705404	SpendCircle
30550	Spectral Warden	Reaper	Domination	805716	SpendSquare
9272	Dark Soul	Reaper	Domination	706784	SpendCircle
6779	Hard Bargain	Reaper	Domination	300569	SpendCircle
6839	Final Requiem	Reaper	Domination	560486,561358	SpendCircle
30116	Soulstorm	Reaper	Domination	705403	SpendCircle
7784	Life Tap	Reaper	Domination	706788	SpendCircle
13784	Spirit Army	Reaper	Domination	707634	SpendCircle
30119	Soul Splinters	Reaper	Domination	805719	SpendCircle
29379	Soul Knight	Reaper	Domination	560487	SpendCircle
4223	Warden of the Lost	Reaper	Domination	707116	SpendCircle
6777	Siphon Anima	Reaper	Domination	504309	SpendCircle
9672	Decimation	Reaper	Domination	704193	SpendCircle
29693	Painmail	Reaper	Domination	801325	SpendCircle
31262	Spirit Culling	Reaper	Domination	301986	SpendCircle
30533	Eater of Souls	Reaper	Domination	805181	SpendCircle
29378	Doomrend	Reaper	Harvest	800172	SpendSquare
4055	Harvester	Reaper	Harvest	92145	SpendCircle
29246	Maw Knight	Reaper	Harvest	805204,807888	SpendCircle
9270	Bountiful Harvest	Reaper	Harvest	706576	SpendCircle
34480	Crow's Harvest	Reaper	Harvest	504011	SpendSquare
31371	Slaughter	Reaper	Harvest	500373	SpendSquare
5767	Haunter	Reaper	Harvest	705410	SpendCircle
9269	Extinction	Reaper	Harvest	573039	SpendCircle
34481	Dark Fate	Reaper	Harvest	504037	SpendCircle
5762	Red Wake	Reaper	Harvest	707707	SpendCircle
30551	Crimson Death	Reaper	Harvest	705414	SpendCircle
7259	Callous Soul	Reaper	Harvest	705418	SpendCircle
6766	Hungering Scythe	Reaper	Harvest	801335	SpendCircle
34476	Blood Fueled	Reaper	Harvest	705416	SpendCircle
30715	Genocide	Reaper	Harvest	560924	SpendCircle
6838	Hemorrhage	Reaper	Harvest	705432	SpendCircle
30517	Sanguine Harvester	Reaper	Harvest	560892,561339	SpendCircle
12269	Mortal's End	Reaper	Harvest	705437	SpendCircle
31370	Crimson Wraith	Reaper	Harvest	504560,504880	SpendCircle
31373	Harvest Time	Reaper	Harvest	803995	SpendSquare
29250	Souls for the Slaughter	Reaper	Harvest	705428	SpendCircle
31369	Harvesting Grounds	Reaper	Harvest	705413	SpendSquare
29617	Blood Harvester	Reaper	Harvest	300889	SpendCircle
34477	The Time Has Come	Reaper	Harvest	572879	SpendCircle
6684	Siphon Essence	Reaper	Harvest	806125	SpendSquare
9268	Executioner	Reaper	Harvest	500542	SpendCircle
6762	Blood Knight	Reaper	Harvest	704552	SpendCircle
29247	Blood Wraith	Reaper	Harvest	707305	SpendCircle
30545	Doomer	Reaper	Harvest	704556	SpendCircle
7266	Unbound	Reaper	Harvest	706785	SpendCircle
7267	The Grim Reaper	Reaper	Harvest	504269	SpendCircle
29604	Ravenous Thirst	Reaper	Harvest	705409	SpendCircle
30038	Darkrend Scythe	Reaper	Harvest	805205	SpendCircle
29688	Blood Frenzy	Reaper	Harvest	707899	SpendCircle
31368	Ruin	Reaper	Harvest	805198	SpendCircle
11268	This Is My Domain	Reaper	Harvest	500584	SpendCircle
30546	Redshade	Reaper	Harvest	524735	SpendCircle
6765	Deathbringer	Reaper	Harvest	573040	SpendCircle
5562	Shudder Scythe	Reaper	Harvest	805708	SpendCircle
11262	Crimson Thirst	Reaper	Harvest	807415	SpendCircle
31171	Inspiring Leader	Guardian	Inspiration	505344	SpendSquare
4021	Tempo	Guardian	Inspiration	92107	SpendCircle
6432	A Hero's Tale	Guardian	Inspiration	705361,707825	SpendCircle
6454	Leading the March	Guardian	Inspiration	704423,707826	SpendCircle
4836	Strength In Unison	Guardian	Inspiration	300860	SpendCircle
34433	Veteran of the Third War	Guardian	Inspiration	300540	SpendCircle
31362	Dragonslayer	Guardian	Inspiration	706333	SpendCircle
6428	Into The Fray	Guardian	Inspiration	704525	SpendCircle
13616	Spirit of Battle	Guardian	Inspiration	504159	SpendCircle
29216	Banner of Conquest	Guardian	Inspiration	500261	SpendSquare
30829	Battle Bard	Guardian	Inspiration	806140	SpendCircle
31361	Soundwave	Guardian	Inspiration	705318	SpendCircle
31141	Harrowing Melody	Guardian	Inspiration	572821	SpendSquare
29797	Hero's March	Guardian	Inspiration	801774	SpendSquare
34430	Liberation	Guardian	Inspiration	803963	SpendSquare
11214	Knight's Song	Guardian	Inspiration	505228	SpendCircle
29214	Banner of Swiftness	Guardian	Inspiration	500259	SpendSquare
31359	Minstrel	Guardian	Inspiration	704533	SpendCircle
7040	Pied Piper	Guardian	Inspiration	705350	SpendCircle
11040	Frontliner	Guardian	Inspiration	504782	SpendCircle
12123	Bard's Manuscript	Guardian	Inspiration	704526	SpendCircle
34435	Warbringer's Manuscript	Guardian	Inspiration	705351	SpendCircle
1789	Reverberations	Guardian	Inspiration	520650	SpendCircle
9279	Show of Force	Guardian	Inspiration	573047	SpendCircle
30098	Powerful Voice	Guardian	Inspiration	705356	SpendCircle
30825	Little Drummer	Guardian	Inspiration	706636	SpendCircle
30145	Elegant Combat	Guardian	Inspiration	804047	SpendCircle
29798	Banner Boy	Guardian	Inspiration	705359,707827	SpendCircle
7836	Song of Steel	Guardian	Inspiration	704540	SpendSquare
10836	Dissonance	Guardian	Inspiration	505202	SpendCircle
5825	War's Muse	Guardian	Inspiration	505201	SpendCircle
9450	Stand Your Ground!	Guardian	Inspiration	806142	SpendCircle
31315	You Shall Not Fall!	Guardian	Inspiration	505200	SpendCircle
11797	Battle Drums	Guardian	Inspiration	803683	SpendSquare
34434	Fearless	Guardian	Inspiration	505199	SpendCircle
34436	Cavalry Tactics	Guardian	Inspiration	503631	SpendCircle
31364	Legion Commander	Guardian	Inspiration	704535	SpendCircle
29432	Echoes of War	Guardian	Inspiration	704539	SpendCircle
30097	Song of Battle	Guardian	Inspiration	803956	SpendSquare
7309	Bannerman	Guardian	Inspiration	504144	SpendCircle
11836	Inspiring Presence	Guardian	Inspiration	705352	SpendSquare
11837	Champion's Presence	Guardian	Inspiration	520835	SpendSquare
31316	Voice of an Angel	Guardian	Inspiration	704420	SpendSquare
31358	War Drums	Guardian	Inspiration	704524	SpendCircle
29433	Field Commander	Guardian	Inspiration	705320	SpendCircle
31169	Heavy Blow	Guardian	Vanguard	803129	SpendSquare
4019	Footman's Calling	Guardian	Vanguard	92105	SpendCircle
30056	Iron Guardian	Guardian	Vanguard	705364,707816,712473	SpendCircle
30802	Heavy Expert	Guardian	Vanguard	803128	SpendCircle
31319	With Honor	Guardian	Vanguard	504383	SpendCircle
4718	Bulwark	Guardian	Vanguard	804046	SpendCircle
6712	Shieldbound	Guardian	Vanguard	706515	SpendCircle
11060	Honorbound	Guardian	Vanguard	803571	SpendCircle
34448	Knight's Conviction	Guardian	Vanguard	705369,707815	SpendCircle
30144	Footman's Call	Guardian	Vanguard	705376	SpendCircle
1719	Seasoned Fighter	Guardian	Vanguard	704421	SpendCircle
34441	Vanguard's Might	Guardian	Vanguard	705345	SpendCircle
34440	Bring Down The Hammer!	Guardian	Vanguard	705379	SpendCircle
4716	Iron Barrier	Guardian	Vanguard	705331	SpendCircle
34417	Vanguard's Shield	Guardian	Vanguard	804383	SpendCircle
34439	Hold the Line	Guardian	Vanguard	803830	SpendSquare
34445	Hammer of the Law	Guardian	Vanguard	704418	SpendSquare
31318	Battle Wary	Guardian	Vanguard	705332	SpendCircle
30530	Retaliation	Guardian	Vanguard	582901	SpendCircle
34443	Plate Buster	Guardian	Vanguard	705333	SpendCircle
34438	Stalwart	Guardian	Vanguard	704413,707817	SpendCircle
29220	Unscuffable	Guardian	Vanguard	503837	SpendCircle
30061	Order In The Court	Guardian	Vanguard	707716	SpendCircle
30060	The Green Tower	Guardian	Vanguard	560410	SpendCircle
4710	Experienced Soldier	Guardian	Vanguard	570713	SpendCircle
34446	Valorous Strikes	Guardian	Vanguard	524932	SpendCircle
31320	Resilient	Guardian	Vanguard	707137	SpendCircle
29213	Forceful Impact	Guardian	Vanguard	705346	SpendCircle
7180	Lionheart	Guardian	Vanguard	531515	SpendCircle
19218	Valiant Knight	Guardian	Vanguard	582937	SpendCircle
29219	Valiant Defender	Guardian	Vanguard	582933	SpendCircle
34447	King's Guard	Guardian	Vanguard	803134	SpendCircle
30529	Shield Unit	Guardian	Vanguard	804891	SpendCircle
1721	Wreck Formation	Guardian	Vanguard	803126	SpendCircle
12710	High Guard	Guardian	Vanguard	707621	SpendCircle
29969	Paragon	Guardian	Vanguard	706514	SpendCircle
30434	Bastion	Guardian	Vanguard	802283	SpendSquare
29992	Shieldlord’s Strength	Guardian	Vanguard	803738	SpendCircle
31170	Centurion Strike	Guardian	Gladiator	802286	SpendSquare
4020	Glory	Guardian	Gladiator	92106	SpendCircle
4410	Might	Guardian	Gladiator	300538,301355	SpendCircle
29426	Legionnaire	Guardian	Gladiator	504730,504883	SpendCircle
30000	Sword Training	Guardian	Gladiator	802297,803831,807891	SpendCircle
29661	Supremacy	Guardian	Gladiator	504140	SpendCircle
5433	Axe Training	Guardian	Gladiator	704515,707818,712474	SpendCircle
4220	Shield Training	Guardian	Gladiator	524885	SpendCircle
7306	Polearm Training	Guardian	Gladiator	802299,803832,807892	SpendCircle
34458	Upper Hand	Guardian	Gladiator	802295	SpendCircle
5349	Built Different	Guardian	Gladiator	300545	SpendCircle
34455	Mace Training	Guardian	Gladiator	705336,707819,712475	SpendCircle
34410	Double Duty	Guardian	Gladiator	504184	SpendCircle
7038	Champion	Guardian	Gladiator	300972	SpendCircle
6433	Crashing Force	Guardian	Gladiator	705329,707820	SpendCircle
12224	Experienced Combatant	Guardian	Gladiator	707633	SpendCircle
7307	Spear Throw	Guardian	Gladiator	500463	SpendSquare
6431	Tactical Combat	Guardian	Gladiator	504503,504884	SpendCircle
34450	Heroic Effort	Guardian	Gladiator	301057	SpendCircle
30003	No Escape	Guardian	Gladiator	802300	SpendCircle
34453	Bulwark Rush	Guardian	Gladiator	300536	SpendCircle
6434	No Retreating!	Guardian	Gladiator	504139	SpendCircle
6430	Waste No Movement	Guardian	Gladiator	704516	SpendCircle
4123	Overwhelming Presence	Guardian	Gladiator	712367	SpendCircle
6989	Momentum	Guardian	Gladiator	504531	SpendCircle
6990	Myrmidon	Guardian	Gladiator	504530	SpendCircle
4224	Shield Combat	Guardian	Gladiator	807297	SpendCircle
4654	Pinned Down!	Guardian	Gladiator	301252	SpendCircle
31354	Clinch Brawler	Guardian	Gladiator	707310	SpendCircle
6547	Deadly Blow	Guardian	Gladiator	706807	SpendCircle
29998	Retiarius	Guardian	Gladiator	705338	SpendCircle
30528	Close Combat	Guardian	Gladiator	704514	SpendCircle
31352	Heroism	Guardian	Gladiator	705323	SpendCircle
6429	One-Handed Mastery	Guardian	Gladiator	300541	SpendCircle
4225	Favor	Guardian	Gladiator	704322	SpendCircle
31285	Calculated Strike	Guardian	Gladiator	705341	SpendCircle
30019	Final Verdict	Guardian	Gladiator	500258	SpendSquare
29999	Earthsplitter	Guardian	Gladiator	805155	SpendCircle
29430	Net Throw	Guardian	Class	802304	SpendSquare
29796	Standard of Rallying	Guardian	Class	500263	SpendSquare
30057	Brace	Guardian	Class	800313	SpendSquare
6362	Knightly Demeanor	Guardian	Class	504148	SpendCircle
6455	Gallant	Guardian	Class	705368,707813	SpendCircle
34427	Sturdy	Guardian	Class	706639	SpendCircle
30433	Light Nets	Guardian	Class	704150	SpendCircle
6364	Guardbreaker	Guardian	Class	504385	SpendCircle
6456	Valiant Effort	Guardian	Class	706637	SpendCircle
6818	Resolve	Guardian	Class	706806	SpendCircle
34422	Deflector	Guardian	Class	706336	SpendCircle
7310	Glorious Arena	Guardian	Class	300983	SpendSquare
6817	Press the Line!	Guardian	Class	300542	SpendCircle
29972	Shrug It Off	Guardian	Class	802198	SpendSquare
29639	Shield Wall	Guardian	Class	705370,707814	SpendCircle
7786	Lord of the Arena	Guardian	Class	802290	SpendCircle
29971	Unstoppable	Guardian	Class	704513	SpendCircle
30316	Heroic Deeds	Guardian	Class	804661	SpendCircle
6363	Reflective Shield	Guardian	Class	300927	SpendSquare
7320	Bloodletter	Guardian	Class	560093	SpendCircle
34415	Myrmidon	Guardian	Class	503532	SpendCircle
34407	Valiance	Guardian	Class	705324	SpendCircle
29431	Counter Stance	Guardian	Class	802188	SpendSquare
29429	Standard Bearer	Guardian	Class	806134	SpendCircle
29996	Recuperation	Guardian	Class	801121	SpendCircle
34421	Energetic	Guardian	Class	705316	SpendCircle
34419	Knight's Advantage	Guardian	Class	705378	SpendCircle
34414	Steel Riposte	Guardian	Class	300534	SpendCircle
7311	Pit Fighter	Guardian	Class	802296	SpendCircle
30059	Warstopper	Guardian	Class	705330	SpendCircle
34405	Thick Shields	Guardian	Class	807346	SpendCircle
12431	Knight's Calling	Guardian	Class	504151	SpendSquare
29970	Make Room! I'm Here.	Guardian	Class	300543	SpendCircle
34404	Master of Arms	Guardian	Class	705315	SpendCircle
34425	Relentless	Guardian	Class	705343	SpendCircle
34429	Honorable Demeanor	Guardian	Class	705377	SpendCircle
29427	Refuse To Die	Guardian	Class	804892	SpendCircle
34426	Grand Entrance	Guardian	Class	802870	SpendSquare
30100	Valiant Warrior	Guardian	Class	524694	SpendCircle
34403	Press the Attack	Guardian	Class	801219	SpendSquare
29531	Runic Brand	Runemaster	Runic	712299	SpendSquare
4062	Fists of Power	Runemaster	Runic	92153	SpendCircle
9221	Eternal Magic	Runemaster	Runic	806698	SpendCircle
34578	Leystone Springs	Runemaster	Runic	300581	SpendCircle
34656	Graceful	Runemaster	Runic	806708,807922	SpendCircle
29533	Fist of the Ancients	Runemaster	Runic	712326	SpendSquare
6493	Alteration	Runemaster	Runic	705619,707875	SpendCircle
4201	Primordial Strength	Runemaster	Runic	301149	SpendCircle
4655	Elemental Mastery	Runemaster	Runic	806711	SpendCircle
6482	Ancient Warrior	Runemaster	Runic	520755	SpendCircle
34601	Elemental Strikes	Runemaster	Runic	806704	SpendCircle
7375	Leyborn	Runemaster	Runic	705609	SpendCircle
29221	Uncovered Engravings	Runemaster	Runic	567233	SpendCircle
30733	Tempo	Runemaster	Runic	807172	SpendCircle
4202	Elemental Carvings	Runemaster	Runic	705618	SpendCircle
34659	Mark of Strength	Runemaster	Runic	560050	SpendCircle
34655	Brandmaster	Runemaster	Runic	520524	SpendCircle
7373	Guarding Rune	Runemaster	Runic	500464	SpendSquare
30734	Volcanic Etching	Runemaster	Runic	705615	SpendCircle
29911	Flowing Rivers	Runemaster	Runic	524697	SpendCircle
30735	Wind Surge	Runemaster	Runic	805750	SpendCircle
1778	Devastating Flames	Runemaster	Runic	806993	SpendCircle
1779	Granite Shield	Runemaster	Runic	806996	SpendCircle
34579	Leyline Disturbance	Runemaster	Runic	560540	SpendCircle
1821	Protective Warding	Runemaster	Runic	800756	SpendCircle
6495	Runebound Surge	Runemaster	Runic	707423	SpendCircle
7374	Earth, Wind, and Fire	Runemaster	Runic	706531	SpendCircle
34661	Forbidden Engraving	Runemaster	Runic	705543	SpendCircle
4802	Power Overwhelming	Runemaster	Runic	707876	SpendCircle
1662	Explosive Runes	Runemaster	Runic	521219	SpendCircle
1734	Magic Etchings	Runemaster	Runic	300582	SpendCircle
14154	Symbols of Power	Runemaster	Runic	705613,705614	SpendCircle
34660	Sky and Stone	Runemaster	Runic	560053	SpendCircle
30758	Echoes of Eternity	Runemaster	Runic	521211	SpendCircle
1679	Runic Tempest	Runemaster	Runic	560036	SpendSquare
1578	Fists of Power	Runemaster	Runic	805796	SpendSquare
9802	Branded	Runemaster	Runic	707717	SpendCircle
1770	Runelord	Runemaster	Runic	806984	SpendCircle
30678	Ley Power	Runemaster	Runic	801096	SpendSquare
31270	Steam Conjurer	Runemaster	Runic	805743	SpendCircle
1771	Stone Savant	Runemaster	Runic	520917	SpendCircle
29521	Zenith	Runemaster	Class	712325	SpendSquare
31102	Glacial Rune	Runemaster	Class	807842	SpendSquare
29218	Warpdagger	Runemaster	Class	500287	SpendSquare
29166	Ley Constitution	Runemaster	Class	705562	SpendCircle
34648	Mystical Etchings	Runemaster	Class	806795,807921	SpendCircle
7376	Runic Tattoos	Runemaster	Class	800736	SpendCircle
34649	Warpmaster	Runemaster	Class	560992	SpendCircle
30158	Speed Rune	Runemaster	Class	801103	SpendSquare
34653	Phase Out	Runemaster	Class	500671	SpendSquare
34580	Runic Affinity	Runemaster	Class	705621	SpendCircle
30728	Granite Resolve	Runemaster	Class	520229	SpendSquare
34612	Blade Rift	Runemaster	Class	520237	SpendCircle
29226	Ancient Teachings	Runemaster	Class	806797	SpendCircle
11647	Nomad's Scroll	Runemaster	Class	707653	SpendCircle
34647	Elemental Secrets	Runemaster	Class	707149	SpendCircle
33375	Primal Rune	Runemaster	Class	705636	SpendCircle
7377	Prismatic Flow	Runemaster	Class	705581	SpendCircle
34615	Shroudwalker	Runemaster	Class	705563	SpendCircle
34663	Speedy Attuner	Runemaster	Class	705554,707746	SpendCircle
7829	Permafrost Rune	Runemaster	Class	804060	SpendSquare
34610	Warding Rune	Runemaster	Class	804232	SpendSquare
34614	Primordialism	Runemaster	Class	520054	SpendCircle
6378	Master Engraver	Runemaster	Class	705605	SpendCircle
30173	Wind Walker	Runemaster	Class	807376	SpendCircle
34609	Master of Runes	Runemaster	Class	804531	SpendCircle
30327	Magic Feeder	Runemaster	Class	705546	SpendCircle
6476	Stone Petroglyph	Runemaster	Class	707157	SpendCircle
9210	Unbound	Runemaster	Class	806718	SpendCircle
5648	Glyphs of Power	Runemaster	Class	520145	SpendCircle
6477	Mind Wrath	Runemaster	Class	800757	SpendCircle
34607	Mind Over Matter	Runemaster	Class	706674	SpendCircle
6483	Decoder	Runemaster	Class	706523	SpendCircle
34616	Elements of Fury	Runemaster	Class	707413	SpendCircle
34617	Runic Breakout	Runemaster	Class	705583	SpendCircle
29228	Power Engraving	Runemaster	Class	500296	SpendSquare
29637	Convergence	Runemaster	Class	801086	SpendSquare
6485	Sigilist	Runemaster	Class	705586	SpendCircle
31212	Smolder	Runemaster	Riftblade	801087	SpendSquare
4063	Riftblade	Runemaster	Riftblade	92154	SpendCircle
34624	Runic Omen	Runemaster	Riftblade	705580	SpendCircle
6474	Unbound Energy	Runemaster	Riftblade	705570,707877	SpendCircle
34599	Hurricane	Runemaster	Riftblade	645435	SpendSquare
6470	Cinderstorm Runes	Runemaster	Riftblade	706458	SpendCircle
30031	Melting Runes	Runemaster	Riftblade	803013	SpendCircle
30026	Hoarfrost	Runemaster	Riftblade	801104	SpendSquare
4251	Elemental Assassin	Runemaster	Riftblade	705541	SpendCircle
1774	Spellblade	Runemaster	Riftblade	705540,707878	SpendCircle
5451	Frozen Earth	Runemaster	Riftblade	705592	SpendCircle
30027	Runic Invocation	Runemaster	Riftblade	807204	SpendCircle
30030	Wind Runes	Runemaster	Riftblade	706672	SpendCircle
34598	Water Runes	Runemaster	Riftblade	707150	SpendCircle
30603	Residual Power	Runemaster	Riftblade	560040	SpendCircle
9619	Rift Clones	Runemaster	Riftblade	707463	SpendCircle
34619	Phaser	Runemaster	Riftblade	706518	SpendCircle
6473	Frost Spectre	Runemaster	Riftblade	560039,561350	SpendCircle
6487	Leyfrost	Runemaster	Riftblade	712308	SpendCircle
4475	Windsage	Runemaster	Riftblade	705568	SpendCircle
30032	Echo Rune	Runemaster	Riftblade	500270	SpendSquare
2253	Primordial Fury	Runemaster	Riftblade	806543	SpendSquare
34622	Elements, Heed My Call!	Runemaster	Riftblade	706670	SpendCircle
6486	Battle Engravings	Runemaster	Riftblade	802669	SpendCircle
1756	Windbreaker	Runemaster	Riftblade	804094	SpendCircle
6481	Magebreaker	Runemaster	Riftblade	804061	SpendCircle
1598	Elemental Acuity	Runemaster	Riftblade	706671	SpendCircle
30029	Primordial Echoes	Runemaster	Riftblade	705572	SpendCircle
6478	Earthen Codex	Runemaster	Riftblade	707460	SpendCircle
6475	Glyph of Disappearance	Runemaster	Riftblade	560037	SpendCircle
34621	Swift Etching	Runemaster	Riftblade	705600	SpendCircle
30033	Runic Power	Runemaster	Riftblade	300944	SpendCircle
1722	Frostburn	Runemaster	Riftblade	705594	SpendCircle
31242	Freezing Codex	Runemaster	Riftblade	705577	SpendCircle
7382	Fracture	Runemaster	Riftblade	803018	SpendSquare
31136	Spellfire Runes	Runemaster	Riftblade	801511	SpendCircle
34640	Elemental Inscription	Runemaster	Riftblade	806737	SpendCircle
9975	Surging Slash	Runemaster	Riftblade	705579	SpendCircle
30034	Waveforged	Runemaster	Riftblade	705565	SpendCircle
29633	Genesis	Runemaster	Riftblade	500501	SpendSquare
6472	Turbulence	Runemaster	Riftblade	705575	SpendSquare
66733	Glyphic Ruin	Runemaster	Arcane	801179	SpendSquare
4061	Frost Glyph	Runemaster	Arcane	92152	SpendCircle
34664	Flame Glyph	Runemaster	Arcane	705625	SpendCircle
30208	Focusing Crystals	Runemaster	Arcane	705564,707879	SpendCircle
7834	Arcane Glyph	Runemaster	Arcane	805727	SpendCircle
7833	Expert Elementalist	Runemaster	Arcane	807505	SpendCircle
3826	Ley Magician	Runemaster	Arcane	804580	SpendCircle
31126	Frigid Blast	Runemaster	Arcane	500118	SpendSquare
34669	Glyphic Overload	Runemaster	Arcane	520099	SpendSquare
7839	Concentrated Magic	Runemaster	Arcane	560995,561351	SpendCircle
11605	Frigid Elements	Runemaster	Arcane	707654	SpendCircle
34602	Cold Elements	Runemaster	Arcane	520138	SpendCircle
31129	Primordial Power	Runemaster	Arcane	705556	SpendCircle
6825	Wizardry	Runemaster	Arcane	705632	SpendCircle
29536	Runeslinger	Runemaster	Arcane	705550	SpendCircle
1581	Primordial Salvos	Runemaster	Arcane	800752	SpendCircle
34576	Primordial Pulse	Runemaster	Arcane	300578	SpendSquare
3828	Unleashed Tattoos	Runemaster	Arcane	804561	SpendCircle
31106	Advanced Magi	Runemaster	Arcane	804557	SpendCircle
29522	Silencing Rune	Runemaster	Arcane	802631	SpendSquare
31131	Thaumaturgy	Runemaster	Arcane	804550	SpendSquare
29528	Terraglyphs	Runemaster	Arcane	705551	SpendCircle
34581	Leyline Magician	Runemaster	Arcane	706823	SpendCircle
31108	Glyphic Destruction	Runemaster	Arcane	800758	SpendCircle
34665	Arcane Student	Runemaster	Arcane	300576	SpendCircle
34603	Phase Rush	Runemaster	Arcane	805724	SpendCircle
6879	Runes of Quickness	Runemaster	Arcane	560527	SpendCircle
29222	Bursting Pulses	Runemaster	Arcane	300584	SpendCircle
3829	Unleashed Power	Runemaster	Arcane	807504	SpendCircle
34605	Glyph Seeker	Runemaster	Arcane	705627	SpendCircle
7849	Cryomagi	Runemaster	Arcane	805726	SpendCircle
6389	Ley Walker	Runemaster	Arcane	500250	SpendCircle
29343	Harnessing Leylines	Runemaster	Arcane	704139	SpendCircle
31128	Burned Etching	Runemaster	Arcane	500476	SpendCircle
29167	Eye of the Beholder	Runemaster	Arcane	500121	SpendSquare
29346	Glyph God	Runemaster	Arcane	520156	SpendCircle
34668	Scroll of Magic	Runemaster	Arcane	802204	SpendCircle
9729	Runic Obliteration	Runemaster	Arcane	705560	SpendCircle
7818	Kirin Tor Agent	Runemaster	Arcane	705634	SpendCircle
29955	Manuscription	Runemaster	Arcane	524952	SpendSquare
34670	Glyph Master	Runemaster	Arcane	520015	SpendCircle
6828	Bomb Toss	Tinker	Demolition	801005	SpendSquare
4049	Napalm	Tinker	Demolition	92138	SpendCircle
29613	Rocket Launcher	Tinker	Demolition	500235	SpendSquare
7001	Build: Spider Bomb	Tinker	Demolition	500535	SpendSquare
34996	Incendiary Bullets	Tinker	Demolition	707269,707841	SpendCircle
9621	Sparked and Ready!	Tinker	Demolition	705815	SpendCircle
31237	I Need More Explosions!	Tinker	Demolition	503550	SpendCircle
6385	Target Acquired	Tinker	Demolition	707262	SpendCircle
7002	Boom Hour	Tinker	Demolition	802963	SpendCircle
30581	Build: Firepot Drone	Tinker	Demolition	500600	SpendSquare
34997	Duobombers	Tinker	Demolition	707258	SpendCircle
34994	Aftermath	Tinker	Demolition	707260	SpendCircle
34992	Explosives Expert	Tinker	Demolition	706379	SpendCircle
7842	Drone Striker	Tinker	Demolition	707256	SpendCircle
6505	Grenadier	Tinker	Demolition	707240	SpendCircle
11120	Bombastic	Tinker	Demolition	707271	SpendCircle
5990	Flamethrowing	Tinker	Demolition	707237	SpendCircle
30586	War Crimes	Tinker	Demolition	707239	SpendCircle
30702	Tank Buster	Tinker	Demolition	707254	SpendCircle
6883	Build: Oil-Spill Pylon	Tinker	Demolition	707257	SpendSquare
29340	Surprise Launch!	Tinker	Demolition	707244	SpendCircle
6386	Bomb Builder	Tinker	Demolition	520811	SpendCircle
6991	Tracer Augmentation	Tinker	Demolition	653245	SpendSquare
34985	Buster Scope	Tinker	Demolition	707253	SpendCircle
34989	Mega Scope	Tinker	Demolition	707252	SpendCircle
7840	The BIG Guns!	Tinker	Demolition	560593	SpendCircle
29825	Rockadier	Tinker	Demolition	801827	SpendSquare
11140	Bomb Squad	Tinker	Demolition	520131	SpendCircle
5991	Machine Synergy	Tinker	Demolition	707277	SpendCircle
29441	Rocket Engineering	Tinker	Demolition	573247	SpendCircle
7047	Gazlowe's Wisdom	Tinker	Demolition	803074	SpendCircle
7035	Rocket Pack	Tinker	Demolition	705820	SpendCircle
4883	Boomshot	Tinker	Demolition	707249	SpendCircle
30580	Short Fuse	Tinker	Demolition	707246	SpendCircle
29921	Build: Spider Bomb Factory	Tinker	Demolition	802052	SpendSquare
30579	Rocket Turrets	Tinker	Demolition	707259	SpendCircle
4740	Bomber Man	Tinker	Demolition	707273	SpendCircle
5985	Rocket Barrage	Tinker	Demolition	805314	SpendCircle
34984	Explosive Inventor	Tinker	Demolition	300636	SpendCircle
7004	Hyperblast Barrage	Tinker	Demolition	500249	SpendSquare
31113	Rocket Boots	Tinker	Class	500241	SpendSquare
29203	Build: Destructo-Bot	Tinker	Class	804673	SpendSquare
29813	Nanobot Reconstruction	Tinker	Class	801809	SpendSquare
5998	Explosive Personality	Tinker	Class	704111,707833	SpendCircle
6001	Refined Gunpowder	Tinker	Class	705781,705782	SpendCircle
6992	Backup Fuel	Tinker	Class	705810	SpendCircle
5116	Clockwork Ingenuity	Tinker	Class	505336	SpendCircle
6996	Hasty Tech	Tinker	Class	705805	SpendCircle
5999	Macro-Gravity Zone	Tinker	Class	707104	SpendSquare
6551	Flexible Thinking	Tinker	Class	705825,705826	SpendCircle
8355	Med Pack	Tinker	Class	800347	SpendSquare
5974	Frozen Bomb Launcher	Tinker	Class	707265	SpendCircle
6998	Maniacal	Tinker	Class	706375	SpendCircle
31235	Efficiency	Tinker	Class	705806	SpendCircle
5995	Medical Degree	Tinker	Class	505327	SpendCircle
9995	Enhanced Procedures	Tinker	Class	506819	SpendCircle
4871	Concussive Spanner	Tinker	Class	704107	SpendCircle
5331	Innate Brilliance	Tinker	Class	572545	SpendCircle
29201	Function Over Form	Tinker	Class	572538	SpendCircle
30869	Kinetic Shield	Tinker	Class	806224	SpendSquare
7034	Mechaplating	Tinker	Class	705831	SpendCircle
5103	Modulator	Tinker	Class	707832	SpendCircle
9987	Build: Repulsion Unit	Tinker	Class	706904	SpendSquare
6829	I'm The Creator Now	Tinker	Class	503534	SpendCircle
4987	Cutting Edge Technology	Tinker	Class	707398	SpendCircle
34987	Rocket Bombardment	Tinker	Class	706695	SpendCircle
30583	Build: Alarm Beacon	Tinker	Class	560754	SpendSquare
8354	Ventilation	Tinker	Class	572367	SpendCircle
5195	Mechanosoldier	Tinker	Class	705827	SpendCircle
6890	Mechanical Enhancements	Tinker	Class	506632	SpendCircle
29209	Bunker Operative	Tinker	Class	801706	SpendCircle
29440	Air Strike	Tinker	Class	801744	SpendSquare
29777	Scrapshielding	Tinker	Class	806627	SpendCircle
30839	Deathball	Tinker	Class	500236	SpendSquare
5996	Goblin Depravity	Tinker	Class	806762	SpendCircle
5997	Auto Resuscitation Device	Tinker	Class	520445	SpendSquare
29816	Build: Restorative Beacon	Tinker	Invention	801801	SpendSquare
4050	Build: ZIGGI-6K	Tinker	Invention	92140	SpendSquare
5978	Over-Repaired	Tinker	Invention	807498,807897	SpendCircle
7921	Field Medic	Tinker	Invention	560789	SpendCircle
6966	Master Builder	Tinker	Invention	807966	SpendCircle
7922	Stim Augmentation	Tinker	Invention	653239	SpendSquare
5979	Technician	Tinker	Invention	560735,561341	SpendCircle
2609	Scientific Nature	Tinker	Invention	705802	SpendCircle
6973	Macro Designer	Tinker	Invention	505230	SpendCircle
5972	Inventor's Tool Belt	Tinker	Invention	560742	SpendCircle
30572	Eureka!	Tinker	Invention	503552	SpendCircle
6975	Nanobot Swarm	Tinker	Invention	801709	SpendSquare
5980	Stim Pack	Tinker	Invention	807531	SpendCircle
6967	Stim Shots	Tinker	Invention	808009	SpendCircle
30422	Bandage Gun	Tinker	Invention	705780	SpendCircle
6972	Improved Emergency Heal	Tinker	Invention	504918	SpendCircle
2429	Beacon Charging	Tinker	Invention	524834	SpendSquare
5676	Healing Radiator	Tinker	Invention	705846	SpendCircle
6974	Fine Tuning	Tinker	Invention	300877	SpendCircle
30574	Zap!	Tinker	Invention	680196	SpendSquare
10571	J27 Upgrade	Tinker	Invention	301322	SpendCircle
30571	Electromagnetic Resistors	Tinker	Invention	560734	SpendCircle
30577	Cybernetic Revivification	Tinker	Invention	705811	SpendCircle
30575	Build: Battery Recharge Station	Tinker	Invention	805308	SpendSquare
30573	Build: Noise Box	Tinker	Invention	807723	SpendSquare
5965	Rejuvenating Gadget	Tinker	Invention	805306	SpendCircle
29812	Trust the Science!	Tinker	Invention	300653	SpendCircle
9429	Graftbolts	Tinker	Invention	560785	SpendCircle
6971	Nanobot Cleanser	Tinker	Invention	502537	SpendSquare
6333	Rapid Fire Healing	Tinker	Invention	705803	SpendCircle
5989	Mana Capacitors	Tinker	Invention	506818,506825	SpendCircle
7918	Resourceful Tech	Tinker	Invention	560791	SpendCircle
6979	My Greatest Invention!	Tinker	Invention	560744	SpendSquare
6969	Self-Sustaining Technology	Tinker	Invention	705817	SpendCircle
7402	Emergency Circumvented	Tinker	Invention	805303	SpendCircle
9428	Cybernetic Shield	Tinker	Invention	807748	SpendCircle
6977	Epiphany!	Tinker	Invention	560782	SpendCircle
5982	Combat Symbiosis	Tinker	Invention	805305	SpendSquare
6976	Emergency Enhancer	Tinker	Invention	560787	SpendCircle
31199	Makeshift Dynamite	Tinker	Mechanics	504527	SpendSquare
4051	Build: Mechsuit	Tinker	Mechanics	92141	SpendCircle
7037	Mechsuit: Laser Beam	Tinker	Mechanics	805372	SpendSquare
29501	Slam the Cogs!	Tinker	Mechanics	520453,520876	SpendCircle
30979	Sprocket Loaded	Tinker	Mechanics	807500	SpendCircle
6530	Mechanical Synergy	Tinker	Mechanics	680200,681482	SpendCircle
5970	Bombs? BOMBS!	Tinker	Mechanics	705789	SpendCircle
2426	Combat Crafter	Tinker	Mechanics	807499	SpendCircle
29500	Mechsuit: Combustion	Tinker	Mechanics	801387	SpendSquare
7878	Fine Tuned	Tinker	Mechanics	705792	SpendCircle
5212	Mechsuit: Activate Jets	Tinker	Mechanics	801389	SpendSquare
5503	Turbo Guns	Tinker	Mechanics	520809	SpendCircle
29503	Flak Guns	Tinker	Mechanics	520686	SpendCircle
5966	Regeneration Enhancement	Tinker	Mechanics	807635	SpendCircle
6491	Junker	Tinker	Mechanics	705786	SpendCircle
29206	Build: Scrapmaw	Tinker	Mechanics	500242	SpendSquare
2427	Battle Engineer	Tinker	Mechanics	806629	SpendCircle
6531	Overload	Tinker	Mechanics	707403	SpendCircle
29761	Scrapper	Tinker	Mechanics	525039	SpendSquare
9980	Offensive Utility	Tinker	Mechanics	807388	SpendCircle
30980	Defensive Utility	Tinker	Mechanics	806631	SpendCircle
30399	Nano-Repair Tech	Tinker	Mechanics	681358	SpendCircle
7014	Augmechtation	Tinker	Mechanics	503568	SpendCircle
7015	Engine Augmentation	Tinker	Mechanics	503569	SpendCircle
6504	Mechanical Extender	Tinker	Mechanics	681003	SpendCircle
29818	Mechanical Enhancements	Tinker	Mechanics	706632	SpendCircle
7395	Upgrade!	Tinker	Mechanics	800349	SpendSquare
6908	Master Builder	Tinker	Mechanics	704475	SpendCircle
9503	Arclight Core	Tinker	Mechanics	704449	SpendCircle
2428	Turbo Upgrade!	Tinker	Mechanics	707115	SpendCircle
29765	Arclight Adept	Tinker	Mechanics	705788	SpendCircle
5961	Cogmaster	Tinker	Mechanics	504525	SpendCircle
7013	Junkyard Loiter	Tinker	Mechanics	706680	SpendCircle
12532	Augmentor	Tinker	Mechanics	801821	SpendCircle
35000	Hacking the Enemy	Tinker	Mechanics	705796	SpendCircle
9474	Turret Upgrade Z-15	Tinker	Mechanics	524979	SpendCircle
7018	Flame Jets	Tinker	Mechanics	504523	SpendCircle
7021	Master Technician	Tinker	Mechanics	520022	SpendCircle
7394	Overclocked Machine	Tinker	Mechanics	806757	SpendSquare
9828	Gear Grind	Tinker	Mechanics	680975	SpendCircle
31112	Blazewrought Titan	Tinker	Mechanics	681001	SpendCircle
5491	Haywired State!	Tinker	Mechanics	707395	SpendCircle
7396	Clockwork Guardians	Tinker	Mechanics	806758	SpendCircle
29510	Horusath Blast	SunCleric	Class	500154	SpendSquare
33979	Solar Prayer	SunCleric	Class	806479	SpendSquare
29446	Solar Invocation: Resplendence	SunCleric	Class	806159	SpendSquare
34018	Swift Justice	SunCleric	Class	300322,300327	SpendCircle
29513	Solar Might	SunCleric	Class	704916,570120	SpendCircle
34029	Sintorcher	SunCleric	Class	704909	SpendCircle
31150	Sun Stride	SunCleric	Class	680700	SpendSquare
6563	Devotee	SunCleric	Class	707767	SpendCircle
33988	Solar Invocation: Conquest	SunCleric	Class	800764	SpendSquare
30816	Blessed Armor	SunCleric	Class	300334	SpendCircle
30153	Solar Invocation: Revelation	SunCleric	Class	503651	SpendSquare
7369	Suncharged	SunCleric	Class	804628	SpendCircle
30309	Enveloped in Light	SunCleric	Class	680652,681467	SpendCircle
34032	Solar Guardian	SunCleric	Class	704581	SpendCircle
10956	Devoted to the Light	SunCleric	Class	681436	SpendCircle
30956	Devoted to the Sun	SunCleric	Class	681066	SpendCircle
6569	Holy Conquest	SunCleric	Class	504248	SpendCircle
7314	Glare	SunCleric	Class	805583	SpendSquare
34031	Pure Light	SunCleric	Class	300314	SpendCircle
7910	Radiance	SunCleric	Class	800054	SpendSquare
7397	Gleaming Vigil	SunCleric	Class	704585	SpendCircle
34022	Censure	SunCleric	Class	300371	SpendCircle
19511	Fortuitous	SunCleric	Class	561328	SpendCircle
29511	Angelic Light	SunCleric	Class	560094	SpendCircle
29182	Guiding Glow	SunCleric	Class	300324,300329	SpendCircle
11910	Zealous 	SunCleric	Class	560113	SpendCircle
11911	Hegemony	SunCleric	Class	561204	SpendCircle
33994	Exorcism	SunCleric	Class	300341	SpendCircle
29178	Unbreakable Focus	SunCleric	Class	704945	SpendCircle
11025	Final Vows	SunCleric	Class	707528	SpendCircle
34025	Taking Vows	SunCleric	Class	300331	SpendCircle
6322	Light The Way	SunCleric	Class	300336	SpendCircle
30148	Sun Shield	SunCleric	Class	300348	SpendCircle
30154	Nysoni's Blessing	SunCleric	Class	520639	SpendCircle
6565	Valkyrie's Watch	SunCleric	Class	805816	SpendCircle
6878	Warmth	SunCleric	Class	704563	SpendCircle
29181	New Day	SunCleric	Class	800600	SpendSquare
6564	Twilight	SunCleric	Class	704579	SpendCircle
30766	Circle of Valor	SunCleric	Class	520647	SpendSquare
7319	Dawnbreak	SunCleric	Seraphim	800654	SpendSquare
4048	Angelic Presence	SunCleric	Seraphim	92137	SpendCircle
7664	The Chosen	SunCleric	Seraphim	704936	SpendCircle
34011	Shining Shield	SunCleric	Seraphim	704586	SpendCircle
7666	Hammer of Kings	SunCleric	Seraphim	804751	SpendSquare
7646	Blessed Bulwark	SunCleric	Seraphim	680663	SpendCircle
29515	Seraphic Bulwark	SunCleric	Seraphim	560095	SpendSquare
4649	Sun-Touched Armor	SunCleric	Seraphim	561023	SpendCircle
34006	Hope	SunCleric	Seraphim	680637	SpendCircle
34012	Divine Right	SunCleric	Seraphim	680631,681469	SpendCircle
31383	Blessed One	SunCleric	Seraphim	680670	SpendCircle
6772	Protector of the Flame	SunCleric	Seraphim	560492	SpendCircle
34010	Dawnguard	SunCleric	Seraphim	704562	SpendCircle
29323	Solar Eclipse	SunCleric	Seraphim	704929	SpendCircle
9650	Holy Strength	SunCleric	Seraphim	561159	SpendCircle
7632	Grace	SunCleric	Seraphim	680650	SpendCircle
7658	Sun Warrior's Guidance	SunCleric	Seraphim	800039	SpendCircle
30674	The Chosen King	SunCleric	Seraphim	707079	SpendCircle
7649	Solar Nova	SunCleric	Seraphim	680621	SpendSquare
7635	Heat Death	SunCleric	Seraphim	704932	SpendCircle
7659	Paying The Tithe	SunCleric	Seraphim	680647,681468	SpendCircle
11006	Sunflare Aegis	SunCleric	Seraphim	707629	SpendCircle
34015	Blessing of Kings	SunCleric	Seraphim	561327	SpendCircle
7657	Bastion of Hope	SunCleric	Seraphim	704928	SpendCircle
34013	Valiance	SunCleric	Seraphim	680643	SpendCircle
7647	Gleaming Armor	SunCleric	Seraphim	805267	SpendCircle
30958	Glorious Defender	SunCleric	Seraphim	680634	SpendCircle
34014	Luminary Mendicant	SunCleric	Seraphim	547214	SpendCircle
4651	Solar Discernment	SunCleric	Seraphim	807654	SpendCircle
30379	Dawn's Arrival	SunCleric	Seraphim	503690	SpendCircle
7085	Stand Against Darkness	SunCleric	Seraphim	707078	SpendCircle
1374	Calm	SunCleric	Seraphim	804057	SpendSquare
7665	Judgement	SunCleric	Seraphim	680645	SpendCircle
7909	Sun Disc	SunCleric	Seraphim	560547	SpendCircle
30569	Justicar's Wrath	SunCleric	Seraphim	806980	SpendSquare
7653	Together In Conquest	SunCleric	Seraphim	681253	SpendCircle
7655	Sacred Vessel	SunCleric	Seraphim	680648	SpendCircle
11651	Clarity of the Heavens	SunCleric	Seraphim	704935	SpendCircle
7652	Adjudicator	SunCleric	Seraphim	704903	SpendCircle
7656	Scroll of Hope	SunCleric	Seraphim	680646	SpendSquare
7651	Sun Strider	SunCleric	Seraphim	680641	SpendCircle
31194	Dawnsear	SunCleric	Piety	500146	SpendSquare
4046	Sunrise and Sunset	SunCleric	Piety	92135	SpendCircle
30957	Radiant Flame	SunCleric	Piety	806060	SpendSquare
34050	Scorch Marks	SunCleric	Piety	806021	SpendCircle
30311	Solar Conduit	SunCleric	Piety	300321	SpendCircle
2313	Fire from the Heavens	SunCleric	Piety	300369	SpendCircle
30308	Burning Cascade	SunCleric	Piety	560859,561329	SpendCircle
7281	Rapture	SunCleric	Piety	806477	SpendSquare
7280	Photosynthetic	SunCleric	Piety	300363,300621,300626	SpendCircle
30312	Purgation	SunCleric	Piety	806024	SpendCircle
34053	Solar Champion	SunCleric	Piety	504734	SpendCircle
30795	Solar Concord	SunCleric	Piety	301266	SpendSquare
6866	Wrath of God	SunCleric	Piety	301267,301343	SpendCircle
30310	Sun's Hope	SunCleric	Piety	560276	SpendCircle
6816	Struck by the Sun	SunCleric	Piety	300723	SpendCircle
30815	Sun Gate	SunCleric	Piety	802161	SpendSquare
4986	City of Light	SunCleric	Piety	301239	SpendCircle
33986	Radiant Fury	SunCleric	Piety	300325	SpendCircle
9977	Lights of Absolution	SunCleric	Piety	807343	SpendCircle
30307	Flames of Absolution	SunCleric	Piety	804632	SpendCircle
30814	Sunwell	SunCleric	Piety	560123	SpendSquare
30812	Holy Fervor	SunCleric	Piety	300323	SpendCircle
12210	Flames of the Father	SunCleric	Piety	806458	SpendCircle
30137	Grace	SunCleric	Piety	504070	SpendCircle
4816	Pious	SunCleric	Piety	300943	SpendCircle
7343	A Pious Life	SunCleric	Piety	570027,570223	SpendCircle
34051	Harsh Lessons	SunCleric	Piety	804625	SpendCircle
30136	Sunburn	SunCleric	Piety	300365	SpendCircle
6558	The Coming Dawn	SunCleric	Piety	560861	SpendCircle
30813	Herald of Dawn	SunCleric	Piety	804630	SpendCircle
34046	Learning Light	SunCleric	Piety	300360	SpendCircle
34049	Soul of Light	SunCleric	Piety	807964	SpendCircle
30797	Spears of Glory	SunCleric	Piety	804629	SpendCircle
5312	Burn The Heretics	SunCleric	Piety	560857	SpendCircle
34020	Moment of Triumph	SunCleric	Piety	300367	SpendCircle
9896	Day Cycles	SunCleric	Piety	300361	SpendCircle
34052	Burning Heat	SunCleric	Piety	704908	SpendCircle
29505	Sun Down	SunCleric	Piety	572752	SpendSquare
6865	Duality of Light	SunCleric	Piety	806116	SpendCircle
31195	Bless	SunCleric	Blessings	804247	SpendSquare
4047	Sunlight	SunCleric	Blessings	92136	SpendCircle
30210	An'she's Guidance	SunCleric	Blessings	681064,681470	SpendCircle
29506	Angelic	SunCleric	Blessings	704582,707771	SpendCircle
7718	Sanctified	SunCleric	Blessings	300344	SpendCircle
30214	Blessing of Absolution	SunCleric	Blessings	804249	SpendSquare
30817	Faith	SunCleric	Blessings	707077	SpendCircle
4547	Sun Worship	SunCleric	Blessings	704910	SpendCircle
33998	Daybreak	SunCleric	Blessings	500147	SpendSquare
29183	Divine Vision	SunCleric	Blessings	706735,707770	SpendCircle
31376	Hot Spot	SunCleric	Blessings	301256	SpendCircle
34037	Gleaming Light	SunCleric	Blessings	704568	SpendCircle
7714	Blessing of Purity	SunCleric	Blessings	804253	SpendSquare
30213	Savior	SunCleric	Blessings	300343	SpendCircle
30212	Hope	SunCleric	Blessings	300349	SpendCircle
4546	Holy Form	SunCleric	Blessings	805301	SpendSquare
34039	Ancient Rites	SunCleric	Blessings	300351,301345,301817	SpendCircle
12832	Pure Heart	SunCleric	Blessings	582832	SpendCircle
34002	Lightward	SunCleric	Blessings	800233	SpendCircle
6653	Stalwart	SunCleric	Blessings	300355	SpendCircle
14001	Sun Strength	SunCleric	Blessings	707517	SpendCircle
34001	Everglow	SunCleric	Blessings	704565	SpendCircle
29413	Heat Wave	SunCleric	Blessings	534267	SpendCircle
7719	Blessing of Retribution	SunCleric	Blessings	804254	SpendSquare
34038	Mercy	SunCleric	Blessings	504848	SpendSquare
29186	Glaring Rays	SunCleric	Blessings	804257	SpendCircle
4747	Heaven’s Appraisal	SunCleric	Blessings	300353	SpendCircle
30818	Sunbeams	SunCleric	Blessings	807874	SpendCircle
12351	Improved Radiant Cascade	SunCleric	Blessings	807963	SpendCircle
7051	Blazing Chariot	SunCleric	Blessings	300350	SpendCircle
11051	Gateway to Heaven	SunCleric	Blessings	301301	SpendCircle
6285	Blightbreaker	SunCleric	Blessings	707433	SpendCircle
34036	Harmonious Bells	SunCleric	Blessings	704917	SpendCircle
6335	Touch of Light	SunCleric	Blessings	572885	SpendCircle
34042	Solar Invigoration	SunCleric	Blessings	806123	SpendSquare
34043	Lead Me Not Astray	SunCleric	Blessings	300357	SpendCircle
34041	Cultivate Divinity	SunCleric	Blessings	704920	SpendCircle
9747	The Redeemer	SunCleric	Blessings	300339	SpendCircle
34035	Solar Priest	SunCleric	Blessings	300347	SpendCircle
30211	Blessing of Triumph	SunCleric	Blessings	804250	SpendSquare
30840	Empowered Holy Form	SunCleric	Blessings	800602	SpendCircle
31196	Glorious Execution	SunCleric	Valkyrie	800626	SpendSquare
9901	Valkyr's Grip	SunCleric	Valkyrie	707072	SpendCircle
7638	Odyn's Vanguard	SunCleric	Valkyrie	806699	SpendCircle
33997	Sunslam	SunCleric	Valkyrie	805629	SpendSquare
33983	Sunsworn	SunCleric	Valkyrie	802935	SpendCircle
9816	Valorous Champion	SunCleric	Valkyrie	804339	SpendCircle
32502	Radiant Marks	SunCleric	Valkyrie	704947	SpendCircle
6539	Valkyr's Grip	SunCleric	Valkyrie	807507,807873	SpendCircle
9596	Light of the Sun	SunCleric	Valkyrie	704941	SpendCircle
7640	Justice	SunCleric	Valkyrie	520359	SpendSquare
33980	Fervor of the Sun	SunCleric	Valkyrie	680622	SpendCircle
30684	Champion of the Sun	SunCleric	Valkyrie	800612	SpendSquare
31380	Fanaticism	SunCleric	Valkyrie	805628	SpendCircle
30682	Sun's Gift	SunCleric	Valkyrie	680656	SpendCircle
3830	Gift of the Sun	SunCleric	Valkyrie	680618	SpendCircle
11982	It's Always Sunny	SunCleric	Valkyrie	707414	SpendCircle
33982	Atone, Or Else	SunCleric	Valkyrie	680619	SpendCircle
6535	Impartial	SunCleric	Valkyrie	704942,707772	SpendCircle
7370	Radiant Halberd	SunCleric	Valkyrie	681252	SpendCircle
7636	Arbiter of Grace	SunCleric	Valkyrie	301313	SpendCircle
11636	Arbiter of Light	SunCleric	Valkyrie	302914	SpendCircle
6548	Judgement of the Valkyrie	SunCleric	Valkyrie	300315	SpendCircle
11648	Leap of the Valkyrie	SunCleric	Valkyrie	301295	SpendCircle
30690	Herald of Purity	SunCleric	Valkyrie	806058	SpendCircle
6837	Trial of Valor	SunCleric	Valkyrie	805581	SpendCircle
4978	Blessed Hammer	SunCleric	Valkyrie	804032	SpendCircle
31381	Valkyr's Calling	SunCleric	Valkyrie	520024	SpendSquare
6336	March of the Valkyr	SunCleric	Valkyrie	560534	SpendCircle
7637	Sunwalker	SunCleric	Valkyrie	704934	SpendCircle
2317	Vow of the Valkyr	SunCleric	Valkyrie	807749	SpendSquare
31072	Blessed Magic	SunCleric	Valkyrie	560111	SpendCircle
7639	By The Light	SunCleric	Valkyrie	680620	SpendCircle
12639	Last Call	SunCleric	Valkyrie	681448	SpendCircle
34005	Vindicator	SunCleric	Valkyrie	704938,707773	SpendCircle
11380	Radiant Power	SunCleric	Valkyrie	707613	SpendCircle
33981	Pendant of the Sun	SunCleric	Valkyrie	680630	SpendSquare
7641	Sunstorm	SunCleric	Valkyrie	760379	SpendSquare
30681	Solar Empowerment	SunCleric	Valkyrie	707081	SpendCircle
4647	Holy Giant	SunCleric	Valkyrie	681337	SpendCircle
7642	Light's Blessing	SunCleric	Valkyrie	300318	SpendCircle
29509	Knight of Dawn	SunCleric	Valkyrie	805647	SpendCircle
7644	Divine Retribution	SunCleric	Valkyrie	680624	SpendSquare
12166	Warbringer	KnightOfXoroth	War	570727	SpendSquare
4016	Crusher	KnightOfXoroth	War	92100	SpendCircle
31166	Gore	KnightOfXoroth	War	805555	SpendSquare
34127	Mutilation	KnightOfXoroth	War	805695,807900,807913	SpendCircle
6936	Gored	KnightOfXoroth	War	705015	SpendCircle
7881	Consuming Blade	KnightOfXoroth	War	707388,707839	SpendCircle
11261	Ripper	KnightOfXoroth	War	706331	SpendCircle
7408	Fiend	KnightOfXoroth	War	705005	SpendCircle
30694	Hellfire Striker	KnightOfXoroth	War	573036	SpendCircle
29621	Pestilence of Death	KnightOfXoroth	War	801054	SpendSquare
7889	Burning Blade	KnightOfXoroth	War	524920	SpendSquare
30463	Legion Strength	KnightOfXoroth	War	572370	SpendCircle
6518	Bringer of Destruction	KnightOfXoroth	War	681449	SpendCircle
7888	Absolutism	KnightOfXoroth	War	706501	SpendCircle
34059	Boundless Fury	KnightOfXoroth	War	704954	SpendCircle
30705	Carver	KnightOfXoroth	War	707390	SpendCircle
31259	Murderous Might	KnightOfXoroth	War	520290	SpendCircle
7810	Decimation	KnightOfXoroth	War	524913	SpendSquare
7883	Screamin' Demon	KnightOfXoroth	War	804947	SpendCircle
12817	Burning Swings	KnightOfXoroth	War	707632	SpendCircle
34125	Hellsmelted	KnightOfXoroth	War	705016	SpendCircle
34119	Hand of Doom	KnightOfXoroth	War	704186	SpendCircle
7929	Conqueror's Will	KnightOfXoroth	War	520372	SpendCircle
11890	Hellborn	KnightOfXoroth	War	707631,707840	SpendCircle
11212	Chop Shop	KnightOfXoroth	War	704953	SpendCircle
9262	Render	KnightOfXoroth	War	704951	SpendCircle
34056	Domination	KnightOfXoroth	War	704979	SpendCircle
34104	Hook, Line, and Sinker	KnightOfXoroth	War	680991	SpendCircle
29280	Demonic Frenzy	KnightOfXoroth	War	705008	SpendCircle
6360	Jagged Edge	KnightOfXoroth	War	707614	SpendCircle
6906	Knight of Pestilence	KnightOfXoroth	War	704981	SpendCircle
7892	The Butcher	KnightOfXoroth	War	704952	SpendCircle
7891	Brimstone Bludgeon	KnightOfXoroth	War	800710	SpendSquare
34061	Blood Frenzy	KnightOfXoroth	War	520008	SpendCircle
34058	Pestilence Unbound	KnightOfXoroth	War	560633	SpendCircle
4217	Knight of the Apocalypse	KnightOfXoroth	War	520296	SpendCircle
29519	Demonic Blade	KnightOfXoroth	War	704957	SpendCircle
29376	Gorged	KnightOfXoroth	War	680199	SpendCircle
34120	Hellknight	KnightOfXoroth	War	800702	SpendCircle
31167	Hellmaw	KnightOfXoroth	Hellfire	806965	SpendSquare
4017	Greater Imp	KnightOfXoroth	Hellfire	92101	SpendSquare
6519	Combusting Blade	KnightOfXoroth	Hellfire	704999,707837	SpendCircle
30691	Invasion	KnightOfXoroth	Hellfire	300374,301357	SpendCircle
30697	Pestilence of Apocalypse	KnightOfXoroth	Hellfire	804786	SpendSquare
30709	Seeking Flame	KnightOfXoroth	Hellfire	805671	SpendSquare
11256	Burning Power	KnightOfXoroth	Hellfire	500004	SpendCircle
34110	To Ashes	KnightOfXoroth	Hellfire	705000	SpendCircle
34107	Hellfire Embers	KnightOfXoroth	Hellfire	807669	SpendCircle
34068	Flamewrath	KnightOfXoroth	Hellfire	301358	SpendCircle
34067	Claws of Hell	KnightOfXoroth	Hellfire	805706	SpendCircle
34111	Calamity	KnightOfXoroth	Hellfire	300393	SpendCircle
34066	Hellfire Form	KnightOfXoroth	Hellfire	805696	SpendSquare
34108	Doom	KnightOfXoroth	Hellfire	802602	SpendSquare
29619	Seething Strikes	KnightOfXoroth	Hellfire	300375	SpendCircle
30706	Cinderblade	KnightOfXoroth	Hellfire	704959	SpendCircle
7361	Rain of Chaos	KnightOfXoroth	Hellfire	704452	SpendCircle
34063	Grotesque	KnightOfXoroth	Hellfire	707515	SpendCircle
9257	Hellfire Rituals	KnightOfXoroth	Hellfire	500551	SpendCircle
6929	Infernal Steel	KnightOfXoroth	Hellfire	805693	SpendCircle
30393	Indiscriminate	KnightOfXoroth	Hellfire	704958	SpendCircle
34105	Inferno Blast	KnightOfXoroth	Hellfire	805697,807899	SpendCircle
34109	Infernal Pummeling	KnightOfXoroth	Hellfire	680900	SpendCircle
30714	Xorothian Empowerment	KnightOfXoroth	Hellfire	704994	SpendCircle
34098	Hellbringer	KnightOfXoroth	Hellfire	300963	SpendCircle
6859	Infernal Pursuit	KnightOfXoroth	Hellfire	704992,707745	SpendCircle
4706	Impish Pestilence	KnightOfXoroth	Hellfire	300398	SpendCircle
12607	Partners in Flames	KnightOfXoroth	Hellfire	500578	SpendCircle
30704	Unbound Inferno	KnightOfXoroth	Hellfire	704997	SpendCircle
12179	Brimstone Flames	KnightOfXoroth	Hellfire	807671	SpendCircle
30179	Brimstone Splinters	KnightOfXoroth	Hellfire	805703	SpendCircle
34099	Shadowflame Forge	KnightOfXoroth	Hellfire	704989,707838	SpendCircle
30707	Into the Maw	KnightOfXoroth	Hellfire	802619	SpendCircle
30713	Punisher	KnightOfXoroth	Hellfire	704988	SpendCircle
11106	Evil Duo	KnightOfXoroth	Hellfire	704961	SpendCircle
34100	Hellstorm	KnightOfXoroth	Hellfire	802342	SpendSquare
30710	Ascended Warlock	KnightOfXoroth	Hellfire	802610	SpendCircle
1710	Fury of Xoroth	KnightOfXoroth	Hellfire	802615	SpendCircle
30229	Shieldgore	KnightOfXoroth	Defiance	301302	SpendSquare
4018	Brimstone Buckler	KnightOfXoroth	Defiance	92104	SpendCircle
30236	Call: Hellfire Imp	KnightOfXoroth	Defiance	804883	SpendSquare
30235	A Gift from Hell	KnightOfXoroth	Defiance	300390	SpendCircle
6679	Imp Gang Boss	KnightOfXoroth	Defiance	706754	SpendCircle
34085	Impcaller	KnightOfXoroth	Defiance	706755	SpendCircle
6620	Hellsmelted Armor	KnightOfXoroth	Defiance	706569,707836	SpendCircle
9878	Imp Guards	KnightOfXoroth	Defiance	804340	SpendCircle
30237	Bulwark of Xoroth	KnightOfXoroth	Defiance	300388	SpendCircle
29329	Warden of Hellfire	KnightOfXoroth	Defiance	704986	SpendCircle
6928	Hellfire Forgemaster	KnightOfXoroth	Defiance	560655	SpendCircle
6392	Sacrificial Circle	KnightOfXoroth	Defiance	805677	SpendSquare
9485	Demonfire Retaliation	KnightOfXoroth	Defiance	573034	SpendCircle
6619	Hellish Rebuke	KnightOfXoroth	Defiance	300391	SpendCircle
34132	Implosion	KnightOfXoroth	Defiance	524897	SpendSquare
34077	Hellfire Reprimand	KnightOfXoroth	Defiance	706565	SpendCircle
5392	Soul Furnace	KnightOfXoroth	Defiance	706758	SpendCircle
9260	Hellfire Resolve	KnightOfXoroth	Defiance	573035	SpendCircle
6391	Demon's Breath	KnightOfXoroth	Defiance	706563	SpendCircle
6860	Demonfire Command	KnightOfXoroth	Defiance	707028	SpendCircle
6681	Infernal Bulwark	KnightOfXoroth	Defiance	706564	SpendCircle
34079	Stoke the Flames	KnightOfXoroth	Defiance	704973	SpendCircle
31086	Speed Demon	KnightOfXoroth	Defiance	707232	SpendCircle
34086	Brimstone Knight	KnightOfXoroth	Defiance	704972	SpendCircle
30699	Chains of Xoroth	KnightOfXoroth	Defiance	706756	SpendSquare
34087	Pestilent Retaliation	KnightOfXoroth	Defiance	704971	SpendCircle
29625	Forgefiend's Bulwark	KnightOfXoroth	Defiance	801065	SpendCircle
9258	Demon King	KnightOfXoroth	Defiance	560546	SpendCircle
29624	Brimstone Striker	KnightOfXoroth	Defiance	807144	SpendCircle
34097	Hellfire Sieger	KnightOfXoroth	Defiance	560828	SpendCircle
31079	Demolisher	KnightOfXoroth	Defiance	807336	SpendCircle
7887	Hellfire Bellows	KnightOfXoroth	Defiance	807587	SpendSquare
30124	Black Skull Shield	KnightOfXoroth	Defiance	804354	SpendCircle
30700	Demonic Grit	KnightOfXoroth	Defiance	805678,807898	SpendCircle
34076	Fiend of Forges	KnightOfXoroth	Defiance	300386	SpendCircle
30125	Hellwrath	KnightOfXoroth	Defiance	804014	SpendCircle
30177	Curse of Xoroth	KnightOfXoroth	Defiance	804169	SpendSquare
29615	Fiery Retribution	KnightOfXoroth	Defiance	804013	SpendCircle
12765	Demonic Bulwark	KnightOfXoroth	Defiance	573066	SpendCircle
30498	Call: Hellfire Abyssal	KnightOfXoroth	Defiance	805074	SpendSquare
7367	A Curse from Hell	KnightOfXoroth	Defiance	302548	SpendCircle
30428	Legion's Presence	KnightOfXoroth	Defiance	804879	SpendSquare
30176	Chainwhip	KnightOfXoroth	Class	800081	SpendSquare
7099	Suffuse	KnightOfXoroth	Class	801063	SpendSquare
30668	Chains of Malice	KnightOfXoroth	Class	803185	SpendSquare
29437	Xorothian Strength	KnightOfXoroth	Class	300382,570100	SpendCircle
7360	Demonfire Plating	KnightOfXoroth	Class	704966,302549	SpendCircle
29610	War Pig	KnightOfXoroth	Class	705020	SpendCircle
34094	Spiked Chains	KnightOfXoroth	Class	704987	SpendCircle
34064	Boiling Blood	KnightOfXoroth	Class	300395	SpendCircle
34075	Suffusion of Essence	KnightOfXoroth	Class	706566	SpendCircle
7364	Bloodied Blade	KnightOfXoroth	Class	800997	SpendCircle
30701	Black Shield	KnightOfXoroth	Class	805679	SpendSquare
34114	Omen of Rage	KnightOfXoroth	Class	706590	SpendCircle
31701	Demon Heart	KnightOfXoroth	Class	805669	SpendSquare
30178	Brimstone's Blood	KnightOfXoroth	Class	300387	SpendCircle
34074	Ragefist	KnightOfXoroth	Class	300384,301356	SpendCircle
7365	Hell Blender	KnightOfXoroth	Class	704975	SpendCircle
34117	Darkrider	KnightOfXoroth	Class	704980	SpendCircle
7359	Demonic Rage	KnightOfXoroth	Class	524922	SpendCircle
30016	Juggernaut	KnightOfXoroth	Class	520294	SpendSquare
6393	Hellstriker	KnightOfXoroth	Class	704991	SpendCircle
34112	Burning Rage	KnightOfXoroth	Class	520295	SpendSquare
34060	Demonskin	KnightOfXoroth	Class	302581	SpendCircle
5453	Hellbound Charge	KnightOfXoroth	Class	807247	SpendSquare
34071	Dismemberment	KnightOfXoroth	Class	705018	SpendCircle
7366	Warpath	KnightOfXoroth	Class	805793	SpendCircle
34096	Hellbreaker	KnightOfXoroth	Class	680216	SpendCircle
7885	Xorothian Finesse	KnightOfXoroth	Class	300385	SpendCircle
12620	Mounted Reaver	KnightOfXoroth	Class	707835	SpendCircle
29620	Mounted Champion	KnightOfXoroth	Class	706295	SpendCircle
7363	Taskmaster	KnightOfXoroth	Class	500003	SpendCircle
34069	Rage of Xoroth	KnightOfXoroth	Class	300376	SpendCircle
34090	Heart of Xoroth	KnightOfXoroth	Class	704956	SpendCircle
29623	Brute Strength	KnightOfXoroth	Class	680723	SpendCircle
34091	Harbinger of Pestilence	KnightOfXoroth	Class	704182	SpendCircle
30013	Dread	KnightOfXoroth	Class	706502	SpendCircle
30695	Xorothian Sigil	KnightOfXoroth	Class	801061	SpendSquare
6394	Chain Warden	KnightOfXoroth	Class	704185	SpendCircle
31190	Darkwither	Cultist	Corruption	800446	SpendSquare
4041	Corrupting Whispers	Cultist	Corruption	92130	SpendCircle
6559	Absolute Horror	Cultist	Corruption	300309	SpendCircle
6327	Feeding Darkness	Cultist	Corruption	300302,301347	SpendCircle
6557	Moment of Clarity	Cultist	Corruption	706179,707783	SpendCircle
7052	Call of N'Zoth	Cultist	Corruption	300306	SpendCircle
13052	Call of C'Thun	Cultist	Corruption	301317	SpendCircle
33937	Servant of C'Thun	Cultist	Corruption	300296	SpendCircle
5254	Dark Magician	Cultist	Corruption	563123	SpendCircle
29471	Eldritch Devastation	Cultist	Corruption	802727	SpendSquare
7056	Obliteration Beam	Cultist	Corruption	805572	SpendSquare
29270	Unrelenting Void	Cultist	Corruption	704527	SpendCircle
33939	Mind Rot	Cultist	Corruption	300300	SpendCircle
6312	Cunning Nature	Cultist	Corruption	706915,707784	SpendCircle
30671	Dark Revelation	Cultist	Corruption	706245	SpendCircle
2312	Whispers of C'Thun	Cultist	Corruption	807512	SpendCircle
7057	Corruptor's Gaze	Cultist	Corruption	802048	SpendCircle
9935	Dread	Cultist	Corruption	301315	SpendCircle
7071	Visions	Cultist	Corruption	560526	SpendCircle
33938	Worrysome Idol	Cultist	Corruption	706917	SpendCircle
11935	Horrific Visions	Cultist	Corruption	707753	SpendCircle
7072	Foul Play	Cultist	Corruption	706921	SpendCircle
33942	Terror	Cultist	Corruption	300304	SpendCircle
1375	Psychic Suppression	Cultist	Corruption	800432	SpendSquare
33945	Inner Turmoil	Cultist	Corruption	706722	SpendCircle
7058	Glimpse of Madness	Cultist	Corruption	500719,500767	SpendCircle
4392	Dark Revelation	Cultist	Corruption	300313	SpendCircle
29477	Yawning Decay	Cultist	Corruption	706909	SpendCircle
29478	Embrace the Void	Cultist	Corruption	300307	SpendCircle
13957	Dark Channeler	Cultist	Corruption	301008	SpendCircle
33957	Misery	Cultist	Corruption	300298	SpendCircle
31356	Occultism	Cultist	Corruption	300305	SpendCircle
33936	Depths of Madness	Cultist	Corruption	706911	SpendCircle
33959	Abyssal Destruction	Cultist	Corruption	300308	SpendCircle
33953	Horrorbolt Volley	Cultist	Corruption	704892	SpendCircle
29476	Apocalyptic Skies	Cultist	Corruption	301200	SpendCircle
4393	Blessing of C'Thun	Cultist	Corruption	301255	SpendCircle
7938	Twilight Horror	Cultist	Corruption	560977	SpendCircle
5176	Ancient Curse	Cultist	Corruption	500712	SpendSquare
29266	Sunderer of Realities	Cultist	Corruption	301068	SpendCircle
31191	Malevolence	Cultist	Heretic	500714	SpendSquare
4042	Herald of the Depths	Cultist	Heretic	92131	SpendCircle
33935	Blade of Yogg-Saron	Cultist	Heretic	524887,525078	SpendCircle
30522	Shadow Pennant	Cultist	Heretic	706926,525307	SpendCircle
31324	Malevolent Power	Cultist	Heretic	301183	SpendCircle
7894	Abyssal Covenant	Cultist	Heretic	500751	SpendSquare
6666	Twisted Sanity	Cultist	Heretic	706187	SpendCircle
9295	Shadow Training	Cultist	Heretic	805607	SpendCircle
29267	Eldritch Eye	Cultist	Heretic	802049	SpendSquare
7900	Dark Protection	Cultist	Heretic	704897	SpendCircle
33887	Lead the Covenant	Cultist	Heretic	704884	SpendCircle
33966	Forbidden Ritual	Cultist	Heretic	800105	SpendSquare
33931	Saronite Mind	Cultist	Heretic	806266,807879	SpendCircle
7083	As The Prophecy Foretold	Cultist	Heretic	504642	SpendCircle
33930	Prophetic Compulsion	Cultist	Heretic	300264	SpendCircle
9296	Void-Touched	Cultist	Heretic	300286	SpendCircle
33925	Protection From Light	Cultist	Heretic	704434	SpendCircle
33975	Dark Rites	Cultist	Heretic	300290	SpendCircle
12975	Dark Matter	Cultist	Heretic	806382	SpendCircle
4536	Persistent Prayers	Cultist	Heretic	302072,302919	SpendCircle
6948	Yogg-Saron's Embrace	Cultist	Heretic	301984	SpendCircle
30936	Forbidden Strength	Cultist	Heretic	301258	SpendCircle
33934	Forbidden Resilience	Cultist	Heretic	300287	SpendCircle
4934	Blade of the Depths	Cultist	Heretic	300753	SpendCircle
30036	Darkward	Cultist	Heretic	706181	SpendCircle
29344	Dark Veil	Cultist	Heretic	520345	SpendSquare
6982	Saronite Cube	Cultist	Heretic	807307	SpendCircle
12982	Devour Curse	Cultist	Heretic	800402	SpendSquare
4196	Void Power	Cultist	Heretic	574147	SpendCircle
30935	Ancient Rituals	Cultist	Heretic	807877	SpendCircle
6310	Dark Reservoir	Cultist	Heretic	300284	SpendCircle
4868	Corrupt Fate	Cultist	Heretic	520810	SpendCircle
33928	Tales of Woe	Cultist	Heretic	520682	SpendCircle
12453	Visions of the Empire	Cultist	Heretic	806384	SpendCircle
29453	Dark Chants	Cultist	Heretic	712471	SpendCircle
7278	Saronite Blessing	Cultist	Heretic	301262	SpendCircle
33926	Hand of Yogg-Saron	Cultist	Heretic	704476	SpendSquare
29915	Void Barrier	Cultist	Heretic	300291	SpendCircle
4496	Power of Yogg-Saron	Cultist	Heretic	806264	SpendCircle
30523	Blessing of Yogg-Saron	Cultist	Heretic	807128	SpendCircle
33886	Horrific Revelations	Cultist	Heretic	524877	SpendCircle
7901	Dark Prophet	Cultist	Heretic	301209	SpendCircle
29265	Void Shield	Cultist	Class	500715	SpendSquare
29470	Corrupt Mind	Cultist	Class	560109	SpendSquare
7608	Abyssal Ward	Cultist	Class	804670	SpendSquare
6283	Empire's Blessing	Cultist	Class	704895	SpendCircle
11892	Eldritch Screams	Cultist	Class	525049	SpendCircle
33892	Stare Into The Abyss	Cultist	Class	525019	SpendCircle
29263	Empire Commander	Cultist	Class	704887,707781,712470	SpendCircle
29268	Shadow Words	Cultist	Class	706928	SpendCircle
6272	Mass Nightmare	Cultist	Class	805114	SpendSquare
6280	Grasp of Zek'voz	Cultist	Class	573028	SpendSquare
29455	Shroud of Pride	Cultist	Class	805126	SpendCircle
6959	Gift of C'Thun	Cultist	Class	706189	SpendCircle
11880	Rapid Incantations	Cultist	Class	301181	SpendCircle
29880	Mind Leak	Cultist	Class	300270	SpendCircle
30323	Wicked Thoughts	Cultist	Class	706190	SpendCircle
6382	Hallucination	Cultist	Class	560301	SpendSquare
9953	Overwhelming Void	Cultist	Class	707429	SpendCircle
6278	Dismay	Cultist	Class	704885	SpendCircle
12444	Disdain	Cultist	Class	707747	SpendCircle
6277	Embrace the Void	Cultist	Class	582591	SpendSquare
33969	Embodied Presences	Cultist	Class	803283	SpendCircle
5172	Entropic Singularity	Cultist	Class	800430	SpendSquare
7084	Dark Calling	Cultist	Class	560715	SpendCircle
7899	Mind Games	Cultist	Class	582589	SpendCircle
6281	Devourer	Cultist	Class	300265	SpendCircle
12012	Devourer	Cultist	Class	301010	SpendCircle
33952	Void Hunger	Cultist	Class	524879	SpendCircle
6276	Eternal Grasp	Cultist	Class	704878,704879	SpendCircle
33967	Improved Sermon of Dread	Cultist	Class	706177	SpendCircle
6274	Dark Infusion	Cultist	Class	500721	SpendSquare
31123	Doomsayer	Cultist	Class	704880	SpendCircle
7465	Eyes of Eternity	Cultist	Class	706188	SpendCircle
33968	Eldritch Command	Cultist	Class	302015	SpendCircle
6279	Void-Enchanted Armor	Cultist	Class	804633	SpendCircle
29479	Ungodly Blessing	Cultist	Class	301241	SpendCircle
30205	Crystalline Reflection	Cultist	Class	525060	SpendCircle
33951	Black Prayer	Cultist	Class	805110	SpendCircle
7940	Twisted Seal	Cultist	Class	525065	SpendSquare
29920	Split Mind	Cultist	Class	572064	SpendCircle
29275	Vision of Doom	Cultist	Class	520388	SpendSquare
33965	Lost in the Void	Cultist	Class	704881	SpendCircle
31189	Rift	Cultist	Godblade	806250	SpendSquare
4040	Obliteration	Cultist	Godblade	92129	SpendCircle
33894	Hand of N'Zoth	Cultist	Godblade	704869	SpendCircle
4810	Voidforged Edge	Cultist	Godblade	704871,707749,707785	SpendCircle
6543	Abyssal Edge	Cultist	Godblade	582836,582856	SpendCircle
11297	Shadow of the Void	Cultist	Godblade	574318	SpendCircle
33976	Shadow Strikes	Cultist	Godblade	707640	SpendCircle
30881	Netherstrike	Cultist	Godblade	806222	SpendSquare
12562	Warrior of the Old Gods	Cultist	Godblade	802047	SpendCircle
4845	Residual Energy	Cultist	Godblade	681389	SpendCircle
6542	Hysterical Momentum	Cultist	Godblade	300275	SpendCircle
7554	Voidseeker	Cultist	Godblade	560320	SpendCircle
10983	Touch of the Void	Cultist	Godblade	680508	SpendCircle
30845	Encroaching Presence	Cultist	Godblade	300280	SpendCircle
7563	Twilight's Call	Cultist	Godblade	301180	SpendCircle
7556	Teachings of Mythrax	Cultist	Godblade	561035	SpendCircle
7555	Empire's Grasp	Cultist	Godblade	500704	SpendSquare
33889	God Blade	Cultist	Godblade	680377	SpendCircle
30512	Abyssal Cleave	Cultist	Godblade	707604,707748	SpendCircle
30511	Tentacle of N'Zoth	Cultist	Godblade	572103	SpendSquare
7609	Seething Void	Cultist	Godblade	524804	SpendCircle
29272	End Times	Cultist	Godblade	805115	SpendSquare
30515	Oblivion's Embrace	Cultist	Godblade	680500	SpendCircle
9298	Void Strength	Cultist	Godblade	805121	SpendCircle
7559	Eye of N'zoth	Cultist	Godblade	802728	SpendCircle
7557	Who Needs Sanity?	Cultist	Godblade	681106	SpendCircle
33949	Netherborne	Cultist	Godblade	801539	SpendCircle
30526	Instilling Fear	Cultist	Godblade	527268	SpendCircle
13897	Glory to N'Zoth	Cultist	Godblade	681326	SpendCircle
33947	Void Rage	Cultist	Godblade	681102	SpendCircle
6664	Eldritch Obelisk	Cultist	Godblade	560321	SpendSquare
7564	Nutcase	Cultist	Godblade	805117	SpendCircle
7558	Voidborne	Cultist	Godblade	681104	SpendSquare
11298	Blessing of N'Zoth	Cultist	Godblade	681107	SpendCircle
7941	Twilight Domination	Cultist	Godblade	520405	SpendCircle
7565	Book of N'Zoth	Cultist	Godblade	806768	SpendCircle
30516	Shadow Fiend	Cultist	Godblade	680487	SpendCircle
7404	Twilight Shieldtoss	Cultist	Dreadnought	524876	SpendSquare
7512	Dreadnought	Cultist	Dreadnought	680750	SpendCircle
7612	Adaptive Combatant	Cultist	Dreadnought	300268,301348	SpendCircle
7617	Malignant Armor	Cultist	Dreadnought	680569	SpendCircle
6771	Boon of Y'shaarj	Cultist	Dreadnought	560080,561335	SpendCircle
7620	Bulwark of Horror	Cultist	Dreadnought	300278	SpendCircle
9299	Strength of the Sha	Cultist	Dreadnought	804286	SpendCircle
7614	Bulwark of Y'shaarj	Cultist	Dreadnought	680558	SpendCircle
9759	Y'Shaarj's Enforcer	Cultist	Dreadnought	803236	SpendCircle
33888	Bouncing Thoughts	Cultist	Dreadnought	680607	SpendCircle
29882	Tentacle of Y'shaarj	Cultist	Dreadnought	802044	SpendSquare
33893	Entropic Retaliation	Cultist	Dreadnought	802043	SpendCircle
6275	Inner Darkness	Cultist	Dreadnought	706182	SpendCircle
29918	Twilight Incarnate	Cultist	Dreadnought	681087	SpendCircle
7611	Everpresent	Cultist	Dreadnought	300272	SpendCircle
29273	Eldritch Strength	Cultist	Dreadnought	680600	SpendCircle
9301	Deep Secrets	Cultist	Dreadnought	582307	SpendCircle
12219	Dreadfall	Cultist	Dreadnought	806175	SpendSquare
7615	Wavering Hope	Cultist	Dreadnought	560502	SpendCircle
7606	Eldritch Bastion	Cultist	Dreadnought	560091,561336	SpendCircle
30520	Crushing Dissonance	Cultist	Dreadnought	804056	SpendSquare
7618	Void-Enhanced Shield	Cultist	Dreadnought	680555	SpendCircle
9302	Void Reaver	Cultist	Dreadnought	800463	SpendCircle
7610	Voidwarding	Cultist	Dreadnought	560002	SpendCircle
7619	In And Out of Insanity	Cultist	Dreadnought	582308	SpendCircle
33896	Bulwark of Shadow	Cultist	Dreadnought	301182	SpendCircle
33890	Strength of the Black Empire	Cultist	Dreadnought	680557	SpendCircle
7624	Shadowy Symbiosis	Cultist	Dreadnought	680574	SpendCircle
6545	Void Strikes	Cultist	Dreadnought	680609	SpendCircle
7616	General of Y'shaarj	Cultist	Dreadnought	680581	SpendCircle
29916	Eldritch Entities	Cultist	Dreadnought	681425	SpendCircle
7622	Dreadful	Cultist	Dreadnought	680579	SpendCircle
7627	Twilight Guardian	Cultist	Dreadnought	704889	SpendCircle
29654	Void Tolerance	Cultist	Dreadnought	680570	SpendCircle
7621	Blessing of Y'Shaarj	Cultist	Dreadnought	801968	SpendCircle
7629	Eldritch Force	Cultist	Dreadnought	681474	SpendCircle
7625	Void Augmentation	Cultist	Dreadnought	680575	SpendCircle
7626	Embodiment of Y'shaarj	Cultist	Dreadnought	681088	SpendCircle
